from_framework,from_code,to_framework,to_code,relation,from_grade,to_grade,match_key,confidence_note,from_text,to_text,from_source_url,to_source_url
CA-CCSS-ELA-2013,L.K.1,CA-CCSS-ELA-2013,L.1.1,,0,1,L | 1 | ,Identifier match only: same strand/domain and number in adjacent grades. Prerequisite relationship is unverified; review both standards before assigning a relation.,"Demonstrate command of the conventions of standard English grammar and usage when writing or speaking. a. Print many upper- and lowercase letters. b. Use frequently occurring nouns and verbs. c. Form regular plural nouns orally by adding /s/ or /es/ (e.g., dog, dogs; wish, wishes). d. Understand and use question words (interrogatives) (e.g., who, what, where, when, why, how). e. Use the most frequently occurring prepositions (e.g., to, from, in, out, on, off, for, of, by, with). f. Produce and expand complete sentences in shared language activities.","Demonstrate command of the conventions of standard English grammar and usage when writing or speaking. a. Print all upper- and lowercase letters. b. Use common, proper, and possessive nouns. c. Use singular and plural nouns with matching verbs in basic sentences (e.g., He hops; We hop). d. Use personal (subject, object), possessive, and indefinite pronouns (e.g., I, me, my; they, them, their; anyone, everything). CA e. Use verbs to convey a sense of past, present, and future (e.g., Yesterday I walked home; Today I walk home; Tomorrow I will walk home). f. Use frequently occurring adjectives. g. Use frequently occurring conjunctions (e.g., and, but, or, so, because). h. Use determiners (e.g., articles, demonstratives). i. Use frequently occurring prepositions (e.g., during, beyond, toward). j. Produce and expand complete simple and compound declarative, interrogative, imperative, and exclamatory sentences in response to prompts.",https://www2.cde.ca.gov/cacs/id/web/5551,https://www2.cde.ca.gov/cacs/ela
CA-CCSS-ELA-2013,L.1.1,CA-CCSS-ELA-2013,L.2.1,,1,2,L | 1 | ,Identifier match only: same strand/domain and number in adjacent grades. Prerequisite relationship is unverified; review both standards before assigning a relation.,"Demonstrate command of the conventions of standard English grammar and usage when writing or speaking. a. Print all upper- and lowercase letters. b. Use common, proper, and possessive nouns. c. Use singular and plural nouns with matching verbs in basic sentences (e.g., He hops; We hop). d. Use personal (subject, object), possessive, and indefinite pronouns (e.g., I, me, my; they, them, their; anyone, everything). CA e. Use verbs to convey a sense of past, present, and future (e.g., Yesterday I walked home; Today I walk home; Tomorrow I will walk home). f. Use frequently occurring adjectives. g. Use frequently occurring conjunctions (e.g., and, but, or, so, because). h. Use determiners (e.g., articles, demonstratives). i. Use frequently occurring prepositions (e.g., during, beyond, toward). j. Produce and expand complete simple and compound declarative, interrogative, imperative, and exclamatory sentences in response to prompts.","Demonstrate command of the conventions of standard English grammar and usage when writing or speaking. a. Use collective nouns (e.g., group). b. Form and use frequently occurring irregular plural nouns (e.g., feet, children, teeth, mice, fish). c. Use reflexive pronouns (e.g., myself, ourselves). d. Form and use the past tense of frequently occurring irregular verbs (e.g., sat, hid, told). e. Use adjectives and adverbs, and choose between them depending on what is to be modified. f. Produce, expand, and rearrange complete simple and compound sentences (e.g., The boy watched the movie; The little boy watched the movie; The action movie was watched by the little boy). g. Create readable documents with legible print. CA",https://www2.cde.ca.gov/cacs/ela,https://www2.cde.ca.gov/cacs/ela
CA-CCSS-ELA-2013,L.2.1,CA-CCSS-ELA-2013,L.3.1,,2,3,L | 1 | ,Identifier match only: same strand/domain and number in adjacent grades. Prerequisite relationship is unverified; review both standards before assigning a relation.,"Demonstrate command of the conventions of standard English grammar and usage when writing or speaking. a. Use collective nouns (e.g., group). b. Form and use frequently occurring irregular plural nouns (e.g., feet, children, teeth, mice, fish). c. Use reflexive pronouns (e.g., myself, ourselves). d. Form and use the past tense of frequently occurring irregular verbs (e.g., sat, hid, told). e. Use adjectives and adverbs, and choose between them depending on what is to be modified. f. Produce, expand, and rearrange complete simple and compound sentences (e.g., The boy watched the movie; The little boy watched the movie; The action movie was watched by the little boy). g. Create readable documents with legible print. CA","Demonstrate command of the conventions of standard English grammar and usage when writing or speaking. a. Explain the function of nouns, pronouns, verbs, adjectives, and adverbs in general and their functions in particular sentences. b. Form and use regular and irregular plural nouns. c. Use abstract nouns (e.g., childhood). d. Form and use regular and irregular verbs. e. Form and use the simple (e.g., I walked; I walk; I will walk) verb tenses. f. Ensure subject-verb and pronoun-antecedent agreement.* g. Form and use comparative and superlative adjectives and adverbs, and choose between them depending on what is to be modified. h. Use coordinating and subordinating conjunctions. i. Produce simple, compound, and complex sentences. j. Write legibly in cursive or joined italics, allowing margins and correct spacing between letters in a word and words in a sentence. CA k. Use reciprocal pronouns correctly. CA Footnote: Beginning in grade 3, skills and understandings that are particularly likely to require continued attention in higher grades as they are applied to increasingly sophisticated writing and speaking are marked with an asterisk (*).",https://www2.cde.ca.gov/cacs/ela,https://www2.cde.ca.gov/cacs/ela
CA-CCSS-ELA-2013,L.3.1,CA-CCSS-ELA-2013,L.4.1,,3,4,L | 1 | ,Identifier match only: same strand/domain and number in adjacent grades. Prerequisite relationship is unverified; review both standards before assigning a relation.,"Demonstrate command of the conventions of standard English grammar and usage when writing or speaking. a. Explain the function of nouns, pronouns, verbs, adjectives, and adverbs in general and their functions in particular sentences. b. Form and use regular and irregular plural nouns. c. Use abstract nouns (e.g., childhood). d. Form and use regular and irregular verbs. e. Form and use the simple (e.g., I walked; I walk; I will walk) verb tenses. f. Ensure subject-verb and pronoun-antecedent agreement.* g. Form and use comparative and superlative adjectives and adverbs, and choose between them depending on what is to be modified. h. Use coordinating and subordinating conjunctions. i. Produce simple, compound, and complex sentences. j. Write legibly in cursive or joined italics, allowing margins and correct spacing between letters in a word and words in a sentence. CA k. Use reciprocal pronouns correctly. CA Footnote: Beginning in grade 3, skills and understandings that are particularly likely to require continued attention in higher grades as they are applied to increasingly sophisticated writing and speaking are marked with an asterisk (*).","Demonstrate command of the conventions of standard English grammar and usage when writing or speaking. a. Use interrogative, relative pronouns (who, whose, whom, which, that) and relative adverbs (where, when, why). CA b. Form and use the progressive (e.g., I was walking; I am walking; I will be walking) verb tenses. c. Use modal auxiliaries (e.g., can, may, must) to convey various conditions. d. Order adjectives within sentences according to conventional patterns (e.g., a small red bag rather than a red small bag). e. Form and use prepositional phrases. f. Produce complete sentences, recognizing and correcting inappropriate fragments and run-ons.* g. Correctly use frequently confused words (e.g., to, too, two; there, their).* h. Write fluidly and legibly in cursive or joined italics. CA Footnote: Beginning in grade 3, skills and understandings that are particularly likely to require continued attention in higher grades as they are applied to increasingly sophisticated writing and speaking are marked with an asterisk (*).",https://www2.cde.ca.gov/cacs/ela,https://www2.cde.ca.gov/cacs/ela
CA-CCSS-ELA-2013,L.4.1,CA-CCSS-ELA-2013,L.5.1,,4,5,L | 1 | ,Identifier match only: same strand/domain and number in adjacent grades. Prerequisite relationship is unverified; review both standards before assigning a relation.,"Demonstrate command of the conventions of standard English grammar and usage when writing or speaking. a. Use interrogative, relative pronouns (who, whose, whom, which, that) and relative adverbs (where, when, why). CA b. Form and use the progressive (e.g., I was walking; I am walking; I will be walking) verb tenses. c. Use modal auxiliaries (e.g., can, may, must) to convey various conditions. d. Order adjectives within sentences according to conventional patterns (e.g., a small red bag rather than a red small bag). e. Form and use prepositional phrases. f. Produce complete sentences, recognizing and correcting inappropriate fragments and run-ons.* g. Correctly use frequently confused words (e.g., to, too, two; there, their).* h. Write fluidly and legibly in cursive or joined italics. CA Footnote: Beginning in grade 3, skills and understandings that are particularly likely to require continued attention in higher grades as they are applied to increasingly sophisticated writing and speaking are marked with an asterisk (*).","Demonstrate command of the conventions of standard English grammar and usage when writing or speaking. a. Explain the function of conjunctions, prepositions, and interjections in general and their function in particular sentences. b. Form and use the perfect (e.g., I had walked; I have walked; I will have walked) verb tenses. c. Use verb tense to convey various times, sequences, states, and conditions. d. Recognize and correct inappropriate shifts in verb tense.* e. Use correlative conjunctions (e.g., either/or, neither/nor). Footnote: Beginning in grade 3, skills and understandings that are particularly likely to require continued attention in higher grades as they are applied to increasingly sophisticated writing and speaking are marked with an asterisk (*).",https://www2.cde.ca.gov/cacs/ela,https://www2.cde.ca.gov/cacs/ela
CA-CCSS-ELA-2013,L.K.2,CA-CCSS-ELA-2013,L.1.2,,0,1,L | 2 | ,Identifier match only: same strand/domain and number in adjacent grades. Prerequisite relationship is unverified; review both standards before assigning a relation.,"Demonstrate command of the conventions of standard English capitalization, punctuation, and spelling when writing. a. Capitalize the first word in a sentence and the pronoun I. b. Recognize and name end punctuation. c. Write a letter or letters for most consonant and short-vowel sounds (phonemes). d. Spell simple words phonetically, drawing on knowledge of sound-letter relationships.","Demonstrate command of the conventions of standard English capitalization, punctuation, and spelling when writing a. Capitalize dates and names of people. b. Use end punctuation for sentences. c. Use commas in dates and to separate single words in a series. d. Use conventional spelling for words with common spelling patterns and for frequently occurring irregular words. e. Spell untaught words phonetically, drawing on phonemic awareness and spelling conventions.",https://www2.cde.ca.gov/cacs/ela,https://www2.cde.ca.gov/cacs/ela
CA-CCSS-ELA-2013,L.1.2,CA-CCSS-ELA-2013,L.2.2,,1,2,L | 2 | ,Identifier match only: same strand/domain and number in adjacent grades. Prerequisite relationship is unverified; review both standards before assigning a relation.,"Demonstrate command of the conventions of standard English capitalization, punctuation, and spelling when writing a. Capitalize dates and names of people. b. Use end punctuation for sentences. c. Use commas in dates and to separate single words in a series. d. Use conventional spelling for words with common spelling patterns and for frequently occurring irregular words. e. Spell untaught words phonetically, drawing on phonemic awareness and spelling conventions.","Demonstrate command of the conventions of standard English capitalization, punctuation, and spelling when writing. a. Capitalize holidays, product names, and geographic names. b. Use commas in greetings and closings of letters. c. Use an apostrophe to form contractions and frequently occurring possessives. d. Generalize learned spelling patterns when writing words (e.g., cage → badge; boy → boil). e. Consult reference materials, including beginning dictionaries, as needed to check and correct spellings.",https://www2.cde.ca.gov/cacs/ela,https://www2.cde.ca.gov/cacs/ela
CA-CCSS-ELA-2013,L.2.2,CA-CCSS-ELA-2013,L.3.2,,2,3,L | 2 | ,Identifier match only: same strand/domain and number in adjacent grades. Prerequisite relationship is unverified; review both standards before assigning a relation.,"Demonstrate command of the conventions of standard English capitalization, punctuation, and spelling when writing. a. Capitalize holidays, product names, and geographic names. b. Use commas in greetings and closings of letters. c. Use an apostrophe to form contractions and frequently occurring possessives. d. Generalize learned spelling patterns when writing words (e.g., cage → badge; boy → boil). e. Consult reference materials, including beginning dictionaries, as needed to check and correct spellings.","Demonstrate command of the conventions of standard English capitalization, punctuation, and spelling when writing. a. Capitalize appropriate words in titles. b. Use commas in addresses. c. Use commas and quotation marks in dialogue. d. Form and use possessives. e. Use conventional spelling for high-frequency and other studied words and for adding suffixes to base words (e.g., sitting, smiled, cries, happiness). f. Use spelling patterns and generalizations (e.g., word families, position-based spellings, syllable patterns, ending rules, meaningful word parts) in writing words. g. Consult reference materials, including beginning dictionaries, as needed to check and correct spellings.",https://www2.cde.ca.gov/cacs/ela,https://www2.cde.ca.gov/cacs/ela
CA-CCSS-ELA-2013,L.3.2,CA-CCSS-ELA-2013,L.4.2,,3,4,L | 2 | ,Identifier match only: same strand/domain and number in adjacent grades. Prerequisite relationship is unverified; review both standards before assigning a relation.,"Demonstrate command of the conventions of standard English capitalization, punctuation, and spelling when writing. a. Capitalize appropriate words in titles. b. Use commas in addresses. c. Use commas and quotation marks in dialogue. d. Form and use possessives. e. Use conventional spelling for high-frequency and other studied words and for adding suffixes to base words (e.g., sitting, smiled, cries, happiness). f. Use spelling patterns and generalizations (e.g., word families, position-based spellings, syllable patterns, ending rules, meaningful word parts) in writing words. g. Consult reference materials, including beginning dictionaries, as needed to check and correct spellings.","Demonstrate command of the conventions of standard English capitalization, punctuation, and spelling when writing. a. Use correct capitalization. b. Use commas and quotation marks to mark direct speech and quotations from a text. c. Use a comma before a coordinating conjunction in a compound sentence. d. Spell grade-appropriate words correctly, consulting references as needed.",https://www2.cde.ca.gov/cacs/ela,https://www2.cde.ca.gov/cacs/ela
CA-CCSS-ELA-2013,L.4.2,CA-CCSS-ELA-2013,L.5.2,,4,5,L | 2 | ,Identifier match only: same strand/domain and number in adjacent grades. Prerequisite relationship is unverified; review both standards before assigning a relation.,"Demonstrate command of the conventions of standard English capitalization, punctuation, and spelling when writing. a. Use correct capitalization. b. Use commas and quotation marks to mark direct speech and quotations from a text. c. Use a comma before a coordinating conjunction in a compound sentence. d. Spell grade-appropriate words correctly, consulting references as needed.","Demonstrate command of the conventions of standard English capitalization, punctuation, and spelling when writing. a. Use punctuation to separate items in a series.* b. Use a comma to separate an introductory element from the rest of the sentence. c. Use a comma to set off the words yes and no (e.g., Yes, thank you), to set off a tag question from the rest of the sentence (e.g., It’s true, isn’t it?), and to indicate direct address (e.g., Is that you, Steve?). d. Use underlining, quotation marks, or italics to indicate titles of works. e. Spell grade-appropriate words correctly, consulting references as needed. Footnote: Beginning in grade 3, skills and understandings that are particularly likely to require continued attention in higher grades as they are applied to increasingly sophisticated writing and speaking are marked with an asterisk (*).",https://www2.cde.ca.gov/cacs/ela,https://www2.cde.ca.gov/cacs/ela
CA-CCSS-ELA-2013,L.K.3,CA-CCSS-ELA-2013,L.1.3,,0,1,L | 3 | ,Identifier match only: same strand/domain and number in adjacent grades. Prerequisite relationship is unverified; review both standards before assigning a relation.,(Begins in grade 2),(Begins in grade 2),https://www2.cde.ca.gov/cacs/ela,https://www2.cde.ca.gov/cacs/ela
CA-CCSS-ELA-2013,L.1.3,CA-CCSS-ELA-2013,L.2.3,,1,2,L | 3 | ,Identifier match only: same strand/domain and number in adjacent grades. Prerequisite relationship is unverified; review both standards before assigning a relation.,(Begins in grade 2),"Use knowledge of language and its conventions when writing, speaking, reading, or listening. a. Compare formal and informal uses of English.",https://www2.cde.ca.gov/cacs/ela,https://www2.cde.ca.gov/cacs/ela
CA-CCSS-ELA-2013,L.2.3,CA-CCSS-ELA-2013,L.3.3,,2,3,L | 3 | ,Identifier match only: same strand/domain and number in adjacent grades. Prerequisite relationship is unverified; review both standards before assigning a relation.,"Use knowledge of language and its conventions when writing, speaking, reading, or listening. a. Compare formal and informal uses of English.","Use knowledge of language and its conventions when writing, speaking, reading, or listening. a. Choose words and phrases for effect.* b. Recognize and observe differences between the conventions of spoken and written standard English. Footnote: Beginning in grade 3, skills and understandings that are particularly likely to require continued attention in higher grades as they are applied to increasingly sophisticated writing and speaking are marked with an asterisk (*).",https://www2.cde.ca.gov/cacs/ela,https://www2.cde.ca.gov/cacs/ela
CA-CCSS-ELA-2013,L.3.3,CA-CCSS-ELA-2013,L.4.3,,3,4,L | 3 | ,Identifier match only: same strand/domain and number in adjacent grades. Prerequisite relationship is unverified; review both standards before assigning a relation.,"Use knowledge of language and its conventions when writing, speaking, reading, or listening. a. Choose words and phrases for effect.* b. Recognize and observe differences between the conventions of spoken and written standard English. Footnote: Beginning in grade 3, skills and understandings that are particularly likely to require continued attention in higher grades as they are applied to increasingly sophisticated writing and speaking are marked with an asterisk (*).","Use knowledge of language and its conventions when writing, speaking, reading, or listening. a. Choose words and phrases to convey ideas precisely.* b. Choose punctuation for effect.* c. Differentiate between contexts that call for formal English (e.g., presenting ideas) and situations where informal discourse is appropriate (e.g., small-group discussion). Footnote: Beginning in grade 3, skills and understandings that are particularly likely to require continued attention in higher grades as they are applied to increasingly sophisticated writing and speaking are marked with an asterisk (*).",https://www2.cde.ca.gov/cacs/ela,https://www2.cde.ca.gov/cacs/ela
CA-CCSS-ELA-2013,L.4.3,CA-CCSS-ELA-2013,L.5.3,,4,5,L | 3 | ,Identifier match only: same strand/domain and number in adjacent grades. Prerequisite relationship is unverified; review both standards before assigning a relation.,"Use knowledge of language and its conventions when writing, speaking, reading, or listening. a. Choose words and phrases to convey ideas precisely.* b. Choose punctuation for effect.* c. Differentiate between contexts that call for formal English (e.g., presenting ideas) and situations where informal discourse is appropriate (e.g., small-group discussion). Footnote: Beginning in grade 3, skills and understandings that are particularly likely to require continued attention in higher grades as they are applied to increasingly sophisticated writing and speaking are marked with an asterisk (*).","Use knowledge of language and its conventions when writing, speaking, reading, or listening. a. Expand, combine, and reduce sentences for meaning, reader/listener interest, and style. b. Compare and contrast the varieties of English (e.g., dialects, registers) used in stories, dramas, or poems.",https://www2.cde.ca.gov/cacs/ela,https://www2.cde.ca.gov/cacs/ela
CA-CCSS-ELA-2013,L.K.4,CA-CCSS-ELA-2013,L.1.4,,0,1,L | 4 | ,Identifier match only: same strand/domain and number in adjacent grades. Prerequisite relationship is unverified; review both standards before assigning a relation.,"Determine or clarify the meaning of unknown and multiple-meaning words and phrases based on kindergarten reading and content. a. Identify new meanings for familiar words and apply them accurately (e.g., knowing duck is a bird and learning the verb to duck). b. Use the most frequently occurring inflections and affixes (e.g., -ed, -s, re-, un-, pre-, -ful, -less) as a clue to the meaning of an unknown word","Determine or clarify the meaning of unknown and multiple-meaning words and phrases based on grade 1 reading and content, choosing flexibly from an array of strategies. a. Use sentence-level context as a clue to the meaning of a word or phrase. b. Use frequently occurring affixes as a clue to the meaning of a word. c. Identify frequently occurring root words (e.g., look) and their inflectional forms (e.g., looks, looked, looking).",https://www2.cde.ca.gov/cacs/ela,https://www2.cde.ca.gov/cacs/ela
CA-CCSS-ELA-2013,L.1.4,CA-CCSS-ELA-2013,L.2.4,,1,2,L | 4 | ,Identifier match only: same strand/domain and number in adjacent grades. Prerequisite relationship is unverified; review both standards before assigning a relation.,"Determine or clarify the meaning of unknown and multiple-meaning words and phrases based on grade 1 reading and content, choosing flexibly from an array of strategies. a. Use sentence-level context as a clue to the meaning of a word or phrase. b. Use frequently occurring affixes as a clue to the meaning of a word. c. Identify frequently occurring root words (e.g., look) and their inflectional forms (e.g., looks, looked, looking).","Determine or clarify the meaning of unknown and multiple-meaning words and phrases based on grade 2 reading and content, choosing flexibly from an array of strategies. a. Use sentence-level context as a clue to the meaning of a word or phrase. b. Determine the meaning of the new word formed when a known prefix is added to a known word (e.g., happy/unhappy, tell/retell). c. Use a known root word as a clue to the meaning of an unknown word with the same root (e.g., addition, additional). d. Use knowledge of the meaning of individual words to predict the meaning of compound words (e.g., birdhouse, lighthouse, housefly; bookshelf, notebook, bookmark). e. Use glossaries and beginning dictionaries, both print and digital, to determine or clarify the meaning of words and phrases in all content areas. CA",https://www2.cde.ca.gov/cacs/ela,https://www2.cde.ca.gov/cacs/ela
CA-CCSS-ELA-2013,L.2.4,CA-CCSS-ELA-2013,L.3.4,,2,3,L | 4 | ,Identifier match only: same strand/domain and number in adjacent grades. Prerequisite relationship is unverified; review both standards before assigning a relation.,"Determine or clarify the meaning of unknown and multiple-meaning words and phrases based on grade 2 reading and content, choosing flexibly from an array of strategies. a. Use sentence-level context as a clue to the meaning of a word or phrase. b. Determine the meaning of the new word formed when a known prefix is added to a known word (e.g., happy/unhappy, tell/retell). c. Use a known root word as a clue to the meaning of an unknown word with the same root (e.g., addition, additional). d. Use knowledge of the meaning of individual words to predict the meaning of compound words (e.g., birdhouse, lighthouse, housefly; bookshelf, notebook, bookmark). e. Use glossaries and beginning dictionaries, both print and digital, to determine or clarify the meaning of words and phrases in all content areas. CA","Determine or clarify the meaning of unknown and multiple-meaning word and phrases based on grade 3 reading and content, choosing flexibly from a range of strategies. a. Use sentence-level context as a clue to the meaning of a word or phrase. b. Determine the meaning of the new word formed when a known affix is added to a known word (e.g., agreeable/disagreeable, comfortable/uncomfortable, care/careless, heat/preheat). c. Use a known root word as a clue to the meaning of an unknown word with the same root (e.g., company, companion). d. Use glossaries or beginning dictionaries, both print and digital, to determine or clarify the precise meaning of key words and phrases in all content areas. CA",https://www2.cde.ca.gov/cacs/ela,https://www2.cde.ca.gov/cacs/ela
CA-CCSS-ELA-2013,L.3.4,CA-CCSS-ELA-2013,L.4.4,,3,4,L | 4 | ,Identifier match only: same strand/domain and number in adjacent grades. Prerequisite relationship is unverified; review both standards before assigning a relation.,"Determine or clarify the meaning of unknown and multiple-meaning word and phrases based on grade 3 reading and content, choosing flexibly from a range of strategies. a. Use sentence-level context as a clue to the meaning of a word or phrase. b. Determine the meaning of the new word formed when a known affix is added to a known word (e.g., agreeable/disagreeable, comfortable/uncomfortable, care/careless, heat/preheat). c. Use a known root word as a clue to the meaning of an unknown word with the same root (e.g., company, companion). d. Use glossaries or beginning dictionaries, both print and digital, to determine or clarify the precise meaning of key words and phrases in all content areas. CA","Determine or clarify the meaning of unknown and multiple-meaning words and phrases based on grade 4 reading and content, choosing flexibly from a range of strategies. a. Use context (e.g., definitions, examples, or restatements in text) as a clue to the meaning of a word or phrase. b. Use common, grade-appropriate Greek and Latin affixes and roots as clues to the meaning of a word (e.g., telegraph, photograph, autograph). c. Consult reference materials (e.g., dictionaries, glossaries, thesauruses), both print and digital, to find the pronunciation and determine or clarify the precise meaning of key words and phrases and to identify alternate word choices in all content areas. CA",https://www2.cde.ca.gov/cacs/ela,https://www2.cde.ca.gov/cacs/ela
CA-CCSS-ELA-2013,L.4.4,CA-CCSS-ELA-2013,L.5.4,,4,5,L | 4 | ,Identifier match only: same strand/domain and number in adjacent grades. Prerequisite relationship is unverified; review both standards before assigning a relation.,"Determine or clarify the meaning of unknown and multiple-meaning words and phrases based on grade 4 reading and content, choosing flexibly from a range of strategies. a. Use context (e.g., definitions, examples, or restatements in text) as a clue to the meaning of a word or phrase. b. Use common, grade-appropriate Greek and Latin affixes and roots as clues to the meaning of a word (e.g., telegraph, photograph, autograph). c. Consult reference materials (e.g., dictionaries, glossaries, thesauruses), both print and digital, to find the pronunciation and determine or clarify the precise meaning of key words and phrases and to identify alternate word choices in all content areas. CA","Determine or clarify the meaning of unknown and multiple-meaning words and phrases based on grade 5 reading and content, choosing flexibly from a range of strategies. a. Use context (e.g., cause/effect relationships and comparisons in text) as a clue to the meaning of a word or phrase. b. Use common, grade-appropriate Greek and Latin affixes and roots as clues to the meaning of a word (e.g., photograph, photosynthesis). c. Consult reference materials (e.g., dictionaries, glossaries, thesauruses), both print and digital, to find the pronunciation and determine or clarify the precise meaning of key words and phrases and to identify alternate word choices in all content areas. CA",https://www2.cde.ca.gov/cacs/ela,https://www2.cde.ca.gov/cacs/ela
CA-CCSS-ELA-2013,L.K.5,CA-CCSS-ELA-2013,L.1.5,,0,1,L | 5 | ,Identifier match only: same strand/domain and number in adjacent grades. Prerequisite relationship is unverified; review both standards before assigning a relation.,"With guidance and support from adults, explore word relationships and nuances in word meanings. a. Sort common objects into categories (e.g., shapes, foods) to gain a sense of the concepts the categories represent. b. Demonstrate understanding of frequently occurring verbs and adjectives by relating them to their opposites (antonyms). c. Identify real-life connections between words and their use (e.g., note places at school that are colorful). d. Distinguish shades of meaning among verbs describing the same general action (e.g., walk, march, strut, prance) by acting out the meanings.","With guidance and support from adults, demonstrate understanding of word relationships and nuances in word meanings. a. Sort words into categories (e.g., colors, clothing) to gain a sense of the concepts the categories represent. b. Define words by category and by one or more key attributes (e.g., a duck is a bird that swims; a tiger is a large cat with stripes). c. Identify real-life connections between words and their use (e.g., note places at home that are cozy). d. Distinguish shades of meaning among verbs differing in manner (e.g., look, peek, glance, stare, glare, scowl) and adjectives differing in intensity (e.g., large, gigantic) by defining or choosing them or by acting out the meanings.",https://www2.cde.ca.gov/cacs/ela,https://www2.cde.ca.gov/cacs/ela
CA-CCSS-ELA-2013,L.1.5,CA-CCSS-ELA-2013,L.2.5,,1,2,L | 5 | ,Identifier match only: same strand/domain and number in adjacent grades. Prerequisite relationship is unverified; review both standards before assigning a relation.,"With guidance and support from adults, demonstrate understanding of word relationships and nuances in word meanings. a. Sort words into categories (e.g., colors, clothing) to gain a sense of the concepts the categories represent. b. Define words by category and by one or more key attributes (e.g., a duck is a bird that swims; a tiger is a large cat with stripes). c. Identify real-life connections between words and their use (e.g., note places at home that are cozy). d. Distinguish shades of meaning among verbs differing in manner (e.g., look, peek, glance, stare, glare, scowl) and adjectives differing in intensity (e.g., large, gigantic) by defining or choosing them or by acting out the meanings.","Demonstrate understanding of word relationships and nuances in word meanings. a. Identify real-life connections between words and their use (e.g., describe foods that are spicy or juicy). b. Distinguish shades of meaning among closely related verbs (e.g., toss, throw, hurl) and closely related adjectives (e.g., thin, slender, skinny, scrawny).",https://www2.cde.ca.gov/cacs/ela,https://www2.cde.ca.gov/cacs/ela
CA-CCSS-ELA-2013,L.2.5,CA-CCSS-ELA-2013,L.3.5,,2,3,L | 5 | ,Identifier match only: same strand/domain and number in adjacent grades. Prerequisite relationship is unverified; review both standards before assigning a relation.,"Demonstrate understanding of word relationships and nuances in word meanings. a. Identify real-life connections between words and their use (e.g., describe foods that are spicy or juicy). b. Distinguish shades of meaning among closely related verbs (e.g., toss, throw, hurl) and closely related adjectives (e.g., thin, slender, skinny, scrawny).","Demonstrate understanding of word relationships and nuances in word meanings. a. Distinguish the literal and non-literal meanings of words and phrases in context (e.g., take steps). b. Identify real-life connections between words and their use (e.g., describe people who are friendly or helpful). c. Distinguish shades of meaning among related words that describe states of mind or degrees of certainty (e.g., knew, believed, suspected, heard, wondered).",https://www2.cde.ca.gov/cacs/ela,https://www2.cde.ca.gov/cacs/ela
CA-CCSS-ELA-2013,L.3.5,CA-CCSS-ELA-2013,L.4.5,,3,4,L | 5 | ,Identifier match only: same strand/domain and number in adjacent grades. Prerequisite relationship is unverified; review both standards before assigning a relation.,"Demonstrate understanding of word relationships and nuances in word meanings. a. Distinguish the literal and non-literal meanings of words and phrases in context (e.g., take steps). b. Identify real-life connections between words and their use (e.g., describe people who are friendly or helpful). c. Distinguish shades of meaning among related words that describe states of mind or degrees of certainty (e.g., knew, believed, suspected, heard, wondered).","Demonstrate understanding of figurative language, word relationships, and nuances in word meanings. a. Explain the meaning of simple similes and metaphors (e.g., as pretty as a picture) in context. b. Recognize and explain the meaning of common idioms, adages, and proverbs. c. Demonstrate understanding of words by relating them to their opposites (antonyms) and to words with similar but not identical meanings (synonyms).",https://www2.cde.ca.gov/cacs/ela,https://www2.cde.ca.gov/cacs/ela
CA-CCSS-ELA-2013,L.4.5,CA-CCSS-ELA-2013,L.5.5,,4,5,L | 5 | ,Identifier match only: same strand/domain and number in adjacent grades. Prerequisite relationship is unverified; review both standards before assigning a relation.,"Demonstrate understanding of figurative language, word relationships, and nuances in word meanings. a. Explain the meaning of simple similes and metaphors (e.g., as pretty as a picture) in context. b. Recognize and explain the meaning of common idioms, adages, and proverbs. c. Demonstrate understanding of words by relating them to their opposites (antonyms) and to words with similar but not identical meanings (synonyms).","Demonstrate understanding of figurative language, word relationships, and nuances in word meanings. a. Interpret figurative language, including similes and metaphors, in context. b. Recognize and explain the meaning of common idioms, adages, and proverbs. c. Use the relationship between particular words (e.g., synonyms, antonyms, homographs) to better understand each of the words.",https://www2.cde.ca.gov/cacs/ela,https://www2.cde.ca.gov/cacs/ela
CA-CCSS-ELA-2013,L.K.6,CA-CCSS-ELA-2013,L.1.6,,0,1,L | 6 | ,Identifier match only: same strand/domain and number in adjacent grades. Prerequisite relationship is unverified; review both standards before assigning a relation.,"Use words and phrases acquired through conversations, reading and being read to, and responding to texts.","Use words and phrases acquired through conversations, reading and being read to, and responding to texts, including using frequently occurring conjunctions to signal simple relationships (e.g., because).",https://www2.cde.ca.gov/cacs/ela,https://www2.cde.ca.gov/cacs/ela
CA-CCSS-ELA-2013,L.1.6,CA-CCSS-ELA-2013,L.2.6,,1,2,L | 6 | ,Identifier match only: same strand/domain and number in adjacent grades. Prerequisite relationship is unverified; review both standards before assigning a relation.,"Use words and phrases acquired through conversations, reading and being read to, and responding to texts, including using frequently occurring conjunctions to signal simple relationships (e.g., because).","Use words and phrases acquired through conversations, reading and being read to, and responding to texts, including using adjectives and adverbs to describe (e.g., When other kids are happy that makes me happy).",https://www2.cde.ca.gov/cacs/ela,https://www2.cde.ca.gov/cacs/ela
CA-CCSS-ELA-2013,L.2.6,CA-CCSS-ELA-2013,L.3.6,,2,3,L | 6 | ,Identifier match only: same strand/domain and number in adjacent grades. Prerequisite relationship is unverified; review both standards before assigning a relation.,"Use words and phrases acquired through conversations, reading and being read to, and responding to texts, including using adjectives and adverbs to describe (e.g., When other kids are happy that makes me happy).","Acquire and use accurately grade-appropriate conversational, general academic, and domain-specific words and phrases, including those that signal spatial and temporal relationships (e.g., After dinner that night we went looking for them).",https://www2.cde.ca.gov/cacs/ela,https://www2.cde.ca.gov/cacs/ela
CA-CCSS-ELA-2013,L.3.6,CA-CCSS-ELA-2013,L.4.6,,3,4,L | 6 | ,Identifier match only: same strand/domain and number in adjacent grades. Prerequisite relationship is unverified; review both standards before assigning a relation.,"Acquire and use accurately grade-appropriate conversational, general academic, and domain-specific words and phrases, including those that signal spatial and temporal relationships (e.g., After dinner that night we went looking for them).","Acquire and use accurately grade-appropriate general academic and domain-specific words and phrases, including those that signal precise actions, emotions, or states of being (e.g., quizzed, whined, stammered) and that are basic to a particular topic (e.g., wildlife, conservation, and endangered when discussing animal preservation).",https://www2.cde.ca.gov/cacs/ela,https://www2.cde.ca.gov/cacs/ela
CA-CCSS-ELA-2013,L.4.6,CA-CCSS-ELA-2013,L.5.6,,4,5,L | 6 | ,Identifier match only: same strand/domain and number in adjacent grades. Prerequisite relationship is unverified; review both standards before assigning a relation.,"Acquire and use accurately grade-appropriate general academic and domain-specific words and phrases, including those that signal precise actions, emotions, or states of being (e.g., quizzed, whined, stammered) and that are basic to a particular topic (e.g., wildlife, conservation, and endangered when discussing animal preservation).","Acquire and use accurately grade-appropriate general academic and domain-specific words and phrases, including those that signal contrast, addition, and other logical relationships (e.g., however, although, nevertheless, similarly, moreover, in addition).",https://www2.cde.ca.gov/cacs/ela,https://www2.cde.ca.gov/cacs/ela
CA-CCSS-ELA-2013,RF.K.1,CA-CCSS-ELA-2013,RF.1.1,,0,1,RF | 1 | ,Identifier match only: same strand/domain and number in adjacent grades. Prerequisite relationship is unverified; review both standards before assigning a relation.,"Demonstrate understanding of the organization and basic features of print. a. Follow words from left to right, top to bottom, and page by page. b. Recognize that spoken words are represented in written language by specific sequences of letters. c. Understand that words are separated by spaces in print. d. Recognize and name all upper- and lowercase letters of the alphabet.","Demonstrate understanding of the organization and basic features of print. a. Recognize the distinguishing features of a sentence (e.g., first word, capitalization, ending punctuation).",https://www2.cde.ca.gov/cacs/ela,https://www2.cde.ca.gov/cacs/ela
CA-CCSS-ELA-2013,RF.K.2,CA-CCSS-ELA-2013,RF.1.2,,0,1,RF | 2 | ,Identifier match only: same strand/domain and number in adjacent grades. Prerequisite relationship is unverified; review both standards before assigning a relation.,"Demonstrate understanding of spoken words, syllables, and sounds (phonemes). a. Recognize and produce rhyming words. b. Count, pronounce, blend, and segment syllables in spoken words. c. Blend and segment onsets and rimes of single-syllable spoken words. d. Isolate and pronounce the initial, medial vowel, and final sounds (phonemes) in three-phoneme (consonant-vowel-consonant, or CVC) words.* (This does not include CVCs ending with /l/, /r/, or /x/.) e. Add or substitute individual sounds (phonemes) in simple, one-syllable words to make new words. f. Blend two to three phonemes into recognizable words. CA Footnote: *Words, syllables, or phonemes written in /slashes/ refer to their pronunciation or phonology. Thus, /CVC/ is a word with three phonemes regardless of the number of letters in the spelling of the word.","Demonstrate understanding of spoken words, syllables, and sounds (phonemes). a. Distinguish long from short vowel sounds in spoken single-syllable words. b. Orally produce single-syllable words by blending sounds (phonemes), including consonant blends. c. Isolate and pronounce initial, medial vowel, and final sounds (phonemes) in spoken single-syllable words. d. Segment spoken single-syllable words into their complete sequence of individual sounds (phonemes).",https://www2.cde.ca.gov/cacs/ela,https://www2.cde.ca.gov/cacs/ela
CA-CCSS-ELA-2013,RF.K.3,CA-CCSS-ELA-2013,RF.1.3,,0,1,RF | 3 | ,Identifier match only: same strand/domain and number in adjacent grades. Prerequisite relationship is unverified; review both standards before assigning a relation.,"Know and apply grade-level phonics and word analysis skills in decoding words both in isolation and in text. CA a. Demonstrate basic knowledge of one-to-one letter-sound correspondences by producing the primary sounds or many of the most frequent sounds for each consonant. b. Associate the long and short sounds with common spellings (graphemes) for the five major vowels. (Identify which letters represent the five major vowels [Aa, Ee, Ii, Oo, and Uu] and know the long and short sound of each vowel. More complex long vowel graphemes and spellings are targeted in the grade 1 phonics standards.) CA c. Read common high-frequency words by sight (e.g., the, of, to, you, she, my, is, are, do, does). d. Distinguish between similarly spelled words by identifying the sounds of the letters that differ.",Know and apply grade-level phonics and word analysis skills in decoding words both in isolation and in text. CA a. Know the spelling-sound correspondences for common consonant digraphs. b. Decode regularly spelled one-syllable words. c. Know final -e and common vowel team conventions for representing long vowel sounds. d. Use knowledge that every syllable must have a vowel sound to determine the number of syllables in a printed word. e. Decode two-syllable words following basic patterns by breaking the words into syllables. f. Read words with inflectional endings. g. Recognize and read grade-appropriate irregularly spelled words.,https://www2.cde.ca.gov/cacs/ela,https://www2.cde.ca.gov/cacs/ela
CA-CCSS-ELA-2013,RF.1.3,CA-CCSS-ELA-2013,RF.2.3,,1,2,RF | 3 | ,Identifier match only: same strand/domain and number in adjacent grades. Prerequisite relationship is unverified; review both standards before assigning a relation.,Know and apply grade-level phonics and word analysis skills in decoding words both in isolation and in text. CA a. Know the spelling-sound correspondences for common consonant digraphs. b. Decode regularly spelled one-syllable words. c. Know final -e and common vowel team conventions for representing long vowel sounds. d. Use knowledge that every syllable must have a vowel sound to determine the number of syllables in a printed word. e. Decode two-syllable words following basic patterns by breaking the words into syllables. f. Read words with inflectional endings. g. Recognize and read grade-appropriate irregularly spelled words.,Know and apply grade-level phonics and word analysis skills in decoding words both in isolation and in text. CA a. Distinguish long and short vowels when reading regularly spelled one-syllable words. b. Know spelling-sound correspondences for additional common vowel teams. c . Decode regularly spelled two-syllable words with long vowels. d. Decode words with common prefixes and suffixes. e. Identify words with inconsistent but common spelling-sound correspondences. f. Recognize and read grade-appropriate irregularly spelled words.,https://www2.cde.ca.gov/cacs/ela,https://www2.cde.ca.gov/cacs/ela
CA-CCSS-ELA-2013,RF.2.3,CA-CCSS-ELA-2013,RF.3.3,,2,3,RF | 3 | ,Identifier match only: same strand/domain and number in adjacent grades. Prerequisite relationship is unverified; review both standards before assigning a relation.,Know and apply grade-level phonics and word analysis skills in decoding words both in isolation and in text. CA a. Distinguish long and short vowels when reading regularly spelled one-syllable words. b. Know spelling-sound correspondences for additional common vowel teams. c . Decode regularly spelled two-syllable words with long vowels. d. Decode words with common prefixes and suffixes. e. Identify words with inconsistent but common spelling-sound correspondences. f. Recognize and read grade-appropriate irregularly spelled words.,Know and apply grade-level phonics and word analysis skills in decoding words both in isolation and in text. CA a. Identify and know the meaning of the most common prefixes and derivational suffixes. b. Decode words with common Latin suffixes. c. Decode multisyllable words. d. Read grade-appropriate irregularly spelled words.,https://www2.cde.ca.gov/cacs/ela,https://www2.cde.ca.gov/cacs/ela
CA-CCSS-ELA-2013,RF.3.3,CA-CCSS-ELA-2013,RF.4.3,,3,4,RF | 3 | ,Identifier match only: same strand/domain and number in adjacent grades. Prerequisite relationship is unverified; review both standards before assigning a relation.,Know and apply grade-level phonics and word analysis skills in decoding words both in isolation and in text. CA a. Identify and know the meaning of the most common prefixes and derivational suffixes. b. Decode words with common Latin suffixes. c. Decode multisyllable words. d. Read grade-appropriate irregularly spelled words.,"Know and apply grade-level phonics and word analysis skills in decoding words. a. Use combined knowledge of all letter-sound correspondences, syllabication patterns, and morphology (e.g., roots and affixes) to read accurately unfamiliar multisyllabic words in context and out of context.",https://www2.cde.ca.gov/cacs/ela,https://www2.cde.ca.gov/cacs/ela
CA-CCSS-ELA-2013,RF.4.3,CA-CCSS-ELA-2013,RF.5.3,,4,5,RF | 3 | ,Identifier match only: same strand/domain and number in adjacent grades. Prerequisite relationship is unverified; review both standards before assigning a relation.,"Know and apply grade-level phonics and word analysis skills in decoding words. a. Use combined knowledge of all letter-sound correspondences, syllabication patterns, and morphology (e.g., roots and affixes) to read accurately unfamiliar multisyllabic words in context and out of context.","Know and apply grade-level phonics and word analysis skills in decoding words. a. Use combined knowledge of all letter sound correspondences, syllabication patterns, and morphology (e.g., roots and affixes) to read accurately unfamiliar multisyllabic words in context and out of context.",https://www2.cde.ca.gov/cacs/ela,https://www2.cde.ca.gov/cacs/ela
CA-CCSS-ELA-2013,RF.K.4,CA-CCSS-ELA-2013,RF.1.4,,0,1,RF | 4 | ,Identifier match only: same strand/domain and number in adjacent grades. Prerequisite relationship is unverified; review both standards before assigning a relation.,Read emergent-reader texts with purpose and understanding.,"Read with sufficient accuracy and fluency to support comprehension. a. Read on-level text with purpose and understanding. b. Read on-level text orally with accuracy, appropriate rate, and expression on successive readings. c. Use context to confirm or self-correct word recognition and understanding, rereading as necessary.",https://www2.cde.ca.gov/cacs/ela,https://www2.cde.ca.gov/cacs/ela
CA-CCSS-ELA-2013,RF.1.4,CA-CCSS-ELA-2013,RF.2.4,,1,2,RF | 4 | ,Identifier match only: same strand/domain and number in adjacent grades. Prerequisite relationship is unverified; review both standards before assigning a relation.,"Read with sufficient accuracy and fluency to support comprehension. a. Read on-level text with purpose and understanding. b. Read on-level text orally with accuracy, appropriate rate, and expression on successive readings. c. Use context to confirm or self-correct word recognition and understanding, rereading as necessary.","Read with sufficient accuracy and fluency to support comprehension. a. Read on-level text with purpose and understanding. b. Read on-level text orally with accuracy, appropriate rate, and expression on successive readings. c. Use context to confirm or self-correct word recognition and understanding, rereading as necessary.",https://www2.cde.ca.gov/cacs/ela,https://www2.cde.ca.gov/cacs/ela
CA-CCSS-ELA-2013,RF.2.4,CA-CCSS-ELA-2013,RF.3.4,,2,3,RF | 4 | ,Identifier match only: same strand/domain and number in adjacent grades. Prerequisite relationship is unverified; review both standards before assigning a relation.,"Read with sufficient accuracy and fluency to support comprehension. a. Read on-level text with purpose and understanding. b. Read on-level text orally with accuracy, appropriate rate, and expression on successive readings. c. Use context to confirm or self-correct word recognition and understanding, rereading as necessary.","Read with sufficient accuracy and fluency to support comprehension. a. Read on-level text with purpose and understanding. b. Read on-level prose and poetry orally with accuracy, appropriate rate, and expression on successive readings. c. Use context to confirm or self-correct word recognition and understanding, rereading as necessary.",https://www2.cde.ca.gov/cacs/ela,https://www2.cde.ca.gov/cacs/ela
CA-CCSS-ELA-2013,RF.3.4,CA-CCSS-ELA-2013,RF.4.4,,3,4,RF | 4 | ,Identifier match only: same strand/domain and number in adjacent grades. Prerequisite relationship is unverified; review both standards before assigning a relation.,"Read with sufficient accuracy and fluency to support comprehension. a. Read on-level text with purpose and understanding. b. Read on-level prose and poetry orally with accuracy, appropriate rate, and expression on successive readings. c. Use context to confirm or self-correct word recognition and understanding, rereading as necessary.","Read with sufficient accuracy and fluency to support comprehension. a. Read on-level text with purpose and understanding. b. Read on-level prose and poetry orally with accuracy, appropriate rate, and expression on successive readings. c. Use context to confirm or self-correct word recognition and understanding, rereading as necessary.",https://www2.cde.ca.gov/cacs/ela,https://www2.cde.ca.gov/cacs/ela
CA-CCSS-ELA-2013,RF.4.4,CA-CCSS-ELA-2013,RF.5.4,,4,5,RF | 4 | ,Identifier match only: same strand/domain and number in adjacent grades. Prerequisite relationship is unverified; review both standards before assigning a relation.,"Read with sufficient accuracy and fluency to support comprehension. a. Read on-level text with purpose and understanding. b. Read on-level prose and poetry orally with accuracy, appropriate rate, and expression on successive readings. c. Use context to confirm or self-correct word recognition and understanding, rereading as necessary.","Read with sufficient accuracy and fluency to support comprehension. a. Read on-level text with purpose and understanding. b. Read on-level prose and poetry orally with accuracy, appropriate rate, and expression on successive readings. c. Use context to confirm or self-correct word recognition and understanding, rereading as necessary.",https://www2.cde.ca.gov/cacs/ela,https://www2.cde.ca.gov/cacs/ela
CA-CCSS-ELA-2013,RI.K.1,CA-CCSS-ELA-2013,RI.1.1,,0,1,RI | 1 | ,Identifier match only: same strand/domain and number in adjacent grades. Prerequisite relationship is unverified; review both standards before assigning a relation.,"With prompting and support, ask and answer questions about key details in a text.",Ask and answer questions about key details in a text.,https://www2.cde.ca.gov/cacs/ela,https://www2.cde.ca.gov/cacs/ela
CA-CCSS-ELA-2013,RI.1.1,CA-CCSS-ELA-2013,RI.2.1,,1,2,RI | 1 | ,Identifier match only: same strand/domain and number in adjacent grades. Prerequisite relationship is unverified; review both standards before assigning a relation.,Ask and answer questions about key details in a text.,"Ask and answer such questions as who, what, where, when, why, and how to demonstrate understanding of key details in a text.",https://www2.cde.ca.gov/cacs/ela,https://www2.cde.ca.gov/cacs/ela
CA-CCSS-ELA-2013,RI.2.1,CA-CCSS-ELA-2013,RI.3.1,,2,3,RI | 1 | ,Identifier match only: same strand/domain and number in adjacent grades. Prerequisite relationship is unverified; review both standards before assigning a relation.,"Ask and answer such questions as who, what, where, when, why, and how to demonstrate understanding of key details in a text.","Ask and answer questions to demonstrate understanding of a text, referring explicitly to the text as the basis for the answers.",https://www2.cde.ca.gov/cacs/ela,https://www2.cde.ca.gov/cacs/ela
CA-CCSS-ELA-2013,RI.3.1,CA-CCSS-ELA-2013,RI.4.1,,3,4,RI | 1 | ,Identifier match only: same strand/domain and number in adjacent grades. Prerequisite relationship is unverified; review both standards before assigning a relation.,"Ask and answer questions to demonstrate understanding of a text, referring explicitly to the text as the basis for the answers.",Refer to details and examples in a text when explaining what the text says explicitly and when drawing inferences from the text.,https://www2.cde.ca.gov/cacs/ela,https://www2.cde.ca.gov/cacs/ela
CA-CCSS-ELA-2013,RI.4.1,CA-CCSS-ELA-2013,RI.5.1,,4,5,RI | 1 | ,Identifier match only: same strand/domain and number in adjacent grades. Prerequisite relationship is unverified; review both standards before assigning a relation.,Refer to details and examples in a text when explaining what the text says explicitly and when drawing inferences from the text.,Quote accurately from a text when explaining what the text says explicitly and when drawing inferences from the text.,https://www2.cde.ca.gov/cacs/ela,https://www2.cde.ca.gov/cacs/ela
CA-CCSS-ELA-2013,RI.K.10,CA-CCSS-ELA-2013,RI.1.10,,0,1,RI | 10 | ,Identifier match only: same strand/domain and number in adjacent grades. Prerequisite relationship is unverified; review both standards before assigning a relation.,Actively engage in group reading activities with purpose and understanding. a. Activate prior knowledge related to the information and events in texts. CA b. Use illustrations and context to make predictions about text. CA,"With prompting and support, read informational texts appropriately complex for grade 1. a. Activate prior knowledge related to the information and events in a text. CA b. Confirm predictions about what will happen next in a text. CA",https://www2.cde.ca.gov/cacs/ela,https://www2.cde.ca.gov/cacs/ela
CA-CCSS-ELA-2013,RI.1.10,CA-CCSS-ELA-2013,RI.2.10,,1,2,RI | 10 | ,Identifier match only: same strand/domain and number in adjacent grades. Prerequisite relationship is unverified; review both standards before assigning a relation.,"With prompting and support, read informational texts appropriately complex for grade 1. a. Activate prior knowledge related to the information and events in a text. CA b. Confirm predictions about what will happen next in a text. CA","By the end of year, read and comprehend informational texts, including history/social studies, science, and technical texts, in the grades 2–3 text complexity band proficiently, with scaffolding as needed at the high end of the range.",https://www2.cde.ca.gov/cacs/ela,https://www2.cde.ca.gov/cacs/ela
CA-CCSS-ELA-2013,RI.2.10,CA-CCSS-ELA-2013,RI.3.10,,2,3,RI | 10 | ,Identifier match only: same strand/domain and number in adjacent grades. Prerequisite relationship is unverified; review both standards before assigning a relation.,"By the end of year, read and comprehend informational texts, including history/social studies, science, and technical texts, in the grades 2–3 text complexity band proficiently, with scaffolding as needed at the high end of the range.","By the end of the year, read and comprehend informational texts, including history/social studies, science, and technical texts, at the high end of the grades 2–3 text complexity band independently and proficiently.",https://www2.cde.ca.gov/cacs/ela,https://www2.cde.ca.gov/cacs/ela
CA-CCSS-ELA-2013,RI.3.10,CA-CCSS-ELA-2013,RI.4.10,,3,4,RI | 10 | ,Identifier match only: same strand/domain and number in adjacent grades. Prerequisite relationship is unverified; review both standards before assigning a relation.,"By the end of the year, read and comprehend informational texts, including history/social studies, science, and technical texts, at the high end of the grades 2–3 text complexity band independently and proficiently.","By the end of year, read and comprehend informational texts, including history/social studies, science, and technical texts, in the grades 4–5 text complexity band proficiently, with scaffolding as needed at the high end of the range.",https://www2.cde.ca.gov/cacs/ela,https://www2.cde.ca.gov/cacs/ela
CA-CCSS-ELA-2013,RI.4.10,CA-CCSS-ELA-2013,RI.5.10,,4,5,RI | 10 | ,Identifier match only: same strand/domain and number in adjacent grades. Prerequisite relationship is unverified; review both standards before assigning a relation.,"By the end of year, read and comprehend informational texts, including history/social studies, science, and technical texts, in the grades 4–5 text complexity band proficiently, with scaffolding as needed at the high end of the range.","By the end of the year, read and comprehend informational texts, including history/social studies, science, and technical texts, at the high end of the grades 4–5 text complexity band independently and proficiently.",https://www2.cde.ca.gov/cacs/ela,https://www2.cde.ca.gov/cacs/ela
CA-CCSS-ELA-2013,RI.K.2,CA-CCSS-ELA-2013,RI.1.2,,0,1,RI | 2 | ,Identifier match only: same strand/domain and number in adjacent grades. Prerequisite relationship is unverified; review both standards before assigning a relation.,"With prompting and support, identify the main topic and retell key details of a text.",Identify the main topic and retell key details of a text.,https://www2.cde.ca.gov/cacs/ela,https://www2.cde.ca.gov/cacs/ela
CA-CCSS-ELA-2013,RI.1.2,CA-CCSS-ELA-2013,RI.2.2,,1,2,RI | 2 | ,Identifier match only: same strand/domain and number in adjacent grades. Prerequisite relationship is unverified; review both standards before assigning a relation.,Identify the main topic and retell key details of a text.,Identify the main topic of a multiparagraph text as well as the focus of specific paragraphs within the text.,https://www2.cde.ca.gov/cacs/ela,https://www2.cde.ca.gov/cacs/ela
CA-CCSS-ELA-2013,RI.2.2,CA-CCSS-ELA-2013,RI.3.2,,2,3,RI | 2 | ,Identifier match only: same strand/domain and number in adjacent grades. Prerequisite relationship is unverified; review both standards before assigning a relation.,Identify the main topic of a multiparagraph text as well as the focus of specific paragraphs within the text.,Determine the main idea of a text; recount the key details and explain how they support the main idea.,https://www2.cde.ca.gov/cacs/ela,https://www2.cde.ca.gov/cacs/ela
CA-CCSS-ELA-2013,RI.3.2,CA-CCSS-ELA-2013,RI.4.2,,3,4,RI | 2 | ,Identifier match only: same strand/domain and number in adjacent grades. Prerequisite relationship is unverified; review both standards before assigning a relation.,Determine the main idea of a text; recount the key details and explain how they support the main idea.,Determine the main idea of a text and explain how it is supported by key details; summarize the text.,https://www2.cde.ca.gov/cacs/ela,https://www2.cde.ca.gov/cacs/ela
CA-CCSS-ELA-2013,RI.4.2,CA-CCSS-ELA-2013,RI.5.2,,4,5,RI | 2 | ,Identifier match only: same strand/domain and number in adjacent grades. Prerequisite relationship is unverified; review both standards before assigning a relation.,Determine the main idea of a text and explain how it is supported by key details; summarize the text.,Determine two or more main ideas of a text and explain how they are supported by key details; summarize the text.,https://www2.cde.ca.gov/cacs/ela,https://www2.cde.ca.gov/cacs/ela
CA-CCSS-ELA-2013,RI.K.3,CA-CCSS-ELA-2013,RI.1.3,,0,1,RI | 3 | ,Identifier match only: same strand/domain and number in adjacent grades. Prerequisite relationship is unverified; review both standards before assigning a relation.,"With prompting and support, describe the connection between two individuals, events, ideas, or pieces of information in a text.","Describe the connection between two individuals, events, ideas, or pieces of information in a text.",https://www2.cde.ca.gov/cacs/ela,https://www2.cde.ca.gov/cacs/ela
CA-CCSS-ELA-2013,RI.1.3,CA-CCSS-ELA-2013,RI.2.3,,1,2,RI | 3 | ,Identifier match only: same strand/domain and number in adjacent grades. Prerequisite relationship is unverified; review both standards before assigning a relation.,"Describe the connection between two individuals, events, ideas, or pieces of information in a text.","Describe the connection between a series of historical events, scientific ideas or concepts, or steps in technical procedures in a text.",https://www2.cde.ca.gov/cacs/ela,https://www2.cde.ca.gov/cacs/ela
CA-CCSS-ELA-2013,RI.2.3,CA-CCSS-ELA-2013,RI.3.3,,2,3,RI | 3 | ,Identifier match only: same strand/domain and number in adjacent grades. Prerequisite relationship is unverified; review both standards before assigning a relation.,"Describe the connection between a series of historical events, scientific ideas or concepts, or steps in technical procedures in a text.","Describe the relationship between a series of historical events, scientific ideas or concepts, or steps in technical procedures in a text, using language that pertains to time, sequence, and cause/effect.",https://www2.cde.ca.gov/cacs/ela,https://www2.cde.ca.gov/cacs/ela
CA-CCSS-ELA-2013,RI.3.3,CA-CCSS-ELA-2013,RI.4.3,,3,4,RI | 3 | ,Identifier match only: same strand/domain and number in adjacent grades. Prerequisite relationship is unverified; review both standards before assigning a relation.,"Describe the relationship between a series of historical events, scientific ideas or concepts, or steps in technical procedures in a text, using language that pertains to time, sequence, and cause/effect.","Explain events, procedures, ideas, or concepts in a historical, scientific, or technical text, including what happened and why, based on specific information in the text.",https://www2.cde.ca.gov/cacs/ela,https://www2.cde.ca.gov/cacs/ela
CA-CCSS-ELA-2013,RI.4.3,CA-CCSS-ELA-2013,RI.5.3,,4,5,RI | 3 | ,Identifier match only: same strand/domain and number in adjacent grades. Prerequisite relationship is unverified; review both standards before assigning a relation.,"Explain events, procedures, ideas, or concepts in a historical, scientific, or technical text, including what happened and why, based on specific information in the text.","Explain the relationships or interactions between two or more individuals, events, ideas, or concepts in a historical, scientific, or technical text based on specific information in the text.",https://www2.cde.ca.gov/cacs/ela,https://www2.cde.ca.gov/cacs/ela
CA-CCSS-ELA-2013,RI.K.4,CA-CCSS-ELA-2013,RI.1.4,,0,1,RI | 4 | ,Identifier match only: same strand/domain and number in adjacent grades. Prerequisite relationship is unverified; review both standards before assigning a relation.,"With prompting and support, ask and answer questions about unknown words in a text. (See grade K Language standards 4–6 additional expectations.) CA",Ask and answer questions to help determine or clarify the meaning of words and phrases in a text. (See grade 1 Language standards 4–6 for additional expectations.) CA,https://www2.cde.ca.gov/cacs/ela,https://www2.cde.ca.gov/cacs/ela
CA-CCSS-ELA-2013,RI.1.4,CA-CCSS-ELA-2013,RI.2.4,,1,2,RI | 4 | ,Identifier match only: same strand/domain and number in adjacent grades. Prerequisite relationship is unverified; review both standards before assigning a relation.,Ask and answer questions to help determine or clarify the meaning of words and phrases in a text. (See grade 1 Language standards 4–6 for additional expectations.) CA,Determine the meaning of words and phrases in a text relevant to a grade 2 topic or subject area. (See grade 2 Language standards 4–6 for additional expectations.) CA,https://www2.cde.ca.gov/cacs/ela,https://www2.cde.ca.gov/cacs/ela
CA-CCSS-ELA-2013,RI.2.4,CA-CCSS-ELA-2013,RI.3.4,,2,3,RI | 4 | ,Identifier match only: same strand/domain and number in adjacent grades. Prerequisite relationship is unverified; review both standards before assigning a relation.,Determine the meaning of words and phrases in a text relevant to a grade 2 topic or subject area. (See grade 2 Language standards 4–6 for additional expectations.) CA,Determine the meaning of general academic and domain-specific words and phrases in a text relevant to a grade 3 topic or subject area. (See grade 3 Language standards 4–6 for additional expectations.) CA,https://www2.cde.ca.gov/cacs/ela,https://www2.cde.ca.gov/cacs/ela
CA-CCSS-ELA-2013,RI.3.4,CA-CCSS-ELA-2013,RI.4.4,,3,4,RI | 4 | ,Identifier match only: same strand/domain and number in adjacent grades. Prerequisite relationship is unverified; review both standards before assigning a relation.,Determine the meaning of general academic and domain-specific words and phrases in a text relevant to a grade 3 topic or subject area. (See grade 3 Language standards 4–6 for additional expectations.) CA,Determine the meaning of general academic and domain-specific words or phrases in a text relevant to a grade 4 topic or subject area. (See grade 4 Language standards 4–6 for additional expectations.) CA,https://www2.cde.ca.gov/cacs/ela,https://www2.cde.ca.gov/cacs/ela
CA-CCSS-ELA-2013,RI.4.4,CA-CCSS-ELA-2013,RI.5.4,,4,5,RI | 4 | ,Identifier match only: same strand/domain and number in adjacent grades. Prerequisite relationship is unverified; review both standards before assigning a relation.,Determine the meaning of general academic and domain-specific words or phrases in a text relevant to a grade 4 topic or subject area. (See grade 4 Language standards 4–6 for additional expectations.) CA,Determine the meaning of general academic and domain-specific words and phrases in a text relevant to a grade 5 topic or subject area. (See grade 5 Language standards 4–6 for additional expectations.) CA,https://www2.cde.ca.gov/cacs/ela,https://www2.cde.ca.gov/cacs/ela
CA-CCSS-ELA-2013,RI.K.5,CA-CCSS-ELA-2013,RI.1.5,,0,1,RI | 5 | ,Identifier match only: same strand/domain and number in adjacent grades. Prerequisite relationship is unverified; review both standards before assigning a relation.,"Identify the front cover, back cover, and title page of a book.","Know and use various text structures (e.g., sequence) and text features (e.g., headings, tables of contents, glossaries, electronic menus, icons) to locate key facts or information in a text. CA",https://www2.cde.ca.gov/cacs/ela,https://www2.cde.ca.gov/cacs/ela
CA-CCSS-ELA-2013,RI.1.5,CA-CCSS-ELA-2013,RI.2.5,,1,2,RI | 5 | ,Identifier match only: same strand/domain and number in adjacent grades. Prerequisite relationship is unverified; review both standards before assigning a relation.,"Know and use various text structures (e.g., sequence) and text features (e.g., headings, tables of contents, glossaries, electronic menus, icons) to locate key facts or information in a text. CA","Know and use various text features (e.g., captions, bold print, subheadings, glossaries, indexes, electronic menus, icons) to locate key facts or information in a text efficiently.",https://www2.cde.ca.gov/cacs/ela,https://www2.cde.ca.gov/cacs/ela
CA-CCSS-ELA-2013,RI.2.5,CA-CCSS-ELA-2013,RI.3.5,,2,3,RI | 5 | ,Identifier match only: same strand/domain and number in adjacent grades. Prerequisite relationship is unverified; review both standards before assigning a relation.,"Know and use various text features (e.g., captions, bold print, subheadings, glossaries, indexes, electronic menus, icons) to locate key facts or information in a text efficiently.","Use text features and search tools (e.g., key words, sidebars, hyperlinks) to locate information relevant to a given topic efficiently.",https://www2.cde.ca.gov/cacs/ela,https://www2.cde.ca.gov/cacs/ela
CA-CCSS-ELA-2013,RI.3.5,CA-CCSS-ELA-2013,RI.4.5,,3,4,RI | 5 | ,Identifier match only: same strand/domain and number in adjacent grades. Prerequisite relationship is unverified; review both standards before assigning a relation.,"Use text features and search tools (e.g., key words, sidebars, hyperlinks) to locate information relevant to a given topic efficiently.","Describe the overall structure (e.g., chronology, comparison, cause/effect, problem/solution) of events, ideas, concepts, or information in a text or part of a text.",https://www2.cde.ca.gov/cacs/ela,https://www2.cde.ca.gov/cacs/ela
CA-CCSS-ELA-2013,RI.4.5,CA-CCSS-ELA-2013,RI.5.5,,4,5,RI | 5 | ,Identifier match only: same strand/domain and number in adjacent grades. Prerequisite relationship is unverified; review both standards before assigning a relation.,"Describe the overall structure (e.g., chronology, comparison, cause/effect, problem/solution) of events, ideas, concepts, or information in a text or part of a text.","Compare and contrast the overall structure (e.g., chronology, comparison, cause/effect, problem/solution) of events, ideas, concepts, or information in two or more texts.",https://www2.cde.ca.gov/cacs/ela,https://www2.cde.ca.gov/cacs/ela
CA-CCSS-ELA-2013,RI.K.6,CA-CCSS-ELA-2013,RI.1.6,,0,1,RI | 6 | ,Identifier match only: same strand/domain and number in adjacent grades. Prerequisite relationship is unverified; review both standards before assigning a relation.,Name the author and illustrator of a text and define the role of each in presenting the ideas or information in a text.,Distinguish between information provided by pictures or other illustrations and information provided by the words in a text.,https://www2.cde.ca.gov/cacs/ela,https://www2.cde.ca.gov/cacs/ela
CA-CCSS-ELA-2013,RI.1.6,CA-CCSS-ELA-2013,RI.2.6,,1,2,RI | 6 | ,Identifier match only: same strand/domain and number in adjacent grades. Prerequisite relationship is unverified; review both standards before assigning a relation.,Distinguish between information provided by pictures or other illustrations and information provided by the words in a text.,"Identify the main purpose of a text, including what the author wants to answer, explain, or describe.",https://www2.cde.ca.gov/cacs/ela,https://www2.cde.ca.gov/cacs/ela
CA-CCSS-ELA-2013,RI.2.6,CA-CCSS-ELA-2013,RI.3.6,,2,3,RI | 6 | ,Identifier match only: same strand/domain and number in adjacent grades. Prerequisite relationship is unverified; review both standards before assigning a relation.,"Identify the main purpose of a text, including what the author wants to answer, explain, or describe.",Distinguish their own point of view from that of the author of a text.,https://www2.cde.ca.gov/cacs/ela,https://www2.cde.ca.gov/cacs/ela
CA-CCSS-ELA-2013,RI.3.6,CA-CCSS-ELA-2013,RI.4.6,,3,4,RI | 6 | ,Identifier match only: same strand/domain and number in adjacent grades. Prerequisite relationship is unverified; review both standards before assigning a relation.,Distinguish their own point of view from that of the author of a text.,Compare and contrast a firsthand and secondhand account of the same event or topic; describe the differences in focus and the information provided.,https://www2.cde.ca.gov/cacs/ela,https://www2.cde.ca.gov/cacs/ela
CA-CCSS-ELA-2013,RI.4.6,CA-CCSS-ELA-2013,RI.5.6,,4,5,RI | 6 | ,Identifier match only: same strand/domain and number in adjacent grades. Prerequisite relationship is unverified; review both standards before assigning a relation.,Compare and contrast a firsthand and secondhand account of the same event or topic; describe the differences in focus and the information provided.,"Analyze multiple accounts of the same event or topic, noting important similarities and differences in the point of view they represent.",https://www2.cde.ca.gov/cacs/ela,https://www2.cde.ca.gov/cacs/ela
CA-CCSS-ELA-2013,RI.K.7,CA-CCSS-ELA-2013,RI.1.7,,0,1,RI | 7 | ,Identifier match only: same strand/domain and number in adjacent grades. Prerequisite relationship is unverified; review both standards before assigning a relation.,"With prompting and support, describe the relationship between illustrations and the text in which they appear (e.g., what person, place, thing, or idea in the text an illustration depicts).",Use the illustrations and details in a text to describe its key ideas.,https://www2.cde.ca.gov/cacs/ela,https://www2.cde.ca.gov/cacs/ela
CA-CCSS-ELA-2013,RI.1.7,CA-CCSS-ELA-2013,RI.2.7,,1,2,RI | 7 | ,Identifier match only: same strand/domain and number in adjacent grades. Prerequisite relationship is unverified; review both standards before assigning a relation.,Use the illustrations and details in a text to describe its key ideas.,"Explain how specific images (e.g., a diagram showing how a machine works) contribute to and clarify a text.",https://www2.cde.ca.gov/cacs/ela,https://www2.cde.ca.gov/cacs/ela
CA-CCSS-ELA-2013,RI.2.7,CA-CCSS-ELA-2013,RI.3.7,,2,3,RI | 7 | ,Identifier match only: same strand/domain and number in adjacent grades. Prerequisite relationship is unverified; review both standards before assigning a relation.,"Explain how specific images (e.g., a diagram showing how a machine works) contribute to and clarify a text.","Use information gained from illustrations (e.g., maps, photographs) and the words in a text to demonstrate understanding of the text (e.g., where, when, why, and how key events occur).",https://www2.cde.ca.gov/cacs/ela,https://www2.cde.ca.gov/cacs/ela
CA-CCSS-ELA-2013,RI.3.7,CA-CCSS-ELA-2013,RI.4.7,,3,4,RI | 7 | ,Identifier match only: same strand/domain and number in adjacent grades. Prerequisite relationship is unverified; review both standards before assigning a relation.,"Use information gained from illustrations (e.g., maps, photographs) and the words in a text to demonstrate understanding of the text (e.g., where, when, why, and how key events occur).","Interpret information presented visually, orally, or quantitatively (e.g., in charts, graphs, diagrams, time lines, animations, or interactive elements on Web pages) and explain how the information contributes to an understanding of the text in which it appears.",https://www2.cde.ca.gov/cacs/ela,https://www2.cde.ca.gov/cacs/ela
CA-CCSS-ELA-2013,RI.4.7,CA-CCSS-ELA-2013,RI.5.7,,4,5,RI | 7 | ,Identifier match only: same strand/domain and number in adjacent grades. Prerequisite relationship is unverified; review both standards before assigning a relation.,"Interpret information presented visually, orally, or quantitatively (e.g., in charts, graphs, diagrams, time lines, animations, or interactive elements on Web pages) and explain how the information contributes to an understanding of the text in which it appears.","Draw on information from multiple print or digital sources, demonstrating the ability to locate an answer to a question quickly or to solve a problem efficiently.",https://www2.cde.ca.gov/cacs/ela,https://www2.cde.ca.gov/cacs/ela
CA-CCSS-ELA-2013,RI.K.8,CA-CCSS-ELA-2013,RI.1.8,,0,1,RI | 8 | ,Identifier match only: same strand/domain and number in adjacent grades. Prerequisite relationship is unverified; review both standards before assigning a relation.,"With prompting and support, identify the reasons an author gives to support points in a text.",Identify the reasons an author gives to support points in a text.,https://www2.cde.ca.gov/cacs/ela,https://www2.cde.ca.gov/cacs/ela
CA-CCSS-ELA-2013,RI.1.8,CA-CCSS-ELA-2013,RI.2.8,,1,2,RI | 8 | ,Identifier match only: same strand/domain and number in adjacent grades. Prerequisite relationship is unverified; review both standards before assigning a relation.,Identify the reasons an author gives to support points in a text.,Describe how reasons support specific points the author makes in a text.,https://www2.cde.ca.gov/cacs/ela,https://www2.cde.ca.gov/cacs/ela
CA-CCSS-ELA-2013,RI.2.8,CA-CCSS-ELA-2013,RI.3.8,,2,3,RI | 8 | ,Identifier match only: same strand/domain and number in adjacent grades. Prerequisite relationship is unverified; review both standards before assigning a relation.,Describe how reasons support specific points the author makes in a text.,"Describe the logical connection between particular sentences and paragraphs in a text (e.g., comparison, cause/effect, first/second/third in a sequence).",https://www2.cde.ca.gov/cacs/ela,https://www2.cde.ca.gov/cacs/ela
CA-CCSS-ELA-2013,RI.3.8,CA-CCSS-ELA-2013,RI.4.8,,3,4,RI | 8 | ,Identifier match only: same strand/domain and number in adjacent grades. Prerequisite relationship is unverified; review both standards before assigning a relation.,"Describe the logical connection between particular sentences and paragraphs in a text (e.g., comparison, cause/effect, first/second/third in a sequence).",Explain how an author uses reasons and evidence to support particular points in a text.,https://www2.cde.ca.gov/cacs/ela,https://www2.cde.ca.gov/cacs/ela
CA-CCSS-ELA-2013,RI.4.8,CA-CCSS-ELA-2013,RI.5.8,,4,5,RI | 8 | ,Identifier match only: same strand/domain and number in adjacent grades. Prerequisite relationship is unverified; review both standards before assigning a relation.,Explain how an author uses reasons and evidence to support particular points in a text.,"Explain how an author uses reasons and evidence to support particular points in a text, identifying which reasons and evidence support which point(s).",https://www2.cde.ca.gov/cacs/ela,https://www2.cde.ca.gov/cacs/ela
CA-CCSS-ELA-2013,RI.K.9,CA-CCSS-ELA-2013,RI.1.9,,0,1,RI | 9 | ,Identifier match only: same strand/domain and number in adjacent grades. Prerequisite relationship is unverified; review both standards before assigning a relation.,"With prompting and support, identify basic similarities in and differences between two texts on the same topic (e.g., in illustrations, descriptions, or procedures).","Identify basic similarities in and differences between two texts on the same topic (e.g., in illustrations, descriptions, or procedures).",https://www2.cde.ca.gov/cacs/ela,https://www2.cde.ca.gov/cacs/ela
CA-CCSS-ELA-2013,RI.1.9,CA-CCSS-ELA-2013,RI.2.9,,1,2,RI | 9 | ,Identifier match only: same strand/domain and number in adjacent grades. Prerequisite relationship is unverified; review both standards before assigning a relation.,"Identify basic similarities in and differences between two texts on the same topic (e.g., in illustrations, descriptions, or procedures).",Compare and contrast the most important points presented by two texts on the same topic.,https://www2.cde.ca.gov/cacs/ela,https://www2.cde.ca.gov/cacs/ela
CA-CCSS-ELA-2013,RI.2.9,CA-CCSS-ELA-2013,RI.3.9,,2,3,RI | 9 | ,Identifier match only: same strand/domain and number in adjacent grades. Prerequisite relationship is unverified; review both standards before assigning a relation.,Compare and contrast the most important points presented by two texts on the same topic.,Compare and contrast the most important points and key details presented in two texts on the same topic.,https://www2.cde.ca.gov/cacs/ela,https://www2.cde.ca.gov/cacs/ela
CA-CCSS-ELA-2013,RI.3.9,CA-CCSS-ELA-2013,RI.4.9,,3,4,RI | 9 | ,Identifier match only: same strand/domain and number in adjacent grades. Prerequisite relationship is unverified; review both standards before assigning a relation.,Compare and contrast the most important points and key details presented in two texts on the same topic.,Integrate information from two texts on the same topic in order to write or speak about the subject knowledgeably.,https://www2.cde.ca.gov/cacs/ela,https://www2.cde.ca.gov/cacs/ela
CA-CCSS-ELA-2013,RI.4.9,CA-CCSS-ELA-2013,RI.5.9,,4,5,RI | 9 | ,Identifier match only: same strand/domain and number in adjacent grades. Prerequisite relationship is unverified; review both standards before assigning a relation.,Integrate information from two texts on the same topic in order to write or speak about the subject knowledgeably.,Integrate information from several texts on the same topic in order to write or speak about the subject knowledgeably.,https://www2.cde.ca.gov/cacs/ela,https://www2.cde.ca.gov/cacs/ela
CA-CCSS-ELA-2013,RL.K.1,CA-CCSS-ELA-2013,RL.1.1,,0,1,RL | 1 | ,Identifier match only: same strand/domain and number in adjacent grades. Prerequisite relationship is unverified; review both standards before assigning a relation.,"With prompting and support, ask and answer questions about key details in a text.",Ask and answer questions about key details in a text.,https://www2.cde.ca.gov/cacs/ela,https://www2.cde.ca.gov/cacs/ela
CA-CCSS-ELA-2013,RL.1.1,CA-CCSS-ELA-2013,RL.2.1,,1,2,RL | 1 | ,Identifier match only: same strand/domain and number in adjacent grades. Prerequisite relationship is unverified; review both standards before assigning a relation.,Ask and answer questions about key details in a text.,"Ask and answer such questions as who, what, where, when, why, and how to demonstrate understanding of key details in a text.",https://www2.cde.ca.gov/cacs/ela,https://www2.cde.ca.gov/cacs/ela
CA-CCSS-ELA-2013,RL.2.1,CA-CCSS-ELA-2013,RL.3.1,,2,3,RL | 1 | ,Identifier match only: same strand/domain and number in adjacent grades. Prerequisite relationship is unverified; review both standards before assigning a relation.,"Ask and answer such questions as who, what, where, when, why, and how to demonstrate understanding of key details in a text.","Ask and answer questions to demonstrate understanding of a text, referring explicitly to the text as the basis for the answers.",https://www2.cde.ca.gov/cacs/ela,https://www2.cde.ca.gov/cacs/ela
CA-CCSS-ELA-2013,RL.3.1,CA-CCSS-ELA-2013,RL.4.1,,3,4,RL | 1 | ,Identifier match only: same strand/domain and number in adjacent grades. Prerequisite relationship is unverified; review both standards before assigning a relation.,"Ask and answer questions to demonstrate understanding of a text, referring explicitly to the text as the basis for the answers.",Refer to details and examples in a text when explaining what the text says explicitly and when drawing inferences from the text.,https://www2.cde.ca.gov/cacs/ela,https://www2.cde.ca.gov/cacs/ela
CA-CCSS-ELA-2013,RL.4.1,CA-CCSS-ELA-2013,RL.5.1,,4,5,RL | 1 | ,Identifier match only: same strand/domain and number in adjacent grades. Prerequisite relationship is unverified; review both standards before assigning a relation.,Refer to details and examples in a text when explaining what the text says explicitly and when drawing inferences from the text.,Quote accurately from a text when explaining what the text says explicitly and when drawing inferences from the text.,https://www2.cde.ca.gov/cacs/ela,https://www2.cde.ca.gov/cacs/ela
CA-CCSS-ELA-2013,RL.K.10,CA-CCSS-ELA-2013,RL.1.10,,0,1,RL | 10 | ,Identifier match only: same strand/domain and number in adjacent grades. Prerequisite relationship is unverified; review both standards before assigning a relation.,Actively engage in group reading activities with purpose and understanding. a. Activate prior knowledge related to the information and events in texts. CA b. Use illustrations and context to make predictions about text. CA,"With prompting and support, read prose and poetry of appropriate complexity for grade 1. a. Activate prior knowledge related to the information and events in a text. CA b. Confirm predictions about what will happen next in a text. CA",https://www2.cde.ca.gov/cacs/ela,https://www2.cde.ca.gov/cacs/ela
CA-CCSS-ELA-2013,RL.1.10,CA-CCSS-ELA-2013,RL.2.10,,1,2,RL | 10 | ,Identifier match only: same strand/domain and number in adjacent grades. Prerequisite relationship is unverified; review both standards before assigning a relation.,"With prompting and support, read prose and poetry of appropriate complexity for grade 1. a. Activate prior knowledge related to the information and events in a text. CA b. Confirm predictions about what will happen next in a text. CA","By the end of the year, read and comprehend literature, including stories and poetry, in the grades 2–3 text complexity band proficiently, with scaffolding as needed at the high end of the range.",https://www2.cde.ca.gov/cacs/ela,https://www2.cde.ca.gov/cacs/ela
CA-CCSS-ELA-2013,RL.2.10,CA-CCSS-ELA-2013,RL.3.10,,2,3,RL | 10 | ,Identifier match only: same strand/domain and number in adjacent grades. Prerequisite relationship is unverified; review both standards before assigning a relation.,"By the end of the year, read and comprehend literature, including stories and poetry, in the grades 2–3 text complexity band proficiently, with scaffolding as needed at the high end of the range.","By the end of the year, read and comprehend literature, including stories, dramas, and poetry, at the high end of the grades 2–3 text complexity band independently and proficiently.",https://www2.cde.ca.gov/cacs/ela,https://www2.cde.ca.gov/cacs/ela
CA-CCSS-ELA-2013,RL.3.10,CA-CCSS-ELA-2013,RL.4.10,,3,4,RL | 10 | ,Identifier match only: same strand/domain and number in adjacent grades. Prerequisite relationship is unverified; review both standards before assigning a relation.,"By the end of the year, read and comprehend literature, including stories, dramas, and poetry, at the high end of the grades 2–3 text complexity band independently and proficiently.","By the end of the year, read and comprehend literature, including stories, dramas, and poetry, in the grades 4–5 text complexity band proficiently, with scaffolding as needed at the high end of the range.",https://www2.cde.ca.gov/cacs/ela,https://www2.cde.ca.gov/cacs/ela
CA-CCSS-ELA-2013,RL.4.10,CA-CCSS-ELA-2013,RL.5.10,,4,5,RL | 10 | ,Identifier match only: same strand/domain and number in adjacent grades. Prerequisite relationship is unverified; review both standards before assigning a relation.,"By the end of the year, read and comprehend literature, including stories, dramas, and poetry, in the grades 4–5 text complexity band proficiently, with scaffolding as needed at the high end of the range.","By the end of the year, read and comprehend literature, including stories, dramas, and poetry, at the high end of the grades 4–5 text complexity band independently and proficiently.",https://www2.cde.ca.gov/cacs/ela,https://www2.cde.ca.gov/cacs/ela
CA-CCSS-ELA-2013,RL.K.2,CA-CCSS-ELA-2013,RL.1.2,,0,1,RL | 2 | ,Identifier match only: same strand/domain and number in adjacent grades. Prerequisite relationship is unverified; review both standards before assigning a relation.,"With prompting and support, retell familiar stories, including key details.","Retell stories, including key details, and demonstrate understanding of their central message or lesson.",https://www2.cde.ca.gov/cacs/ela,https://www2.cde.ca.gov/cacs/ela
CA-CCSS-ELA-2013,RL.3.2,CA-CCSS-ELA-2013,RL.4.2,,3,4,RL | 2 | ,Identifier match only: same strand/domain and number in adjacent grades. Prerequisite relationship is unverified; review both standards before assigning a relation.,"Recount stories, including fables, folktales, and myths from diverse cultures; determine the central message, lesson, or moral and explain how it is conveyed through key details in the text.","Determine a theme of a story, drama, or poem from details in the text; summarize the text.",https://www2.cde.ca.gov/cacs/ela,https://www2.cde.ca.gov/cacs/ela
CA-CCSS-ELA-2013,RL.4.2,CA-CCSS-ELA-2013,RL.5.2,,4,5,RL | 2 | ,Identifier match only: same strand/domain and number in adjacent grades. Prerequisite relationship is unverified; review both standards before assigning a relation.,"Determine a theme of a story, drama, or poem from details in the text; summarize the text.","Determine a theme of a story, drama, or poem from details in the text, including how characters in a story or drama respond to challenges or how the speaker in a poem reflects upon a topic; summarize the text.",https://www2.cde.ca.gov/cacs/ela,https://www2.cde.ca.gov/cacs/ela
CA-CCSS-ELA-2013,RL.K.3,CA-CCSS-ELA-2013,RL.1.3,,0,1,RL | 3 | ,Identifier match only: same strand/domain and number in adjacent grades. Prerequisite relationship is unverified; review both standards before assigning a relation.,"With prompting and support, identify characters, settings, and major events in a story.","Describe characters, settings, and major events in a story, using key details.",https://www2.cde.ca.gov/cacs/ela,https://www2.cde.ca.gov/cacs/ela
CA-CCSS-ELA-2013,RL.3.3,CA-CCSS-ELA-2013,RL.4.3,,3,4,RL | 3 | ,Identifier match only: same strand/domain and number in adjacent grades. Prerequisite relationship is unverified; review both standards before assigning a relation.,"Describe characters in a story (e.g., their traits, motivations, or feelings) and explain how their actions contribute to the sequence of events.","Describe in depth a character, setting, or event in a story or drama, drawing on specific details in the text (e.g., a character’s thoughts, words, or actions).",https://www2.cde.ca.gov/cacs/ela,https://www2.cde.ca.gov/cacs/ela
CA-CCSS-ELA-2013,RL.4.3,CA-CCSS-ELA-2013,RL.5.3,,4,5,RL | 3 | ,Identifier match only: same strand/domain and number in adjacent grades. Prerequisite relationship is unverified; review both standards before assigning a relation.,"Describe in depth a character, setting, or event in a story or drama, drawing on specific details in the text (e.g., a character’s thoughts, words, or actions).","Compare and contrast two or more characters, settings, or events in a story or drama, drawing on specific details in the text (e.g., how characters interact).",https://www2.cde.ca.gov/cacs/ela,https://www2.cde.ca.gov/cacs/ela
CA-CCSS-ELA-2013,RL.K.4,CA-CCSS-ELA-2013,RL.1.4,,0,1,RL | 4 | ,Identifier match only: same strand/domain and number in adjacent grades. Prerequisite relationship is unverified; review both standards before assigning a relation.,Ask and answer questions about unknown words in a text. (See grade K Language standards 4–6 for additional expectations.) CA,Identify words and phrases in stories or poems that suggest feelings or appeal to the senses. (See grade 1 Language standards 4–6 for additional expectations.) CA,https://www2.cde.ca.gov/cacs/ela,https://www2.cde.ca.gov/cacs/ela
CA-CCSS-ELA-2013,RL.1.4,CA-CCSS-ELA-2013,RL.2.4,,1,2,RL | 4 | ,Identifier match only: same strand/domain and number in adjacent grades. Prerequisite relationship is unverified; review both standards before assigning a relation.,Identify words and phrases in stories or poems that suggest feelings or appeal to the senses. (See grade 1 Language standards 4–6 for additional expectations.) CA,"Describe how words and phrases (e.g., regular beats, alliteration, rhymes, repeated lines) supply rhythm and meaning in a story, poem, or song. (See grade 2 Language standards 4–6 for additional expectations.) CA",https://www2.cde.ca.gov/cacs/ela,https://www2.cde.ca.gov/cacs/ela
CA-CCSS-ELA-2013,RL.2.4,CA-CCSS-ELA-2013,RL.3.4,,2,3,RL | 4 | ,Identifier match only: same strand/domain and number in adjacent grades. Prerequisite relationship is unverified; review both standards before assigning a relation.,"Describe how words and phrases (e.g., regular beats, alliteration, rhymes, repeated lines) supply rhythm and meaning in a story, poem, or song. (See grade 2 Language standards 4–6 for additional expectations.) CA","Determine the meaning of words and phrases as they are used in a text, distinguishing literal from nonliteral language. (See grade 3 Language standards 4–6 for additional expectations.) CA",https://www2.cde.ca.gov/cacs/ela,https://www2.cde.ca.gov/cacs/ela
CA-CCSS-ELA-2013,RL.3.4,CA-CCSS-ELA-2013,RL.4.4,,3,4,RL | 4 | ,Identifier match only: same strand/domain and number in adjacent grades. Prerequisite relationship is unverified; review both standards before assigning a relation.,"Determine the meaning of words and phrases as they are used in a text, distinguishing literal from nonliteral language. (See grade 3 Language standards 4–6 for additional expectations.) CA","Determine the meaning of words and phrases as they are used in a text, including those that allude to significant characters found in mythology (e.g., Herculean). (See grade 4 Language standards 4–6 for additional expectations.) CA",https://www2.cde.ca.gov/cacs/ela,https://www2.cde.ca.gov/cacs/ela
CA-CCSS-ELA-2013,RL.4.4,CA-CCSS-ELA-2013,RL.5.4,,4,5,RL | 4 | ,Identifier match only: same strand/domain and number in adjacent grades. Prerequisite relationship is unverified; review both standards before assigning a relation.,"Determine the meaning of words and phrases as they are used in a text, including those that allude to significant characters found in mythology (e.g., Herculean). (See grade 4 Language standards 4–6 for additional expectations.) CA","Determine the meaning of words and phrases as they are used in a text, including figurative language such as metaphors and similes. (See grade 5 Language standards 4–6 for additional expectations.) CA",https://www2.cde.ca.gov/cacs/ela,https://www2.cde.ca.gov/cacs/ela
CA-CCSS-ELA-2013,RL.K.5,CA-CCSS-ELA-2013,RL.1.5,,0,1,RL | 5 | ,Identifier match only: same strand/domain and number in adjacent grades. Prerequisite relationship is unverified; review both standards before assigning a relation.,"Recognize common types of texts (e.g., storybooks, poems, fantasy, realistic text). CA","Explain major differences between books that tell stories and books that give information, drawing on a wide reading of a range of text types.",https://www2.cde.ca.gov/cacs/ela,https://www2.cde.ca.gov/cacs/ela
CA-CCSS-ELA-2013,RL.1.5,CA-CCSS-ELA-2013,RL.2.5,,1,2,RL | 5 | ,Identifier match only: same strand/domain and number in adjacent grades. Prerequisite relationship is unverified; review both standards before assigning a relation.,"Explain major differences between books that tell stories and books that give information, drawing on a wide reading of a range of text types.","Describe the overall structure of a story, including describing how the beginning introduces the story and the ending concludes the action.",https://www2.cde.ca.gov/cacs/ela,https://www2.cde.ca.gov/cacs/ela
CA-CCSS-ELA-2013,RL.2.5,CA-CCSS-ELA-2013,RL.3.5,,2,3,RL | 5 | ,Identifier match only: same strand/domain and number in adjacent grades. Prerequisite relationship is unverified; review both standards before assigning a relation.,"Describe the overall structure of a story, including describing how the beginning introduces the story and the ending concludes the action.","Refer to parts of stories, dramas, and poems when writing or speaking about a text, using terms such as chapter, scene, and stanza; describe how each successive part builds on earlier sections.",https://www2.cde.ca.gov/cacs/ela,https://www2.cde.ca.gov/cacs/ela
CA-CCSS-ELA-2013,RL.3.5,CA-CCSS-ELA-2013,RL.4.5,,3,4,RL | 5 | ,Identifier match only: same strand/domain and number in adjacent grades. Prerequisite relationship is unverified; review both standards before assigning a relation.,"Refer to parts of stories, dramas, and poems when writing or speaking about a text, using terms such as chapter, scene, and stanza; describe how each successive part builds on earlier sections.","Explain major differences between poems, drama, and prose, and refer to the structural elements of poems (e.g., verse, rhythm, meter) and drama (e.g., casts of characters, settings, descriptions, dialogue, stage directions) when writing or speaking about a text.",https://www2.cde.ca.gov/cacs/ela,https://www2.cde.ca.gov/cacs/ela
CA-CCSS-ELA-2013,RL.4.5,CA-CCSS-ELA-2013,RL.5.5,,4,5,RL | 5 | ,Identifier match only: same strand/domain and number in adjacent grades. Prerequisite relationship is unverified; review both standards before assigning a relation.,"Explain major differences between poems, drama, and prose, and refer to the structural elements of poems (e.g., verse, rhythm, meter) and drama (e.g., casts of characters, settings, descriptions, dialogue, stage directions) when writing or speaking about a text.","Explain how a series of chapters, scenes, or stanzas fits together to provide the overall structure of a particular story, drama, or poem.",https://www2.cde.ca.gov/cacs/ela,https://www2.cde.ca.gov/cacs/ela
CA-CCSS-ELA-2013,RL.K.6,CA-CCSS-ELA-2013,RL.1.6,,0,1,RL | 6 | ,Identifier match only: same strand/domain and number in adjacent grades. Prerequisite relationship is unverified; review both standards before assigning a relation.,"With prompting and support, name the author and illustrator of a story and define the role of each in telling the story.",Identify who is telling the story at various points in a text.,https://www2.cde.ca.gov/cacs/ela,https://www2.cde.ca.gov/cacs/ela
CA-CCSS-ELA-2013,RL.1.6,CA-CCSS-ELA-2013,RL.2.6,,1,2,RL | 6 | ,Identifier match only: same strand/domain and number in adjacent grades. Prerequisite relationship is unverified; review both standards before assigning a relation.,Identify who is telling the story at various points in a text.,"Acknowledge differences in the points of view of characters, including by speaking in a different voice for each character when reading dialogue aloud.",https://www2.cde.ca.gov/cacs/ela,https://www2.cde.ca.gov/cacs/ela
CA-CCSS-ELA-2013,RL.2.6,CA-CCSS-ELA-2013,RL.3.6,,2,3,RL | 6 | ,Identifier match only: same strand/domain and number in adjacent grades. Prerequisite relationship is unverified; review both standards before assigning a relation.,"Acknowledge differences in the points of view of characters, including by speaking in a different voice for each character when reading dialogue aloud.",Distinguish their own point of view from that of the narrator or those of the characters.,https://www2.cde.ca.gov/cacs/ela,https://www2.cde.ca.gov/cacs/ela
CA-CCSS-ELA-2013,RL.3.6,CA-CCSS-ELA-2013,RL.4.6,,3,4,RL | 6 | ,Identifier match only: same strand/domain and number in adjacent grades. Prerequisite relationship is unverified; review both standards before assigning a relation.,Distinguish their own point of view from that of the narrator or those of the characters.,"Compare and contrast the point of view from which different stories are narrated, including the difference between first- and third-person narrations.",https://www2.cde.ca.gov/cacs/ela,https://www2.cde.ca.gov/cacs/ela
CA-CCSS-ELA-2013,RL.4.6,CA-CCSS-ELA-2013,RL.5.6,,4,5,RL | 6 | ,Identifier match only: same strand/domain and number in adjacent grades. Prerequisite relationship is unverified; review both standards before assigning a relation.,"Compare and contrast the point of view from which different stories are narrated, including the difference between first- and third-person narrations.",Describe how a narrator’s or speaker’s point of view influences how events are described.,https://www2.cde.ca.gov/cacs/ela,https://www2.cde.ca.gov/cacs/ela
CA-CCSS-ELA-2013,RL.K.7,CA-CCSS-ELA-2013,RL.1.7,,0,1,RL | 7 | ,Identifier match only: same strand/domain and number in adjacent grades. Prerequisite relationship is unverified; review both standards before assigning a relation.,"With prompting and support, describe the relationship between illustrations and the story in which they appear (e.g., what moment in a story an illustration depicts).","Use illustrations and details in a story to describe its characters, setting, or events.",https://www2.cde.ca.gov/cacs/ela,https://www2.cde.ca.gov/cacs/ela
CA-CCSS-ELA-2013,RL.1.7,CA-CCSS-ELA-2013,RL.2.7,,1,2,RL | 7 | ,Identifier match only: same strand/domain and number in adjacent grades. Prerequisite relationship is unverified; review both standards before assigning a relation.,"Use illustrations and details in a story to describe its characters, setting, or events.","Use information gained from the illustrations and words in a print or digital text to demonstrate understanding of its characters, setting, or plot.",https://www2.cde.ca.gov/cacs/ela,https://www2.cde.ca.gov/cacs/ela
CA-CCSS-ELA-2013,RL.2.7,CA-CCSS-ELA-2013,RL.3.7,,2,3,RL | 7 | ,Identifier match only: same strand/domain and number in adjacent grades. Prerequisite relationship is unverified; review both standards before assigning a relation.,"Use information gained from the illustrations and words in a print or digital text to demonstrate understanding of its characters, setting, or plot.","Explain how specific aspects of a text’s illustrations contribute to what is conveyed by the words in a story (e.g., create mood, emphasize aspects of a character or setting).",https://www2.cde.ca.gov/cacs/ela,https://www2.cde.ca.gov/cacs/ela
CA-CCSS-ELA-2013,RL.3.7,CA-CCSS-ELA-2013,RL.4.7,,3,4,RL | 7 | ,Identifier match only: same strand/domain and number in adjacent grades. Prerequisite relationship is unverified; review both standards before assigning a relation.,"Explain how specific aspects of a text’s illustrations contribute to what is conveyed by the words in a story (e.g., create mood, emphasize aspects of a character or setting).","Make connections between the text of a story or drama and a visual or oral presentation of the text, identifying where each version reflects specific descriptions and directions in the text.",https://www2.cde.ca.gov/cacs/ela,https://www2.cde.ca.gov/cacs/ela
CA-CCSS-ELA-2013,RL.4.7,CA-CCSS-ELA-2013,RL.5.7,,4,5,RL | 7 | ,Identifier match only: same strand/domain and number in adjacent grades. Prerequisite relationship is unverified; review both standards before assigning a relation.,"Make connections between the text of a story or drama and a visual or oral presentation of the text, identifying where each version reflects specific descriptions and directions in the text.","Analyze how visual and multimedia elements contribute to the meaning, tone, or beauty of a text (e.g., graphic novel, multimedia presentation of fiction, folktale, myth, poem).",https://www2.cde.ca.gov/cacs/ela,https://www2.cde.ca.gov/cacs/ela
CA-CCSS-ELA-2013,RL.K.8,CA-CCSS-ELA-2013,RL.1.8,,0,1,RL | 8 | ,Identifier match only: same strand/domain and number in adjacent grades. Prerequisite relationship is unverified; review both standards before assigning a relation.,(Not applicable to literature),(Not applicable to literature),https://www2.cde.ca.gov/cacs/ela,https://www2.cde.ca.gov/cacs/ela
CA-CCSS-ELA-2013,RL.1.8,CA-CCSS-ELA-2013,RL.2.8,,1,2,RL | 8 | ,Identifier match only: same strand/domain and number in adjacent grades. Prerequisite relationship is unverified; review both standards before assigning a relation.,(Not applicable to literature),(Not applicable to literature),https://www2.cde.ca.gov/cacs/ela,https://www2.cde.ca.gov/cacs/ela
CA-CCSS-ELA-2013,RL.2.8,CA-CCSS-ELA-2013,RL.3.8,,2,3,RL | 8 | ,Identifier match only: same strand/domain and number in adjacent grades. Prerequisite relationship is unverified; review both standards before assigning a relation.,(Not applicable to literature),(Not applicable to literature),https://www2.cde.ca.gov/cacs/ela,https://www2.cde.ca.gov/cacs/ela
CA-CCSS-ELA-2013,RL.3.8,CA-CCSS-ELA-2013,RL.4.8,,3,4,RL | 8 | ,Identifier match only: same strand/domain and number in adjacent grades. Prerequisite relationship is unverified; review both standards before assigning a relation.,(Not applicable to literature),(Not applicable to literature),https://www2.cde.ca.gov/cacs/ela,https://www2.cde.ca.gov/cacs/ela
CA-CCSS-ELA-2013,RL.4.8,CA-CCSS-ELA-2013,RL.5.8,,4,5,RL | 8 | ,Identifier match only: same strand/domain and number in adjacent grades. Prerequisite relationship is unverified; review both standards before assigning a relation.,(Not applicable to literature),(Not applicable to literature),https://www2.cde.ca.gov/cacs/ela,https://www2.cde.ca.gov/cacs/ela
CA-CCSS-ELA-2013,RL.K.9,CA-CCSS-ELA-2013,RL.1.9,,0,1,RL | 9 | ,Identifier match only: same strand/domain and number in adjacent grades. Prerequisite relationship is unverified; review both standards before assigning a relation.,"With prompting and support, compare and contrast the adventures and experiences of characters in familiar stories.",Compare and contrast the adventures and experiences of characters in stories.,https://www2.cde.ca.gov/cacs/ela,https://www2.cde.ca.gov/cacs/ela
CA-CCSS-ELA-2013,RL.1.9,CA-CCSS-ELA-2013,RL.2.9,,1,2,RL | 9 | ,Identifier match only: same strand/domain and number in adjacent grades. Prerequisite relationship is unverified; review both standards before assigning a relation.,Compare and contrast the adventures and experiences of characters in stories.,"Compare and contrast two or more versions of the same story (e.g., Cinderella stories) by different authors or from different cultures.",https://www2.cde.ca.gov/cacs/ela,https://www2.cde.ca.gov/cacs/ela
CA-CCSS-ELA-2013,RL.2.9,CA-CCSS-ELA-2013,RL.3.9,,2,3,RL | 9 | ,Identifier match only: same strand/domain and number in adjacent grades. Prerequisite relationship is unverified; review both standards before assigning a relation.,"Compare and contrast two or more versions of the same story (e.g., Cinderella stories) by different authors or from different cultures.","Compare and contrast the themes, settings, and plots of stories written by the same author about the same or similar characters (e.g., in books from a series).",https://www2.cde.ca.gov/cacs/ela,https://www2.cde.ca.gov/cacs/ela
CA-CCSS-ELA-2013,RL.3.9,CA-CCSS-ELA-2013,RL.4.9,,3,4,RL | 9 | ,Identifier match only: same strand/domain and number in adjacent grades. Prerequisite relationship is unverified; review both standards before assigning a relation.,"Compare and contrast the themes, settings, and plots of stories written by the same author about the same or similar characters (e.g., in books from a series).","Compare and contrast the treatment of similar themes and topics (e.g., opposition of good and evil) and patterns of events (e.g., the quest) in stories, myths, and traditional literature from different cultures.",https://www2.cde.ca.gov/cacs/ela,https://www2.cde.ca.gov/cacs/ela
CA-CCSS-ELA-2013,RL.4.9,CA-CCSS-ELA-2013,RL.5.9,,4,5,RL | 9 | ,Identifier match only: same strand/domain and number in adjacent grades. Prerequisite relationship is unverified; review both standards before assigning a relation.,"Compare and contrast the treatment of similar themes and topics (e.g., opposition of good and evil) and patterns of events (e.g., the quest) in stories, myths, and traditional literature from different cultures.","Compare and contrast stories in the same genre (e.g., mysteries and adventure stories) on their approaches to similar themes and topics.",https://www2.cde.ca.gov/cacs/ela,https://www2.cde.ca.gov/cacs/ela
CA-CCSS-ELA-2013,SL.K.1,CA-CCSS-ELA-2013,SL.1.1,,0,1,SL | 1 | ,Identifier match only: same strand/domain and number in adjacent grades. Prerequisite relationship is unverified; review both standards before assigning a relation.,"Participate in collaborative conversations with diverse partners about kindergarten topics and texts with peers and adults in small and larger groups. a. Follow agreed-upon rules for discussions (e.g., listening to others and taking turns speaking about the topics and texts under discussion). b. Continue a conversation through multiple exchanges.","Participate in collaborative conversations with diverse partners about grade 1 topics and texts with peers and adults in small and larger groups. a. Follow agreed-upon rules for discussions (e.g., listening to others with care, speaking one at a time about the topics and texts under discussion). b. Build on others’ talk in conversations by responding to the comments of others through multiple exchanges. c. Ask questions to clear up any confusion about the topics and texts under discussion.",https://www2.cde.ca.gov/cacs/ela,https://www2.cde.ca.gov/cacs/ela
CA-CCSS-ELA-2013,SL.1.1,CA-CCSS-ELA-2013,SL.2.1,,1,2,SL | 1 | ,Identifier match only: same strand/domain and number in adjacent grades. Prerequisite relationship is unverified; review both standards before assigning a relation.,"Participate in collaborative conversations with diverse partners about grade 1 topics and texts with peers and adults in small and larger groups. a. Follow agreed-upon rules for discussions (e.g., listening to others with care, speaking one at a time about the topics and texts under discussion). b. Build on others’ talk in conversations by responding to the comments of others through multiple exchanges. c. Ask questions to clear up any confusion about the topics and texts under discussion.","Participate in collaborative conversations with diverse partners about grade 2 topics and texts with peers and adults in small and larger groups. a. Follow agreed-upon rules for discussions (e.g., gaining the floor in respectful ways listening to others with care, speaking one at a time about the topics and texts under discussion). b. Build on others’ talk in conversations by linking their comments to the remarks of others. c. Ask for clarification and further explanation as needed about the topics and texts under discussion.",https://www2.cde.ca.gov/cacs/ela,https://www2.cde.ca.gov/cacs/ela
CA-CCSS-ELA-2013,SL.2.1,CA-CCSS-ELA-2013,SL.3.1,,2,3,SL | 1 | ,Identifier match only: same strand/domain and number in adjacent grades. Prerequisite relationship is unverified; review both standards before assigning a relation.,"Participate in collaborative conversations with diverse partners about grade 2 topics and texts with peers and adults in small and larger groups. a. Follow agreed-upon rules for discussions (e.g., gaining the floor in respectful ways listening to others with care, speaking one at a time about the topics and texts under discussion). b. Build on others’ talk in conversations by linking their comments to the remarks of others. c. Ask for clarification and further explanation as needed about the topics and texts under discussion.","Engage effectively in a range of collaborative discussions (one-on-one, in groups, and teacher led) with diverse partners on grade 3 topics and+E601 texts, building on others’ ideas and expressing their own clearly. a. Come to discussions prepared, having read or studied required material; explicitly draw on that preparation and other information known about the topic to explore ideas under discussion. b. Follow agreed-upon rules for discussions (e.g., gaining the floor in respectful ways, listening to others with care, speaking one at a time about the topics and texts under discussion). c. Ask questions to check understanding of information presented, stay on topic, and link their comments to the remarks of others. d. Explain their own ideas and understanding in light of the discussion.",https://www2.cde.ca.gov/cacs/ela,https://www2.cde.ca.gov/cacs/ela
CA-CCSS-ELA-2013,SL.3.1,CA-CCSS-ELA-2013,SL.4.1,,3,4,SL | 1 | ,Identifier match only: same strand/domain and number in adjacent grades. Prerequisite relationship is unverified; review both standards before assigning a relation.,"Engage effectively in a range of collaborative discussions (one-on-one, in groups, and teacher led) with diverse partners on grade 3 topics and+E601 texts, building on others’ ideas and expressing their own clearly. a. Come to discussions prepared, having read or studied required material; explicitly draw on that preparation and other information known about the topic to explore ideas under discussion. b. Follow agreed-upon rules for discussions (e.g., gaining the floor in respectful ways, listening to others with care, speaking one at a time about the topics and texts under discussion). c. Ask questions to check understanding of information presented, stay on topic, and link their comments to the remarks of others. d. Explain their own ideas and understanding in light of the discussion.","Engage effectively in a range of collaborative discussions (one-on-one, in groups, and teacher-led) with diverse partners on grade 4 topics and texts, building on others’ ideas and expressing their own clearly. a. Come to discussions prepared, having read or studied required material; explicitly draw on that preparation and other information known about the topic to explore ideas under discussion. b. Follow agreed-upon rules for discussions and carry out assigned roles. c. Pose and respond to specific questions to clarify or follow up on information, and make comments that contribute to the discussion and link to the remarks of others. d.Review the key ideas expressed and explain their own ideas and understanding in light of the discussion.",https://www2.cde.ca.gov/cacs/ela,https://www2.cde.ca.gov/cacs/ela
CA-CCSS-ELA-2013,SL.4.1,CA-CCSS-ELA-2013,SL.5.1,,4,5,SL | 1 | ,Identifier match only: same strand/domain and number in adjacent grades. Prerequisite relationship is unverified; review both standards before assigning a relation.,"Engage effectively in a range of collaborative discussions (one-on-one, in groups, and teacher-led) with diverse partners on grade 4 topics and texts, building on others’ ideas and expressing their own clearly. a. Come to discussions prepared, having read or studied required material; explicitly draw on that preparation and other information known about the topic to explore ideas under discussion. b. Follow agreed-upon rules for discussions and carry out assigned roles. c. Pose and respond to specific questions to clarify or follow up on information, and make comments that contribute to the discussion and link to the remarks of others. d.Review the key ideas expressed and explain their own ideas and understanding in light of the discussion.","Engage effectively in a range of collaborative discussions (one-on-one, in groups, and teacher led) with diverse partners on grade 5 topics and texts, building on others’ ideas and expressing their own clearly. a. Come to discussions prepared, having read or studied required material; explicitly draw on that preparation and other information known about the topic to explore ideas under discussion. b. Follow agreed-upon rules for discussions and carry out assigned roles. c. Pose and respond to specific questions by making comments that contribute to the discussion and elaborate on the remarks of others. d. Review the key ideas expressed and draw conclusions in light of information and knowledge gained from the discussions.",https://www2.cde.ca.gov/cacs/ela,https://www2.cde.ca.gov/cacs/ela
CA-CCSS-ELA-2013,SL.K.2,CA-CCSS-ELA-2013,SL.1.2,,0,1,SL | 2 | ,Identifier match only: same strand/domain and number in adjacent grades. Prerequisite relationship is unverified; review both standards before assigning a relation.,Confirm understanding of a text read aloud or information presented orally or through other media by asking and answering questions about key details and requesting clarification if something is not understood. a. Understand and follow one- and two-step oral directions. CA,"Ask and answer questions about key details in a text read aloud or information presented orally or through other media. a. Give, restate, and follow simple two-step directions. CA",https://www2.cde.ca.gov/cacs/ela,https://www2.cde.ca.gov/cacs/ela
CA-CCSS-ELA-2013,SL.1.2,CA-CCSS-ELA-2013,SL.2.2,,1,2,SL | 2 | ,Identifier match only: same strand/domain and number in adjacent grades. Prerequisite relationship is unverified; review both standards before assigning a relation.,"Ask and answer questions about key details in a text read aloud or information presented orally or through other media. a. Give, restate, and follow simple two-step directions. CA",Recount or describe key ideas or details from a text read aloud or information presented orally or through other media. a. Give and follow three- and four-step oral directions. CA,https://www2.cde.ca.gov/cacs/ela,https://www2.cde.ca.gov/cacs/ela
CA-CCSS-ELA-2013,SL.2.2,CA-CCSS-ELA-2013,SL.3.2,,2,3,SL | 2 | ,Identifier match only: same strand/domain and number in adjacent grades. Prerequisite relationship is unverified; review both standards before assigning a relation.,Recount or describe key ideas or details from a text read aloud or information presented orally or through other media. a. Give and follow three- and four-step oral directions. CA,"Determine the main ideas and supporting details of a text read aloud or information presented in diverse media and formats, including visually, quantitatively, and orally.",https://www2.cde.ca.gov/cacs/ela,https://www2.cde.ca.gov/cacs/ela
CA-CCSS-ELA-2013,SL.3.2,CA-CCSS-ELA-2013,SL.4.2,,3,4,SL | 2 | ,Identifier match only: same strand/domain and number in adjacent grades. Prerequisite relationship is unverified; review both standards before assigning a relation.,"Determine the main ideas and supporting details of a text read aloud or information presented in diverse media and formats, including visually, quantitatively, and orally.","Paraphrase portions of a text read aloud or information presented in diverse media and formats, including visually, quantitatively, and orally.",https://www2.cde.ca.gov/cacs/ela,https://www2.cde.ca.gov/cacs/ela
CA-CCSS-ELA-2013,SL.4.2,CA-CCSS-ELA-2013,SL.5.2,,4,5,SL | 2 | ,Identifier match only: same strand/domain and number in adjacent grades. Prerequisite relationship is unverified; review both standards before assigning a relation.,"Paraphrase portions of a text read aloud or information presented in diverse media and formats, including visually, quantitatively, and orally.","Summarize a written text read aloud or information presented in diverse media and formats, including visually, quantitatively, and orally.",https://www2.cde.ca.gov/cacs/ela,https://www2.cde.ca.gov/cacs/ela
CA-CCSS-ELA-2013,SL.K.3,CA-CCSS-ELA-2013,SL.1.3,,0,1,SL | 3 | ,Identifier match only: same strand/domain and number in adjacent grades. Prerequisite relationship is unverified; review both standards before assigning a relation.,"Ask and answer questions in order to seek help, get information, or clarify something that is not understood.",Ask and answer questions about what a speaker says in order to gather additional information or clarify something that is not understood.,https://www2.cde.ca.gov/cacs/ela,https://www2.cde.ca.gov/cacs/ela
CA-CCSS-ELA-2013,SL.1.3,CA-CCSS-ELA-2013,SL.2.3,,1,2,SL | 3 | ,Identifier match only: same strand/domain and number in adjacent grades. Prerequisite relationship is unverified; review both standards before assigning a relation.,Ask and answer questions about what a speaker says in order to gather additional information or clarify something that is not understood.,"Ask and answer questions about what a speaker says in order to clarify comprehension, gather additional information, or deepen understanding of a topic or issue.",https://www2.cde.ca.gov/cacs/ela,https://www2.cde.ca.gov/cacs/ela
CA-CCSS-ELA-2013,SL.2.3,CA-CCSS-ELA-2013,SL.3.3,,2,3,SL | 3 | ,Identifier match only: same strand/domain and number in adjacent grades. Prerequisite relationship is unverified; review both standards before assigning a relation.,"Ask and answer questions about what a speaker says in order to clarify comprehension, gather additional information, or deepen understanding of a topic or issue.","Ask and answer questions about information from a speaker, offering appropriate elaboration and detail.",https://www2.cde.ca.gov/cacs/ela,https://www2.cde.ca.gov/cacs/ela
CA-CCSS-ELA-2013,SL.3.3,CA-CCSS-ELA-2013,SL.4.3,,3,4,SL | 3 | ,Identifier match only: same strand/domain and number in adjacent grades. Prerequisite relationship is unverified; review both standards before assigning a relation.,"Ask and answer questions about information from a speaker, offering appropriate elaboration and detail.",Identify the reasons and evidence a speaker of media source provides to support particular points. CA,https://www2.cde.ca.gov/cacs/ela,https://www2.cde.ca.gov/cacs/ela
CA-CCSS-ELA-2013,SL.4.3,CA-CCSS-ELA-2013,SL.5.3,,4,5,SL | 3 | ,Identifier match only: same strand/domain and number in adjacent grades. Prerequisite relationship is unverified; review both standards before assigning a relation.,Identify the reasons and evidence a speaker of media source provides to support particular points. CA,"Summarize the points a speaker or media source makes and explain how each claim is supported by reason and evidence, and identify and analyze and logical fallacies. CA",https://www2.cde.ca.gov/cacs/ela,https://www2.cde.ca.gov/cacs/ela
CA-CCSS-ELA-2013,SL.K.4,CA-CCSS-ELA-2013,SL.1.4,,0,1,SL | 4 | ,Identifier match only: same strand/domain and number in adjacent grades. Prerequisite relationship is unverified; review both standards before assigning a relation.,"Describe familiar people, places, things, and events and, with prompting and support, provide additional detail.","Describe people, places, things, and events with relevant details, expressing ideas and feelings clearly. a. Memorize and recite poems, rhymes, and songs with expression. CA",https://www2.cde.ca.gov/cacs/ela,https://www2.cde.ca.gov/cacs/ela
CA-CCSS-ELA-2013,SL.1.4,CA-CCSS-ELA-2013,SL.2.4,,1,2,SL | 4 | ,Identifier match only: same strand/domain and number in adjacent grades. Prerequisite relationship is unverified; review both standards before assigning a relation.,"Describe people, places, things, and events with relevant details, expressing ideas and feelings clearly. a. Memorize and recite poems, rhymes, and songs with expression. CA","Tell a story or recount an experience with appropriate facts and relevant, descriptive details, speaking audibly in coherent sentences. a. Plan and deliver a narrative presentation that: recounts a well-elaborated event, includes details, reflects a logical sequence, and provides a conclusion. CA",https://www2.cde.ca.gov/cacs/ela,https://www2.cde.ca.gov/cacs/ela
CA-CCSS-ELA-2013,SL.2.4,CA-CCSS-ELA-2013,SL.3.4,,2,3,SL | 4 | ,Identifier match only: same strand/domain and number in adjacent grades. Prerequisite relationship is unverified; review both standards before assigning a relation.,"Tell a story or recount an experience with appropriate facts and relevant, descriptive details, speaking audibly in coherent sentences. a. Plan and deliver a narrative presentation that: recounts a well-elaborated event, includes details, reflects a logical sequence, and provides a conclusion. CA","Report on a topic or text, tell a story, or recount an experience with appropriate facts and relevant, descriptive details, speaking clearly at an understandable pace. a. Plan and deliver an informative/explanatory presentation on a topic that: organizes ideas around major points of information, follows a logical sequence, includes supporting details, uses clear and specific vocabulary, and provides a strong conclusion. CA",https://www2.cde.ca.gov/cacs/ela,https://www2.cde.ca.gov/cacs/ela
CA-CCSS-ELA-2013,SL.3.4,CA-CCSS-ELA-2013,SL.4.4,,3,4,SL | 4 | ,Identifier match only: same strand/domain and number in adjacent grades. Prerequisite relationship is unverified; review both standards before assigning a relation.,"Report on a topic or text, tell a story, or recount an experience with appropriate facts and relevant, descriptive details, speaking clearly at an understandable pace. a. Plan and deliver an informative/explanatory presentation on a topic that: organizes ideas around major points of information, follows a logical sequence, includes supporting details, uses clear and specific vocabulary, and provides a strong conclusion. CA","Report on a topic or text, tell a story, or recount an experience in an organized manner, using appropriate facts and relevant, descriptive details to support main ideas or themes; speak clearly at an understandable pace. a. Plan and deliver a narrative presentation that: relates ideas, observations, or recollections; provides a clear context; and includes clear insight into why the event or experience is memorable. CA",https://www2.cde.ca.gov/cacs/ela,https://www2.cde.ca.gov/cacs/ela
CA-CCSS-ELA-2013,SL.4.4,CA-CCSS-ELA-2013,SL.5.4,,4,5,SL | 4 | ,Identifier match only: same strand/domain and number in adjacent grades. Prerequisite relationship is unverified; review both standards before assigning a relation.,"Report on a topic or text, tell a story, or recount an experience in an organized manner, using appropriate facts and relevant, descriptive details to support main ideas or themes; speak clearly at an understandable pace. a. Plan and deliver a narrative presentation that: relates ideas, observations, or recollections; provides a clear context; and includes clear insight into why the event or experience is memorable. CA","Report on a topic or text or present an opinion, sequencing ideas logically and using appropriate facts and relevant, descriptive details to support main ideas or themes; speak clearly at an understandable pace. a. Plan and deliver an opinion speech that: states an opinion, logically sequences evidence to support the speaker’s position, uses transition words to effectively link opinions and evidence (e.g., consequently and therefore), and provides a concluding statement related to the speaker’s position. CA b. Memorize and recite a poem or section of a speech or historical document using rate, expression, and gestures appropriate to the selection. CA",https://www2.cde.ca.gov/cacs/ela,https://www2.cde.ca.gov/cacs/ela
CA-CCSS-ELA-2013,SL.K.5,CA-CCSS-ELA-2013,SL.1.5,,0,1,SL | 5 | ,Identifier match only: same strand/domain and number in adjacent grades. Prerequisite relationship is unverified; review both standards before assigning a relation.,Add drawings or other visual displays to descriptions as desired to provide additional detail.,"Add drawings or other visual displays to descriptions when appropriate to clarify ideas, thoughts, and feelings.",https://www2.cde.ca.gov/cacs/ela,https://www2.cde.ca.gov/cacs/ela
CA-CCSS-ELA-2013,SL.1.5,CA-CCSS-ELA-2013,SL.2.5,,1,2,SL | 5 | ,Identifier match only: same strand/domain and number in adjacent grades. Prerequisite relationship is unverified; review both standards before assigning a relation.,"Add drawings or other visual displays to descriptions when appropriate to clarify ideas, thoughts, and feelings.","Create audio recordings of stories or poems; add drawings or other visual displays to stories or recounts of experiences when appropriate to clarify ideas, thoughts, and feelings.",https://www2.cde.ca.gov/cacs/ela,https://www2.cde.ca.gov/cacs/ela
CA-CCSS-ELA-2013,SL.2.5,CA-CCSS-ELA-2013,SL.3.5,,2,3,SL | 5 | ,Identifier match only: same strand/domain and number in adjacent grades. Prerequisite relationship is unverified; review both standards before assigning a relation.,"Create audio recordings of stories or poems; add drawings or other visual displays to stories or recounts of experiences when appropriate to clarify ideas, thoughts, and feelings.",Create engaging audio recordings of stories or poems that demonstrate fluid reading at an understandable pace; add visual displays when appropriate to emphasize or enhance certain facts or details.,https://www2.cde.ca.gov/cacs/ela,https://www2.cde.ca.gov/cacs/ela
CA-CCSS-ELA-2013,SL.3.5,CA-CCSS-ELA-2013,SL.4.5,,3,4,SL | 5 | ,Identifier match only: same strand/domain and number in adjacent grades. Prerequisite relationship is unverified; review both standards before assigning a relation.,Create engaging audio recordings of stories or poems that demonstrate fluid reading at an understandable pace; add visual displays when appropriate to emphasize or enhance certain facts or details.,Add audio recordings and visual displays to presentations when appropriate to enhance the development of main ideas or themes.,https://www2.cde.ca.gov/cacs/ela,https://www2.cde.ca.gov/cacs/ela
CA-CCSS-ELA-2013,SL.4.5,CA-CCSS-ELA-2013,SL.5.5,,4,5,SL | 5 | ,Identifier match only: same strand/domain and number in adjacent grades. Prerequisite relationship is unverified; review both standards before assigning a relation.,Add audio recordings and visual displays to presentations when appropriate to enhance the development of main ideas or themes.,"Include multimedia components (e.g., graphics, sound) and visual displays in presentations when appropriate to enhance the development of main ideas or themes.",https://www2.cde.ca.gov/cacs/ela,https://www2.cde.ca.gov/cacs/ela
CA-CCSS-ELA-2013,SL.K.6,CA-CCSS-ELA-2013,SL.1.6,,0,1,SL | 6 | ,Identifier match only: same strand/domain and number in adjacent grades. Prerequisite relationship is unverified; review both standards before assigning a relation.,"Speak audibly and express thoughts, feelings, and ideas clearly.",Produce complete sentences when appropriate to task and situation. (See grade 1 Language standards 1 and 3 for specific expectations.),https://www2.cde.ca.gov/cacs/ela,https://www2.cde.ca.gov/cacs/ela
CA-CCSS-ELA-2013,SL.1.6,CA-CCSS-ELA-2013,SL.2.6,,1,2,SL | 6 | ,Identifier match only: same strand/domain and number in adjacent grades. Prerequisite relationship is unverified; review both standards before assigning a relation.,Produce complete sentences when appropriate to task and situation. (See grade 1 Language standards 1 and 3 for specific expectations.),Produce complete sentences when appropriate to task and situation in order to provide requested detail or clarification. (See grade 2 Language standards 1 and 3 for specific expectations.),https://www2.cde.ca.gov/cacs/ela,https://www2.cde.ca.gov/cacs/ela
CA-CCSS-ELA-2013,SL.2.6,CA-CCSS-ELA-2013,SL.3.6,,2,3,SL | 6 | ,Identifier match only: same strand/domain and number in adjacent grades. Prerequisite relationship is unverified; review both standards before assigning a relation.,Produce complete sentences when appropriate to task and situation in order to provide requested detail or clarification. (See grade 2 Language standards 1 and 3 for specific expectations.),Speak in complete sentences when appropriate to task and situation in order to provide requested detail or clarification. (See grade 3 Language standards 1 and 3 for specific expectations.),https://www2.cde.ca.gov/cacs/ela,https://www2.cde.ca.gov/cacs/ela
CA-CCSS-ELA-2013,SL.3.6,CA-CCSS-ELA-2013,SL.4.6,,3,4,SL | 6 | ,Identifier match only: same strand/domain and number in adjacent grades. Prerequisite relationship is unverified; review both standards before assigning a relation.,Speak in complete sentences when appropriate to task and situation in order to provide requested detail or clarification. (See grade 3 Language standards 1 and 3 for specific expectations.),"Differentiate between contexts that call for formal English (e.g., presenting ideas) and situations where informal discourse is appropriate (e.g., small-group discussion); use formal English when appropriate to task and situation. (See grade 4 Language standards 1 and 3 for specific expectations.)",https://www2.cde.ca.gov/cacs/ela,https://www2.cde.ca.gov/cacs/ela
CA-CCSS-ELA-2013,SL.4.6,CA-CCSS-ELA-2013,SL.5.6,,4,5,SL | 6 | ,Identifier match only: same strand/domain and number in adjacent grades. Prerequisite relationship is unverified; review both standards before assigning a relation.,"Differentiate between contexts that call for formal English (e.g., presenting ideas) and situations where informal discourse is appropriate (e.g., small-group discussion); use formal English when appropriate to task and situation. (See grade 4 Language standards 1 and 3 for specific expectations.)","Adapt speech to a variety of contexts and tasks, using formal English when appropriate to task and situation. (See grade 5 Language standards 1 and 3 for specific expectations.)",https://www2.cde.ca.gov/cacs/ela,https://www2.cde.ca.gov/cacs/ela
CA-CCSS-ELA-2013,W.K.1,CA-CCSS-ELA-2013,W.1.1,,0,1,W | 1 | ,Identifier match only: same strand/domain and number in adjacent grades. Prerequisite relationship is unverified; review both standards before assigning a relation.,"Use a combination of drawing, dictating, and writing to compose opinion pieces in which they tell a reader the topic or the name of the book they are writing about and state an opinion or preference about the topic or book (e.g., My favorite book is . . .).","Write opinion pieces in which they introduce the topic or name the book they are writing about, state an opinion, supply a reason for the opinion, and provide some sense of closure.",https://www2.cde.ca.gov/cacs/ela,https://www2.cde.ca.gov/cacs/ela
CA-CCSS-ELA-2013,W.1.1,CA-CCSS-ELA-2013,W.2.1,,1,2,W | 1 | ,Identifier match only: same strand/domain and number in adjacent grades. Prerequisite relationship is unverified; review both standards before assigning a relation.,"Write opinion pieces in which they introduce the topic or name the book they are writing about, state an opinion, supply a reason for the opinion, and provide some sense of closure.","Write opinion pieces in which they introduce the topic or book they are writing about, state an opinion, supply reasons that support the opinion, use linking words (e.g., because, and, also) to connect opinion and reasons, and provide a concluding statement or section.",https://www2.cde.ca.gov/cacs/ela,https://www2.cde.ca.gov/cacs/ela
CA-CCSS-ELA-2013,W.2.1,CA-CCSS-ELA-2013,W.3.1,,2,3,W | 1 | ,Identifier match only: same strand/domain and number in adjacent grades. Prerequisite relationship is unverified; review both standards before assigning a relation.,"Write opinion pieces in which they introduce the topic or book they are writing about, state an opinion, supply reasons that support the opinion, use linking words (e.g., because, and, also) to connect opinion and reasons, and provide a concluding statement or section.","Write opinion pieces on topics or texts, supporting a point of view with reasons. a. Introduce the topic or text they are writing about, state an opinion, and create an organizational structure that lists reasons. b. Provide reasons that support the opinion. c. Use linking words and phrases (e.g., because, therefore, since, for example) to connect opinion and reasons. d. Provide a concluding statement or section.",https://www2.cde.ca.gov/cacs/ela,https://www2.cde.ca.gov/cacs/ela
CA-CCSS-ELA-2013,W.3.1,CA-CCSS-ELA-2013,W.4.1,,3,4,W | 1 | ,Identifier match only: same strand/domain and number in adjacent grades. Prerequisite relationship is unverified; review both standards before assigning a relation.,"Write opinion pieces on topics or texts, supporting a point of view with reasons. a. Introduce the topic or text they are writing about, state an opinion, and create an organizational structure that lists reasons. b. Provide reasons that support the opinion. c. Use linking words and phrases (e.g., because, therefore, since, for example) to connect opinion and reasons. d. Provide a concluding statement or section.","Write opinion pieces on topics or texts, supporting a point of view with reasons and information. a. Introduce a topic or text clearly, state an opinion, and create an organizational structure in which related ideas are grouped to support the writer’s purpose. b. Provide reasons that are supported by facts and details. c. Link opinion and reasons using words and phrases (e.g., for instance, in order to, in addition). d. Provide a concluding statement or section related to the opinion presented.",https://www2.cde.ca.gov/cacs/ela,https://www2.cde.ca.gov/cacs/ela
CA-CCSS-ELA-2013,W.4.1,CA-CCSS-ELA-2013,W.5.1,,4,5,W | 1 | ,Identifier match only: same strand/domain and number in adjacent grades. Prerequisite relationship is unverified; review both standards before assigning a relation.,"Write opinion pieces on topics or texts, supporting a point of view with reasons and information. a. Introduce a topic or text clearly, state an opinion, and create an organizational structure in which related ideas are grouped to support the writer’s purpose. b. Provide reasons that are supported by facts and details. c. Link opinion and reasons using words and phrases (e.g., for instance, in order to, in addition). d. Provide a concluding statement or section related to the opinion presented.","Write opinion pieces on topics or texts, supporting a point of view with reasons and information. a. Introduce a topic or text clearly, state an opinion, and create an organizational structure in which ideas are logically grouped to support the writer’s purpose. b. Provide logically ordered reasons that are supported by facts and details. c. Link opinion and reasons using words, phrases, and clauses (e.g., consequently, specifically). d. Provide a concluding statement or section related to the opinion presented.",https://www2.cde.ca.gov/cacs/ela,https://www2.cde.ca.gov/cacs/ela
CA-CCSS-ELA-2013,W.K.10,CA-CCSS-ELA-2013,W.1.10,,0,1,W | 10 | ,Identifier match only: same strand/domain and number in adjacent grades. Prerequisite relationship is unverified; review both standards before assigning a relation.,(Begins in grade 2) CA,(Begins in grade 2) CA,https://www2.cde.ca.gov/cacs/ela,https://www2.cde.ca.gov/cacs/ela
CA-CCSS-ELA-2013,W.1.10,CA-CCSS-ELA-2013,W.2.10,,1,2,W | 10 | ,Identifier match only: same strand/domain and number in adjacent grades. Prerequisite relationship is unverified; review both standards before assigning a relation.,(Begins in grade 2) CA,"Write routinely over extended time frames (time for research, reflection, and revision) and shorter time frames (a single sitting or a day or two) for a range of discipline-specific tasks, purposes, and audiences. CA",https://www2.cde.ca.gov/cacs/ela,https://www2.cde.ca.gov/cacs/ela
CA-CCSS-ELA-2013,W.2.10,CA-CCSS-ELA-2013,W.3.10,,2,3,W | 10 | ,Identifier match only: same strand/domain and number in adjacent grades. Prerequisite relationship is unverified; review both standards before assigning a relation.,"Write routinely over extended time frames (time for research, reflection, and revision) and shorter time frames (a single sitting or a day or two) for a range of discipline-specific tasks, purposes, and audiences. CA","Write routinely over extended time frames (time for research, reflection, and revision) and shorter time frames (a single sitting or a day or two) for a range of discipline-specific tasks, purposes, and audiences.",https://www2.cde.ca.gov/cacs/ela,https://www2.cde.ca.gov/cacs/ela
CA-CCSS-ELA-2013,W.3.10,CA-CCSS-ELA-2013,W.4.10,,3,4,W | 10 | ,Identifier match only: same strand/domain and number in adjacent grades. Prerequisite relationship is unverified; review both standards before assigning a relation.,"Write routinely over extended time frames (time for research, reflection, and revision) and shorter time frames (a single sitting or a day or two) for a range of discipline-specific tasks, purposes, and audiences.","Write routinely over extended time frames (time for research, reflection, and revision) and shorter time frames (a single sitting or a day or two) for a range of discipline-specific tasks, purposes, and audiences.",https://www2.cde.ca.gov/cacs/ela,https://www2.cde.ca.gov/cacs/ela
CA-CCSS-ELA-2013,W.4.10,CA-CCSS-ELA-2013,W.5.10,,4,5,W | 10 | ,Identifier match only: same strand/domain and number in adjacent grades. Prerequisite relationship is unverified; review both standards before assigning a relation.,"Write routinely over extended time frames (time for research, reflection, and revision) and shorter time frames (a single sitting or a day or two) for a range of discipline-specific tasks, purposes, and audiences.","Write routinely over extended time frames (time for research, reflection, and revision) and shorter time frames (a single sitting or a day or two) for a range of discipline-specific tasks, purposes, and audiences.",https://www2.cde.ca.gov/cacs/ela,https://www2.cde.ca.gov/cacs/ela
CA-CCSS-ELA-2013,W.K.2,CA-CCSS-ELA-2013,W.1.2,,0,1,W | 2 | ,Identifier match only: same strand/domain and number in adjacent grades. Prerequisite relationship is unverified; review both standards before assigning a relation.,"Use a combination of drawing, dictating, and writing to compose informative/explanatory texts in which they name what they are writing about and supply some information about the topic.","Write informative/explanatory texts in which they name a topic, supply some facts about the topic, and provide some sense of closure.",https://www2.cde.ca.gov/cacs/ela,https://www2.cde.ca.gov/cacs/ela
CA-CCSS-ELA-2013,W.1.2,CA-CCSS-ELA-2013,W.2.2,,1,2,W | 2 | ,Identifier match only: same strand/domain and number in adjacent grades. Prerequisite relationship is unverified; review both standards before assigning a relation.,"Write informative/explanatory texts in which they name a topic, supply some facts about the topic, and provide some sense of closure.","Write informative/explanatory texts in which they introduce a topic, use facts and definitions to develop points, and provide a concluding statement or section.",https://www2.cde.ca.gov/cacs/ela,https://www2.cde.ca.gov/cacs/ela
CA-CCSS-ELA-2013,W.2.2,CA-CCSS-ELA-2013,W.3.2,,2,3,W | 2 | ,Identifier match only: same strand/domain and number in adjacent grades. Prerequisite relationship is unverified; review both standards before assigning a relation.,"Write informative/explanatory texts in which they introduce a topic, use facts and definitions to develop points, and provide a concluding statement or section.","Write informative/explanatory texts to examine a topic and convey ideas and information clearly. a. Introduce a topic and group related information together; include illustrations when useful to aiding comprehension. b. Develop the topic with facts, definitions, and details. c. Use linking words and phrases (e.g., also, another, and, more, but) to connect ideas within categories of information. d. Provide a concluding statement or section.",https://www2.cde.ca.gov/cacs/ela,https://www2.cde.ca.gov/cacs/ela
CA-CCSS-ELA-2013,W.3.2,CA-CCSS-ELA-2013,W.4.2,,3,4,W | 2 | ,Identifier match only: same strand/domain and number in adjacent grades. Prerequisite relationship is unverified; review both standards before assigning a relation.,"Write informative/explanatory texts to examine a topic and convey ideas and information clearly. a. Introduce a topic and group related information together; include illustrations when useful to aiding comprehension. b. Develop the topic with facts, definitions, and details. c. Use linking words and phrases (e.g., also, another, and, more, but) to connect ideas within categories of information. d. Provide a concluding statement or section.","Write informative/explanatory texts to examine a topic and convey ideas and information clearly. a. Introduce a topic clearly and group related information in paragraphs and sections; include formatting (e.g., headings), illustrations, and multimedia when useful to aiding comprehension. b. Develop the topic with facts, definitions, concrete details, quotations, or other information and examples related to the topic. c. Link ideas within categories of information using words and phrases (e.g., another, for example, also, because). d. Use precise language and domain-specific vocabulary to inform about or explain the topic. e. Provide a concluding statement or section related to the information or explanation presented.",https://www2.cde.ca.gov/cacs/ela,https://www2.cde.ca.gov/cacs/ela
CA-CCSS-ELA-2013,W.4.2,CA-CCSS-ELA-2013,W.5.2,,4,5,W | 2 | ,Identifier match only: same strand/domain and number in adjacent grades. Prerequisite relationship is unverified; review both standards before assigning a relation.,"Write informative/explanatory texts to examine a topic and convey ideas and information clearly. a. Introduce a topic clearly and group related information in paragraphs and sections; include formatting (e.g., headings), illustrations, and multimedia when useful to aiding comprehension. b. Develop the topic with facts, definitions, concrete details, quotations, or other information and examples related to the topic. c. Link ideas within categories of information using words and phrases (e.g., another, for example, also, because). d. Use precise language and domain-specific vocabulary to inform about or explain the topic. e. Provide a concluding statement or section related to the information or explanation presented.","Write informative/explanatory texts to examine a topic and convey ideas and information clearly. a. Introduce a topic clearly, provide a general observation and focus, and group related information logically; include formatting (e.g., headings), illustrations, and multimedia when useful to aiding comprehension. b. Develop the topic with facts, definitions, concrete details, quotations, or other information and examples related to the topic. c. Link ideas within and across categories of information using words, phrases, and clauses (e.g., in contrast, especially). d. Use precise language and domain-specific vocabulary to inform about or explain the topic. e. Provide a concluding statement or section related to the information or explanation presented.",https://www2.cde.ca.gov/cacs/ela,https://www2.cde.ca.gov/cacs/ela
CA-CCSS-ELA-2013,W.K.3,CA-CCSS-ELA-2013,W.1.3,,0,1,W | 3 | ,Identifier match only: same strand/domain and number in adjacent grades. Prerequisite relationship is unverified; review both standards before assigning a relation.,"Use a combination of drawing, dictating, and writing to narrate a single event or several loosely linked events, tell about the events in the order in which they occurred, and provide a reaction to what happened.","Write narratives in which they recount two or more appropriately sequenced events, include some details regarding what happened, use temporal words to signal event order, and provide some sense of closure.",https://www2.cde.ca.gov/cacs/ela,https://www2.cde.ca.gov/cacs/ela
CA-CCSS-ELA-2013,W.1.3,CA-CCSS-ELA-2013,W.2.3,,1,2,W | 3 | ,Identifier match only: same strand/domain and number in adjacent grades. Prerequisite relationship is unverified; review both standards before assigning a relation.,"Write narratives in which they recount two or more appropriately sequenced events, include some details regarding what happened, use temporal words to signal event order, and provide some sense of closure.","Write narratives in which they recount a well-elaborated event or short sequence of events, include details to describe actions, thoughts, and feelings, use temporal words to signal event order, and provide a sense of closure.",https://www2.cde.ca.gov/cacs/ela,https://www2.cde.ca.gov/cacs/ela
CA-CCSS-ELA-2013,W.2.3,CA-CCSS-ELA-2013,W.3.3,,2,3,W | 3 | ,Identifier match only: same strand/domain and number in adjacent grades. Prerequisite relationship is unverified; review both standards before assigning a relation.,"Write narratives in which they recount a well-elaborated event or short sequence of events, include details to describe actions, thoughts, and feelings, use temporal words to signal event order, and provide a sense of closure.","Write narratives to develop real or imagined experiences or events using effective technique, descriptive details, and clear event sequences. a. Establish a situation and introduce a narrator and/or characters; organize an event sequence that unfolds naturally. b. Use dialogue and descriptions of actions, thoughts, and feelings to develop experiences and events or show the response of characters to situations. c. Use temporal words and phrases to signal event order. d. Provide a sense of closure.",https://www2.cde.ca.gov/cacs/ela,https://www2.cde.ca.gov/cacs/ela
CA-CCSS-ELA-2013,W.3.3,CA-CCSS-ELA-2013,W.4.3,,3,4,W | 3 | ,Identifier match only: same strand/domain and number in adjacent grades. Prerequisite relationship is unverified; review both standards before assigning a relation.,"Write narratives to develop real or imagined experiences or events using effective technique, descriptive details, and clear event sequences. a. Establish a situation and introduce a narrator and/or characters; organize an event sequence that unfolds naturally. b. Use dialogue and descriptions of actions, thoughts, and feelings to develop experiences and events or show the response of characters to situations. c. Use temporal words and phrases to signal event order. d. Provide a sense of closure.","Write narratives to develop real or imagined experiences or events using effective technique, descriptive details, and clear event sequences. a. Orient the reader by establishing a situation and introducing a narrator and/or characters; organize an event sequence that unfolds naturally. b. Use dialogue and description to develop experiences and events or show the responses of characters to situations. c. Use a variety of transitional words and phrases to manage the sequence of events. d. Use concrete words and phrases and sensory details to convey experiences and events precisely. e. Provide a conclusion that follows from the narrated experiences or events.",https://www2.cde.ca.gov/cacs/ela,https://www2.cde.ca.gov/cacs/ela
CA-CCSS-ELA-2013,W.4.3,CA-CCSS-ELA-2013,W.5.3,,4,5,W | 3 | ,Identifier match only: same strand/domain and number in adjacent grades. Prerequisite relationship is unverified; review both standards before assigning a relation.,"Write narratives to develop real or imagined experiences or events using effective technique, descriptive details, and clear event sequences. a. Orient the reader by establishing a situation and introducing a narrator and/or characters; organize an event sequence that unfolds naturally. b. Use dialogue and description to develop experiences and events or show the responses of characters to situations. c. Use a variety of transitional words and phrases to manage the sequence of events. d. Use concrete words and phrases and sensory details to convey experiences and events precisely. e. Provide a conclusion that follows from the narrated experiences or events.","Write narratives to develop real or imagined experiences or events using effective technique, descriptive details, and clear event sequences. a. Orient the reader by establishing a situation and introducing a narrator and/or characters; organize an event sequence that unfolds naturally. b. Use narrative techniques, such as dialogue, description, and pacing, to develop experiences and events or show the responses of characters to situations. c. Use a variety of transitional words, phrases, and clauses to manage the sequence of events. d. Use concrete words and phrases and sensory details to convey experiences and events precisely. e. Provide a conclusion that follows from the narrated experiences or events.",https://www2.cde.ca.gov/cacs/ela,https://www2.cde.ca.gov/cacs/ela
CA-CCSS-ELA-2013,W.K.4,CA-CCSS-ELA-2013,W.1.4,,0,1,W | 4 | ,Identifier match only: same strand/domain and number in adjacent grades. Prerequisite relationship is unverified; review both standards before assigning a relation.,(Begins in grade 2) CA,(Begins in grade 2) CA,https://www2.cde.ca.gov/cacs/ela,https://www2.cde.ca.gov/cacs/ela
CA-CCSS-ELA-2013,W.1.4,CA-CCSS-ELA-2013,W.2.4,,1,2,W | 4 | ,Identifier match only: same strand/domain and number in adjacent grades. Prerequisite relationship is unverified; review both standards before assigning a relation.,(Begins in grade 2) CA,"With guidance and support from adults, produce writing in which the development and organization are appropriate to task and purpose. (Grade-specific expectations for writing types are defined in standards 1–3 above.) CA",https://www2.cde.ca.gov/cacs/ela,https://www2.cde.ca.gov/cacs/ela
CA-CCSS-ELA-2013,W.2.4,CA-CCSS-ELA-2013,W.3.4,,2,3,W | 4 | ,Identifier match only: same strand/domain and number in adjacent grades. Prerequisite relationship is unverified; review both standards before assigning a relation.,"With guidance and support from adults, produce writing in which the development and organization are appropriate to task and purpose. (Grade-specific expectations for writing types are defined in standards 1–3 above.) CA","With guidance and support from adults, produce writing in which the development and organization are appropriate to task and purpose. (Grade-specific expectations for writing types are defined in standards 1–3 above.)",https://www2.cde.ca.gov/cacs/ela,https://www2.cde.ca.gov/cacs/ela
CA-CCSS-ELA-2013,W.3.4,CA-CCSS-ELA-2013,W.4.4,,3,4,W | 4 | ,Identifier match only: same strand/domain and number in adjacent grades. Prerequisite relationship is unverified; review both standards before assigning a relation.,"With guidance and support from adults, produce writing in which the development and organization are appropriate to task and purpose. (Grade-specific expectations for writing types are defined in standards 1–3 above.)","Produce clear and coherent writing (including multiple-paragraph texts) in which the development and organization are appropriate to task, purpose, and audience. (Grade-specific expectations for writing types are defined in standards 1–3 above.) CA",https://www2.cde.ca.gov/cacs/ela,https://www2.cde.ca.gov/cacs/ela
CA-CCSS-ELA-2013,W.4.4,CA-CCSS-ELA-2013,W.5.4,,4,5,W | 4 | ,Identifier match only: same strand/domain and number in adjacent grades. Prerequisite relationship is unverified; review both standards before assigning a relation.,"Produce clear and coherent writing (including multiple-paragraph texts) in which the development and organization are appropriate to task, purpose, and audience. (Grade-specific expectations for writing types are defined in standards 1–3 above.) CA","Produce clear and coherent writing (including multipleparagraph texts) in which the development and organization are appropriate to task, purpose, and audience. (Grade-specific expectations for writing types are defined in standards 1–3 above.) CA",https://www2.cde.ca.gov/cacs/ela,https://www2.cde.ca.gov/cacs/ela
CA-CCSS-ELA-2013,W.K.5,CA-CCSS-ELA-2013,W.1.5,,0,1,W | 5 | ,Identifier match only: same strand/domain and number in adjacent grades. Prerequisite relationship is unverified; review both standards before assigning a relation.,"With guidance and support from adults, respond to questions and suggestions from peers and add details to strengthen writing as needed.","With guidance and support from adults, focus on a topic, respond to questions and suggestions from peers, and add details to strengthen writing as needed.",https://www2.cde.ca.gov/cacs/ela,https://www2.cde.ca.gov/cacs/ela
CA-CCSS-ELA-2013,W.1.5,CA-CCSS-ELA-2013,W.2.5,,1,2,W | 5 | ,Identifier match only: same strand/domain and number in adjacent grades. Prerequisite relationship is unverified; review both standards before assigning a relation.,"With guidance and support from adults, focus on a topic, respond to questions and suggestions from peers, and add details to strengthen writing as needed.","With guidance and support from adults and peers, focus on a topic and strengthen writing as needed by revising and editing.",https://www2.cde.ca.gov/cacs/ela,https://www2.cde.ca.gov/cacs/ela
CA-CCSS-ELA-2013,W.2.5,CA-CCSS-ELA-2013,W.3.5,,2,3,W | 5 | ,Identifier match only: same strand/domain and number in adjacent grades. Prerequisite relationship is unverified; review both standards before assigning a relation.,"With guidance and support from adults and peers, focus on a topic and strengthen writing as needed by revising and editing.","With guidance and support from peers and adults, develop and strengthen writing as needed by planning, revising, and editing. (Editing for conventions should demonstrate command of Language standards 1–3 up to and including grade 3.)",https://www2.cde.ca.gov/cacs/ela,https://www2.cde.ca.gov/cacs/ela
CA-CCSS-ELA-2013,W.3.5,CA-CCSS-ELA-2013,W.4.5,,3,4,W | 5 | ,Identifier match only: same strand/domain and number in adjacent grades. Prerequisite relationship is unverified; review both standards before assigning a relation.,"With guidance and support from peers and adults, develop and strengthen writing as needed by planning, revising, and editing. (Editing for conventions should demonstrate command of Language standards 1–3 up to and including grade 3.)","With guidance and support from peers and adults, develop and strengthen writing as needed by planning, revising, and editing. (Editing for conventions should demonstrate command of Language standards 1–3 up to and including grade 4.)",https://www2.cde.ca.gov/cacs/ela,https://www2.cde.ca.gov/cacs/ela
CA-CCSS-ELA-2013,W.4.5,CA-CCSS-ELA-2013,W.5.5,,4,5,W | 5 | ,Identifier match only: same strand/domain and number in adjacent grades. Prerequisite relationship is unverified; review both standards before assigning a relation.,"With guidance and support from peers and adults, develop and strengthen writing as needed by planning, revising, and editing. (Editing for conventions should demonstrate command of Language standards 1–3 up to and including grade 4.)","With guidance and support from peers and adults, develop and strengthen writing as needed by planning, revising, editing, rewriting, or trying a new approach. (Editing for conventions should demonstrate command of Language standards 1–3 up to and including grade 5.)",https://www2.cde.ca.gov/cacs/ela,https://www2.cde.ca.gov/cacs/ela
CA-CCSS-ELA-2013,W.K.6,CA-CCSS-ELA-2013,W.1.6,,0,1,W | 6 | ,Identifier match only: same strand/domain and number in adjacent grades. Prerequisite relationship is unverified; review both standards before assigning a relation.,"With guidance and support from adults, explore a variety of digital tools to produce and publish writing, including in collaboration with peers.","With guidance and support from adults, use a variety of digital tools to produce and publish writing, including in collaboration with peers.",https://www2.cde.ca.gov/cacs/ela,https://www2.cde.ca.gov/cacs/ela
CA-CCSS-ELA-2013,W.1.6,CA-CCSS-ELA-2013,W.2.6,,1,2,W | 6 | ,Identifier match only: same strand/domain and number in adjacent grades. Prerequisite relationship is unverified; review both standards before assigning a relation.,"With guidance and support from adults, use a variety of digital tools to produce and publish writing, including in collaboration with peers.","With guidance and support from adults, use a variety of digital tools to produce and publish writing, including in collaboration with peers.",https://www2.cde.ca.gov/cacs/ela,https://www2.cde.ca.gov/cacs/ela
CA-CCSS-ELA-2013,W.2.6,CA-CCSS-ELA-2013,W.3.6,,2,3,W | 6 | ,Identifier match only: same strand/domain and number in adjacent grades. Prerequisite relationship is unverified; review both standards before assigning a relation.,"With guidance and support from adults, use a variety of digital tools to produce and publish writing, including in collaboration with peers.","With guidance and support from adults, use technology to produce and publish writing (using keyboarding skills) as well as to interact and collaborate with others.",https://www2.cde.ca.gov/cacs/ela,https://www2.cde.ca.gov/cacs/ela
CA-CCSS-ELA-2013,W.3.6,CA-CCSS-ELA-2013,W.4.6,,3,4,W | 6 | ,Identifier match only: same strand/domain and number in adjacent grades. Prerequisite relationship is unverified; review both standards before assigning a relation.,"With guidance and support from adults, use technology to produce and publish writing (using keyboarding skills) as well as to interact and collaborate with others.","With some guidance and support from adults, use technology, including the Internet, to produce and publish writing as well as to interact and collaborate with others; demonstrate sufficient command of keyboarding skills to type a minimum of one page in a single sitting.",https://www2.cde.ca.gov/cacs/ela,https://www2.cde.ca.gov/cacs/ela
CA-CCSS-ELA-2013,W.4.6,CA-CCSS-ELA-2013,W.5.6,,4,5,W | 6 | ,Identifier match only: same strand/domain and number in adjacent grades. Prerequisite relationship is unverified; review both standards before assigning a relation.,"With some guidance and support from adults, use technology, including the Internet, to produce and publish writing as well as to interact and collaborate with others; demonstrate sufficient command of keyboarding skills to type a minimum of one page in a single sitting.","With some guidance and support from adults, use technology, including the Internet, to produce and publish writing as well as to interact and collaborate with others; demonstrate sufficient command of keyboarding skills to type a minimum of two pages in a single sitting.",https://www2.cde.ca.gov/cacs/ela,https://www2.cde.ca.gov/cacs/ela
CA-CCSS-ELA-2013,W.K.7,CA-CCSS-ELA-2013,W.1.7,,0,1,W | 7 | ,Identifier match only: same strand/domain and number in adjacent grades. Prerequisite relationship is unverified; review both standards before assigning a relation.,"Participate in shared research and writing projects (e.g., explore a number of books by a favorite author and express opinions about them).","Participate in shared research and writing projects (e.g., explore a number of “how-to” books on a given topic and use them to write a sequence of instructions).",https://www2.cde.ca.gov/cacs/ela,https://www2.cde.ca.gov/cacs/ela
CA-CCSS-ELA-2013,W.1.7,CA-CCSS-ELA-2013,W.2.7,,1,2,W | 7 | ,Identifier match only: same strand/domain and number in adjacent grades. Prerequisite relationship is unverified; review both standards before assigning a relation.,"Participate in shared research and writing projects (e.g., explore a number of “how-to” books on a given topic and use them to write a sequence of instructions).","Participate in shared research and writing projects (e.g., read a number of books on a single topic to produce a report; record science observations).",https://www2.cde.ca.gov/cacs/ela,https://www2.cde.ca.gov/cacs/ela
CA-CCSS-ELA-2013,W.2.7,CA-CCSS-ELA-2013,W.3.7,,2,3,W | 7 | ,Identifier match only: same strand/domain and number in adjacent grades. Prerequisite relationship is unverified; review both standards before assigning a relation.,"Participate in shared research and writing projects (e.g., read a number of books on a single topic to produce a report; record science observations).",Conduct short research projects that build knowledge about a topic.,https://www2.cde.ca.gov/cacs/ela,https://www2.cde.ca.gov/cacs/ela
CA-CCSS-ELA-2013,W.3.7,CA-CCSS-ELA-2013,W.4.7,,3,4,W | 7 | ,Identifier match only: same strand/domain and number in adjacent grades. Prerequisite relationship is unverified; review both standards before assigning a relation.,Conduct short research projects that build knowledge about a topic.,Conduct short research projects that build knowledge through investigation of different aspects of a topic.,https://www2.cde.ca.gov/cacs/ela,https://www2.cde.ca.gov/cacs/ela
CA-CCSS-ELA-2013,W.4.7,CA-CCSS-ELA-2013,W.5.7,,4,5,W | 7 | ,Identifier match only: same strand/domain and number in adjacent grades. Prerequisite relationship is unverified; review both standards before assigning a relation.,Conduct short research projects that build knowledge through investigation of different aspects of a topic.,Conduct short research projects that use several sources to build knowledge through investigation of different aspects of a topic.,https://www2.cde.ca.gov/cacs/ela,https://www2.cde.ca.gov/cacs/ela
CA-CCSS-ELA-2013,W.K.8,CA-CCSS-ELA-2013,W.1.8,,0,1,W | 8 | ,Identifier match only: same strand/domain and number in adjacent grades. Prerequisite relationship is unverified; review both standards before assigning a relation.,"With guidance and support from adults, recall information from experiences or gather information from provided sources to answer a question.","With guidance and support from adults, recall information from experiences or gather information from provided sources to answer a question.",https://www2.cde.ca.gov/cacs/ela,https://www2.cde.ca.gov/cacs/ela
CA-CCSS-ELA-2013,W.1.8,CA-CCSS-ELA-2013,W.2.8,,1,2,W | 8 | ,Identifier match only: same strand/domain and number in adjacent grades. Prerequisite relationship is unverified; review both standards before assigning a relation.,"With guidance and support from adults, recall information from experiences or gather information from provided sources to answer a question.",Recall information from experiences or gather information from provided sources to answer a question.,https://www2.cde.ca.gov/cacs/ela,https://www2.cde.ca.gov/cacs/ela
CA-CCSS-ELA-2013,W.2.8,CA-CCSS-ELA-2013,W.3.8,,2,3,W | 8 | ,Identifier match only: same strand/domain and number in adjacent grades. Prerequisite relationship is unverified; review both standards before assigning a relation.,Recall information from experiences or gather information from provided sources to answer a question.,Recall information from experiences or gather information from print and digital sources; take brief notes on sources and sort evidence into provided categories.,https://www2.cde.ca.gov/cacs/ela,https://www2.cde.ca.gov/cacs/ela
CA-CCSS-ELA-2013,W.3.8,CA-CCSS-ELA-2013,W.4.8,,3,4,W | 8 | ,Identifier match only: same strand/domain and number in adjacent grades. Prerequisite relationship is unverified; review both standards before assigning a relation.,Recall information from experiences or gather information from print and digital sources; take brief notes on sources and sort evidence into provided categories.,"Recall relevant information from experiences or gather relevant information from print and digital sources; take notes, paraphrase, and categorize information, and provide a list of sources. CA",https://www2.cde.ca.gov/cacs/ela,https://www2.cde.ca.gov/cacs/ela
CA-CCSS-ELA-2013,W.4.8,CA-CCSS-ELA-2013,W.5.8,,4,5,W | 8 | ,Identifier match only: same strand/domain and number in adjacent grades. Prerequisite relationship is unverified; review both standards before assigning a relation.,"Recall relevant information from experiences or gather relevant information from print and digital sources; take notes, paraphrase, and categorize information, and provide a list of sources. CA","Recall relevant information from experiences or gather relevant information from print and digital sources; summarize or paraphrase information in notes and finished work, and provide a list of sources.",https://www2.cde.ca.gov/cacs/ela,https://www2.cde.ca.gov/cacs/ela
CA-CCSS-ELA-2013,W.K.9,CA-CCSS-ELA-2013,W.1.9,,0,1,W | 9 | ,Identifier match only: same strand/domain and number in adjacent grades. Prerequisite relationship is unverified; review both standards before assigning a relation.,(Begins in grade 4),(Begins in grade 4),https://www2.cde.ca.gov/cacs/ela,https://www2.cde.ca.gov/cacs/ela
CA-CCSS-ELA-2013,W.1.9,CA-CCSS-ELA-2013,W.2.9,,1,2,W | 9 | ,Identifier match only: same strand/domain and number in adjacent grades. Prerequisite relationship is unverified; review both standards before assigning a relation.,(Begins in grade 4),(Begins in grade 4),https://www2.cde.ca.gov/cacs/ela,https://www2.cde.ca.gov/cacs/ela
CA-CCSS-ELA-2013,W.2.9,CA-CCSS-ELA-2013,W.3.9,,2,3,W | 9 | ,Identifier match only: same strand/domain and number in adjacent grades. Prerequisite relationship is unverified; review both standards before assigning a relation.,(Begins in grade 4),(Begins in grade 4),https://www2.cde.ca.gov/cacs/ela,https://www2.cde.ca.gov/cacs/ela
CA-CCSS-ELA-2013,W.3.9,CA-CCSS-ELA-2013,W.4.9,,3,4,W | 9 | ,Identifier match only: same strand/domain and number in adjacent grades. Prerequisite relationship is unverified; review both standards before assigning a relation.,(Begins in grade 4),"Draw evidence from literary or informational texts to support analysis, reflection, and research. a. Apply grade 4 Reading standards to literature (e.g., “Describe in depth a character, setting, or event in a story or drama, drawing on specific details in the text [e.g., a character’s thoughts, words, or actions].”). b. Apply grade 4 Reading standards to informational texts (e.g., “Explain how an author uses reasons and evidence to support particular points in a text”).",https://www2.cde.ca.gov/cacs/ela,https://www2.cde.ca.gov/cacs/ela
CA-CCSS-ELA-2013,W.4.9,CA-CCSS-ELA-2013,W.5.9,,4,5,W | 9 | ,Identifier match only: same strand/domain and number in adjacent grades. Prerequisite relationship is unverified; review both standards before assigning a relation.,"Draw evidence from literary or informational texts to support analysis, reflection, and research. a. Apply grade 4 Reading standards to literature (e.g., “Describe in depth a character, setting, or event in a story or drama, drawing on specific details in the text [e.g., a character’s thoughts, words, or actions].”). b. Apply grade 4 Reading standards to informational texts (e.g., “Explain how an author uses reasons and evidence to support particular points in a text”).","Draw evidence from literary or informational texts to support analysis, reflection, and research. a. Apply grade 5 Reading standards to literature (e.g., “Compare and contrast two or more characters, settings, or events in a story or a drama, drawing on specific details in the text [e.g., how characters interact]”). b. Apply grade 5 Reading standards to informational texts (e.g., “Explain how an author uses reasons and evidence to support particular points in a text, identifying which reasons and evidence support which point[s]”).",https://www2.cde.ca.gov/cacs/ela,https://www2.cde.ca.gov/cacs/ela
