framework_id,code,grade,critical_principle,cluster,proficiency_level,content_strand,text,source_url,page
CA-ELD-2012,ELD.PI.K.1.Br,0,Part I: Interacting in Meaningful Ways,A. Collaborative,Bridging,Exchanging information and ideas,"Contribute to class, group, and partner discussions by listening attentively, following turn-taking rules, and asking and answering questions.",https://www2.cde.ca.gov/cacs/eld,
CA-ELD-2012,ELD.PI.K.1.Em,0,Part I: Interacting in Meaningful Ways,A. Collaborative,Emerging,Exchanging information and ideas,"Contribute to conversations and express ideas by asking and answering yes-no and wh- questions and responding using gestures, words, and simple phrases",https://www2.cde.ca.gov/cacs/eld,
CA-ELD-2012,ELD.PI.K.1.Ex,0,Part I: Interacting in Meaningful Ways,A. Collaborative,Expanding,Exchanging information and ideas,"Contribute to class, group, and partner discussions by listening attentively, following turn-taking rules, and asking and answering questions.",https://www2.cde.ca.gov/cacs/eld,
CA-ELD-2012,ELD.PI.K.10.Br,0,Part I: Interacting in Meaningful Ways,C. Productive,Bridging,Composing/Writing,"Draw, dictate, and write to compose longer literary texts (e.g., story) and informational texts (e.g., an information report on dogs), collaboratively with an adult (e.g., joint construction of texts), with peers, and independently using appropriate text organization.",https://www2.cde.ca.gov/cacs/eld,
CA-ELD-2012,ELD.PI.K.10.Em,0,Part I: Interacting in Meaningful Ways,C. Productive,Emerging,Composing/Writing,"Draw, dictate, and write to compose very short literary texts (e.g., story) and informational texts (e.g., a description of a dog), using familiar vocabulary collaboratively in shared language activities with an adult (e.g., joint construction of texts), with peers, and sometimes independently.",https://www2.cde.ca.gov/cacs/eld,
CA-ELD-2012,ELD.PI.K.10.Ex,0,Part I: Interacting in Meaningful Ways,C. Productive,Expanding,Composing/Writing,"Draw, dictate, and write to compose short literary texts (e.g., story) and informational texts (e.g., a description of dogs), collaboratively with an adult (e.g., joint construction of texts), with peers, and with increasing independence.",https://www2.cde.ca.gov/cacs/eld,
CA-ELD-2012,ELD.PI.K.11.Br,0,Part I: Interacting in Meaningful Ways,C. Productive,Bridging,Supporting opinions,"Supporting opinions Offer opinions and provide good reasons with detailed textual evidence or relevant background knowledge (e.g., specific examples from text or knowledge of content).",https://www2.cde.ca.gov/cacs/eld,
CA-ELD-2012,ELD.PI.K.11.Em,0,Part I: Interacting in Meaningful Ways,C. Productive,Emerging,Supporting opinions,"Offer opinions and provide good reasons (e.g., My favorite book is X because X.) referring to the text or to relevant background knowledge.",https://www2.cde.ca.gov/cacs/eld,
CA-ELD-2012,ELD.PI.K.11.Ex,0,Part I: Interacting in Meaningful Ways,C. Productive,Expanding,Supporting opinions,"Offer opinions and provide good reasons and some textual evidence or relevant background knowledge (e.g., paraphrased examples from text or knowledge of content).",https://www2.cde.ca.gov/cacs/eld,
CA-ELD-2012,ELD.PI.K.12a.Br,0,Part I: Interacting in Meaningful Ways,C. Productive,Bridging,Selecting language resources,Retell texts and recount experiences using increasingly detailed complete sentences and key words.,https://www2.cde.ca.gov/cacs/eld,
CA-ELD-2012,ELD.PI.K.12a.Em,0,Part I: Interacting in Meaningful Ways,C. Productive,Emerging,Selecting language resources,Retell texts and recount experiences using a select set of key words.,https://www2.cde.ca.gov/cacs/eld,
CA-ELD-2012,ELD.PI.K.12a.Ex,0,Part I: Interacting in Meaningful Ways,C. Productive,Expanding,Selecting language resources,Retell texts and recount experiences using complete sentences and key words.,https://www2.cde.ca.gov/cacs/eld,
CA-ELD-2012,ELD.PI.K.12b.Br,0,Part I: Interacting in Meaningful Ways,C. Productive,Bridging,Selecting language resources,"Use a wide variety of general academic and domain-specific words, synonyms, antonyms, and language to create an effect (e.g., using the word suddenly to signal a change) or to create shades of meaning (e.g., The cat’s fur was as white as snow) while speaking and composing.",https://www2.cde.ca.gov/cacs/eld,
CA-ELD-2012,ELD.PI.K.12b.Em,0,Part I: Interacting in Meaningful Ways,C. Productive,Emerging,Selecting language resources,"Use a select number of general academic and domain-specific words to add detail (e.g., adding the word spicy to describe a favorite food, using the word larva when explaining insect metamorphosis) while speaking and composing.",https://www2.cde.ca.gov/cacs/eld,
CA-ELD-2012,ELD.PI.K.12b.Ex,0,Part I: Interacting in Meaningful Ways,C. Productive,Expanding,Selecting language resources,"Use a growing number of general academic and domain-specific words in order to add detail or to create shades of meaning (e.g., using the word scurry versus run) while speaking and composing.",https://www2.cde.ca.gov/cacs/eld,
CA-ELD-2012,ELD.PI.K.2.Br,0,Part I: Interacting in Meaningful Ways,A. Collaborative,Bridging,Interacting via written English,"Collaborate with the teacher and peers on joint composing projects of informational and literary texts that include a greater amount of writing (e.g., a very short story), using technology, where appropriate, for publishing, graphics, and the like.",https://www2.cde.ca.gov/cacs/eld,
CA-ELD-2012,ELD.PI.K.2.Em,0,Part I: Interacting in Meaningful Ways,A. Collaborative,Emerging,Interacting via written English,"Collaborate with the teacher and peers on joint composing projects of short informational and literary texts that include minimal writing (labeling with a few words), using technology, where appropriate, for publishing, graphics, and the like.",https://www2.cde.ca.gov/cacs/eld,
CA-ELD-2012,ELD.PI.K.2.Ex,0,Part I: Interacting in Meaningful Ways,A. Collaborative,Expanding,Interacting via written English,"Collaborate with the teacher and peers on joint composing projects of informational and literary texts that include some writing (e.g., short sentences), using technology, where appropriate, for publishing, graphics, and the like.",https://www2.cde.ca.gov/cacs/eld,
CA-ELD-2012,ELD.PI.K.3.Br,0,Part I: Interacting in Meaningful Ways,A. Collaborative,Bridging,Offering opinions,"Offer opinions in conversations using an expanded set of learned phrases (e.g., I think/don’t think X. I agree with X, but . . .), as well as open responses, in order to gain and/or hold the floor or add information to an idea.",https://www2.cde.ca.gov/cacs/eld,
CA-ELD-2012,ELD.PI.K.3.Em,0,Part I: Interacting in Meaningful Ways,A. Collaborative,Emerging,Offering opinions,"Offer opinions and ideas in conversations using a small set of learned phrases (e.g., I think X), as well as open responses.",https://www2.cde.ca.gov/cacs/eld,
CA-ELD-2012,ELD.PI.K.3.Ex,0,Part I: Interacting in Meaningful Ways,A. Collaborative,Expanding,Offering opinions,"Offer opinions in conversations using an expanded set of learned phrases (e.g., I think/don’t think X. I agree with X), as well as open responses, in order to gain and/or hold the floor.",https://www2.cde.ca.gov/cacs/eld,
CA-ELD-2012,ELD.PI.K.4.Br,0,Part I: Interacting in Meaningful Ways,A. Collaborative,Bridging,Adapting language choices,No standard for kindergarten.,https://www2.cde.ca.gov/cacs/eld,
CA-ELD-2012,ELD.PI.K.4.Em,0,Part I: Interacting in Meaningful Ways,A. Collaborative,Emerging,Adapting language choices,No standard for kindergarten.,https://www2.cde.ca.gov/cacs/eld,
CA-ELD-2012,ELD.PI.K.4.Ex,0,Part I: Interacting in Meaningful Ways,A. Collaborative,Expanding,Adapting language choices,No standard for kindergarten.,https://www2.cde.ca.gov/cacs/eld,
CA-ELD-2012,ELD.PI.K.5.Br,0,Part I: Interacting in Meaningful Ways,B. Interpretive,Bridging,Listening actively,"Demonstrate active listening to read-alouds and oral presentations by asking and answering detailed questions, with minimal prompting and light support.",https://www2.cde.ca.gov/cacs/eld,
CA-ELD-2012,ELD.PI.K.5.Em,0,Part I: Interacting in Meaningful Ways,B. Interpretive,Emerging,Listening actively,Demonstrate active listening to read-alouds and oral presentations by asking and answering yes-no and wh- questions with oral sentence frames and substantial prompting and support.,https://www2.cde.ca.gov/cacs/eld,
CA-ELD-2012,ELD.PI.K.5.Ex,0,Part I: Interacting in Meaningful Ways,B. Interpretive,Expanding,Listening actively,Demonstrate active listening to read-alouds and oral presentations by asking and answering questions with oral sentence frames and occasional prompting and support.,https://www2.cde.ca.gov/cacs/eld,
CA-ELD-2012,ELD.PI.K.6.Br,0,Part I: Interacting in Meaningful Ways,B. Interpretive,Bridging,Reading/viewing closely,"Describe ideas, phenomena (e.g., insect metamorphosis), and text elements (e.g., major events, characters, setting) using key details based on understanding of a variety of grade-level texts and viewing of multimedia, with light support.",https://www2.cde.ca.gov/cacs/eld,
CA-ELD-2012,ELD.PI.K.6.Em,0,Part I: Interacting in Meaningful Ways,B. Interpretive,Emerging,Reading/viewing closely,"Describe ideas, phenomena (e.g., parts of a plant), and text elements (e.g., characters) based on understanding of a select set of grade-level texts and viewing of multimedia, with substantial support.",https://www2.cde.ca.gov/cacs/eld,
CA-ELD-2012,ELD.PI.K.6.Ex,0,Part I: Interacting in Meaningful Ways,B. Interpretive,Expanding,Reading/viewing closely,"Describe ideas, phenomena (e.g., how butterflies eat), and text elements (e.g., setting, characters) in greater detail based on understanding of a variety of grade-level texts and viewing of multimedia, with moderate support.",https://www2.cde.ca.gov/cacs/eld,
CA-ELD-2012,ELD.PI.K.7.Br,0,Part I: Interacting in Meaningful Ways,B. Interpretive,Bridging,Evaluating language choices,"Describe the language an author uses to present or support an idea (e.g., the vocabulary used to describe people and places), with prompting and light support.",https://www2.cde.ca.gov/cacs/eld,
CA-ELD-2012,ELD.PI.K.7.Em,0,Part I: Interacting in Meaningful Ways,B. Interpretive,Emerging,Evaluating language choices,"Describe the language an author uses to present an idea (e.g., the words and phrases used when a character is introduced), with prompting and substantial support.",https://www2.cde.ca.gov/cacs/eld,
CA-ELD-2012,ELD.PI.K.7.Ex,0,Part I: Interacting in Meaningful Ways,B. Interpretive,Expanding,Evaluating language choices,"Describe the language an author uses to present an idea (e.g., the adjectives used to describe a character), with prompting and moderate support.",https://www2.cde.ca.gov/cacs/eld,
CA-ELD-2012,ELD.PI.K.8.Br,0,Part I: Interacting in Meaningful Ways,B. Interpretive,Bridging,Analyzing language choices,"Distinguish how multiple different words with similar meaning (e.g., walk, march, strut, prance) produce shades of meaning and a different effect.",https://www2.cde.ca.gov/cacs/eld,
CA-ELD-2012,ELD.PI.K.8.Em,0,Part I: Interacting in Meaningful Ways,B. Interpretive,Emerging,Analyzing language choices,"Distinguish how two different frequently used words (e.g., describing an action with the verb walk versus run) produce a different effect.",https://www2.cde.ca.gov/cacs/eld,
CA-ELD-2012,ELD.PI.K.8.Ex,0,Part I: Interacting in Meaningful Ways,B. Interpretive,Expanding,Analyzing language choices,"Distinguish how two different words with similar meaning (e.g., describing an action as walk versus march) produce shades of meaning and a different effect.",https://www2.cde.ca.gov/cacs/eld,
CA-ELD-2012,ELD.PI.K.9.Br,0,Part I: Interacting in Meaningful Ways,C. Productive,Bridging,Presenting,"Plan and deliver longer oral presentations on a variety of topics in a variety of content areas (e.g., retelling a story, describing a science experiment).",https://www2.cde.ca.gov/cacs/eld,
CA-ELD-2012,ELD.PI.K.9.Em,0,Part I: Interacting in Meaningful Ways,C. Productive,Emerging,Presenting,"Plan and deliver very brief oral presentation on a variety of topics (e.g., show and tell, describing a picture).",https://www2.cde.ca.gov/cacs/eld,
CA-ELD-2012,ELD.PI.K.9.Ex,0,Part I: Interacting in Meaningful Ways,C. Productive,Expanding,Presenting,"Plan and deliver brief oral presentations on a variety of topics (e.g., show and tell, author’s chair, recounting an experience, describing an animal).",https://www2.cde.ca.gov/cacs/eld,
CA-ELD-2012,ELD.PII.K.1.Br,0,Part II: Learning About How English Works,A. Structuring Cohesive Texts,Bridging,Understanding text structure,"Apply understanding of how different text types are organized predictably (e.g., a narrative text versus an informative text versus an opinion text) to comprehending texts and composing texts in shared language activities guided by the teacher, with peers, and independently.",https://www2.cde.ca.gov/cacs/eld,
CA-ELD-2012,ELD.PII.K.1.Em,0,Part II: Learning About How English Works,A. Structuring Cohesive Texts,Emerging,Understanding text structure,"Apply understanding of how text types are organized (e.g., how a story is organized by a sequence of events) to comprehending and composing texts in shared language activities guided by the teacher, with peers, and sometimes independently.",https://www2.cde.ca.gov/cacs/eld,
CA-ELD-2012,ELD.PII.K.1.Ex,0,Part II: Learning About How English Works,A. Structuring Cohesive Texts,Expanding,Understanding text structure,"Apply understanding of how different text types are organized to express ideas (e.g., how a story is organized sequentially with predictable stages versus how an informative text is organized by topic and details) to comprehending texts and composing texts in shared language activities guided by the teacher, collaboratively with peers, and with increasing independence.",https://www2.cde.ca.gov/cacs/eld,
CA-ELD-2012,ELD.PII.K.2.Br,0,Part II: Learning About How English Works,A. Structuring Cohesive Texts,Bridging,Understanding cohesion,"Apply understanding of how ideas, events, or reasons are linked throughout a text using a variety of connecting words or phrases (e.g., first/second/third, once, at the end) to comprehending texts and composing texts in shared language activities guided by the teacher, with peers, and independently.",https://www2.cde.ca.gov/cacs/eld,
CA-ELD-2012,ELD.PII.K.2.Em,0,Part II: Learning About How English Works,A. Structuring Cohesive Texts,Emerging,Understanding cohesion,"Apply basic understanding of how ideas, events, or reasons are linked throughout a text using more everyday connecting words or phrases (e.g., one time, then) to comprehending texts and composing texts in shared language activities guided by the teacher, with peers, and sometimes independently.",https://www2.cde.ca.gov/cacs/eld,
CA-ELD-2012,ELD.PII.K.2.Ex,0,Part II: Learning About How English Works,A. Structuring Cohesive Texts,Expanding,Understanding cohesion,"Apply understanding of how ideas, events, or reasons are linked throughout a text using a growing number of connecting words or phrases (e.g., next, after a long time) to comprehending texts and composing texts in shared language activities guided by the teacher, collaboratively with peers, and with increasing independence.",https://www2.cde.ca.gov/cacs/eld,
CA-ELD-2012,ELD.PII.K.3a.Br,0,Part II: Learning About How English Works,B. Expanding and Enriching Ideas,Bridging,Using verbs and verb phrases,"Use a wide variety of verbs and verb types (e.g., doing, saying, being/having, and thinking/feeling) in shared language activities guided by the teacher and independently.",https://www2.cde.ca.gov/cacs/eld,
CA-ELD-2012,ELD.PII.K.3a.Em,0,Part II: Learning About How English Works,B. Expanding and Enriching Ideas,Emerging,Using verbs and verb phrases,"Use frequently used verbs (e.g., go, eat, run) and verb types (e.g., doing, saying, being/having, thinking/feeling) in shared language activities guided by the teacher and with increasing independence.",https://www2.cde.ca.gov/cacs/eld,
CA-ELD-2012,ELD.PII.K.3a.Ex,0,Part II: Learning About How English Works,B. Expanding and Enriching Ideas,Expanding,Using verbs and verb phrases,"Use a growing number of verbs and verb types (e.g., doing, saying, being/having, and thinking/feeling) in shared language activities guided by the teacher and independently.",https://www2.cde.ca.gov/cacs/eld,
CA-ELD-2012,ELD.PII.K.3b.Br,0,Part II: Learning About How English Works,B. Expanding and Enriching Ideas,Bridging,Using verbs and verb phrases,"Use a wide variety of verb tenses appropriate for the text type and discipline to convey time (e.g., simple present for a science description, simple future to predict) in shared language activities guided by the teacher and independently.",https://www2.cde.ca.gov/cacs/eld,
CA-ELD-2012,ELD.PII.K.3b.Em,0,Part II: Learning About How English Works,B. Expanding and Enriching Ideas,Emerging,Using verbs and verb phrases,"Use simple verb tenses appropriate for the text type and discipline to convey time (e.g., simple past for recounting an experience) in shared language activities guided by the teacher and with increasing independence.",https://www2.cde.ca.gov/cacs/eld,
CA-ELD-2012,ELD.PII.K.3b.Ex,0,Part II: Learning About How English Works,B. Expanding and Enriching Ideas,Expanding,Using verbs and verb phrases,"Use a growing number of verb tenses appropriate for the text type and discipline to convey time (e.g., simple past tense for retelling, simple present for a science description) in shared language activities guided by the teacher and independently.",https://www2.cde.ca.gov/cacs/eld,
CA-ELD-2012,ELD.PII.K.4.Br,0,Part II: Learning About How English Works,B. Expanding and Enriching Ideas,Bridging,Using nouns and noun phrases,"Expand noun phrases in a wide variety of ways (e.g., adding a variety of adjectives to noun phrases) in order to enrich the meaning of phrases/sentences and add details about ideas, people, things, and so on, in shared language activities guided by the teacher and independently.",https://www2.cde.ca.gov/cacs/eld,
CA-ELD-2012,ELD.PII.K.4.Em,0,Part II: Learning About How English Works,B. Expanding and Enriching Ideas,Emerging,Using nouns and noun phrases,"Expand noun phrases in simple ways (e.g., adding a familiar adjective to describe a noun) in order to enrich the meaning of sentences and add details about ideas, people, things, and so on, in shared language activities guided by the teacher and sometimes independently.",https://www2.cde.ca.gov/cacs/eld,
CA-ELD-2012,ELD.PII.K.4.Ex,0,Part II: Learning About How English Works,B. Expanding and Enriching Ideas,Expanding,Using nouns and noun phrases,"Expand noun phrases in a growing number of ways (e.g., adding a newly learned adjective to a noun) in order to enrich the meaning of sentences and add details about ideas, people, things, and so on, in shared language activities guided by the teacher and with increasing independence.",https://www2.cde.ca.gov/cacs/eld,
CA-ELD-2012,ELD.PII.K.5.Br,0,Part II: Learning About How English Works,B. Expanding and Enriching Ideas,Bridging,Modifying to add details,"Expand simple and compound sentences with prepositional phrases to provide details (e.g., time, manner, place, cause) in shared language activities guided by the teacher and independently.",https://www2.cde.ca.gov/cacs/eld,
CA-ELD-2012,ELD.PII.K.5.Em,0,Part II: Learning About How English Works,B. Expanding and Enriching Ideas,Emerging,Modifying to add details,"Expand sentences with frequently used prepositional phrases (such as in the house, on the boat) to provide details (e.g., time, manner, place, cause) about a familiar activity or process in shared language activities guided by the teacher and sometimes independently.",https://www2.cde.ca.gov/cacs/eld,
CA-ELD-2012,ELD.PII.K.5.Ex,0,Part II: Learning About How English Works,B. Expanding and Enriching Ideas,Expanding,Modifying to add details,"Modifying to add details Expand sentences with prepositional phrases to provide details (e.g., time, manner, place, cause) about a familiar or new activity or process in shared language activities guided by the teacher and with increasing independence.",https://www2.cde.ca.gov/cacs/eld,
CA-ELD-2012,ELD.PII.K.6.Br,0,Part II: Learning About How English Works,C. Connecting and Condensing Ideas,Bridging,Connecting ideas,"Combine clauses in a wide variety of ways (e.g., rearranging complete simple sentences to form compound sentences) to make connections between and join ideas (e.g., The boy was hungry. The boy ate a sandwich. → The boy was hungry so he ate a sandwich) in shared language activities guided by the teacher and independently.",https://www2.cde.ca.gov/cacs/eld,
CA-ELD-2012,ELD.PII.K.6.Em,0,Part II: Learning About How English Works,C. Connecting and Condensing Ideas,Emerging,Connecting ideas,"Combine clauses in a few basic ways to make connections between and join ideas (e.g., creating compound sentences using and, but, so) in shared language activities guided by the teacher and sometimes independently.",https://www2.cde.ca.gov/cacs/eld,
CA-ELD-2012,ELD.PII.K.6.Ex,0,Part II: Learning About How English Works,C. Connecting and Condensing Ideas,Expanding,Connecting ideas,"Combine clauses in an increasing variety of ways to make connections between and join ideas, for example, to express cause/effect (e.g., She jumped because the dog barked) in shared language activities guided by the teacher and with increasing independence.",https://www2.cde.ca.gov/cacs/eld,
CA-ELD-2012,ELD.PII.K.7.Br,0,Part II: Learning About How English Works,C. Connecting and Condensing Ideas,Bridging,Condensing ideas,No standard for kindergarten.,https://www2.cde.ca.gov/cacs/eld,
CA-ELD-2012,ELD.PII.K.7.Em,0,Part II: Learning About How English Works,C. Connecting and Condensing Ideas,Emerging,Condensing ideas,No standard for kindergarten.,https://www2.cde.ca.gov/cacs/eld,
CA-ELD-2012,ELD.PII.K.7.Ex,0,Part II: Learning About How English Works,C. Connecting and Condensing Ideas,Expanding,Condensing ideas,No standard for kindergarten.,https://www2.cde.ca.gov/cacs/eld,
CA-ELD-2012,ELD.PI.1.1.Br,1,Part I: Interacting in Meaningful Ways,A. Collaborative,Bridging,Exchanging information and ideas,"Contribute to class, group, and partner discussions by listening attentively, following turn-taking rules, and asking and answering questions.",https://www2.cde.ca.gov/cacs/eld,
CA-ELD-2012,ELD.PI.1.1.Em,1,Part I: Interacting in Meaningful Ways,A. Collaborative,Emerging,Exchanging information and ideas,"Contribute to conversations and express ideas by asking and answering yes-no and wh- questions and responding using gestures, words, and simple phrases.",https://www2.cde.ca.gov/cacs/eld,
CA-ELD-2012,ELD.PI.1.1.Ex,1,Part I: Interacting in Meaningful Ways,A. Collaborative,Expanding,Exchanging information and ideas,"Contribute to class, group, and partner discussions by listening attentively, following turn-taking rules, and asking and answering questions.",https://www2.cde.ca.gov/cacs/eld,
CA-ELD-2012,ELD.PI.1.10.Br,1,Part I: Interacting in Meaningful Ways,C. Productive,Bridging,Writing,"Write longer literary texts (e.g., a story) and informational texts (e.g., an informative text on the life cycle of insects) collaboratively with an adult (e.g., joint construction), with peers, and independently.",https://www2.cde.ca.gov/cacs/eld,
CA-ELD-2012,ELD.PI.1.10.Em,1,Part I: Interacting in Meaningful Ways,C. Productive,Emerging,Writing,"Write very short literary texts (e.g., story) and informational texts (e.g., a description of an insect) using familiar vocabulary collaboratively with an adult (e.g., joint construction of texts), with peers, and sometimes independently.",https://www2.cde.ca.gov/cacs/eld,
CA-ELD-2012,ELD.PI.1.10.Ex,1,Part I: Interacting in Meaningful Ways,C. Productive,Expanding,Writing,"Write short literary texts (e.g., a story) and informational texts (e.g., an informative text on the life cycle of an insect) collaboratively with an adult (e.g., joint construction of texts), with peers, and with increasing independence.",https://www2.cde.ca.gov/cacs/eld,
CA-ELD-2012,ELD.PI.1.11.Br,1,Part I: Interacting in Meaningful Ways,C. Productive,Bridging,Supporting opinions,"Offer opinions and provide good reasons with detailed textual evidence or relevant background knowledge (e.g., specific examples from text or knowledge of content).",https://www2.cde.ca.gov/cacs/eld,
CA-ELD-2012,ELD.PI.1.11.Em,1,Part I: Interacting in Meaningful Ways,C. Productive,Emerging,Supporting opinions,"Offer opinions and provide good reasons (e.g., My favorite book is X because X) referring to the text or to relevant background knowledge.",https://www2.cde.ca.gov/cacs/eld,
CA-ELD-2012,ELD.PI.1.11.Ex,1,Part I: Interacting in Meaningful Ways,C. Productive,Expanding,Supporting opinions,"Offer opinions and provide good reasons and some textual evidence or relevant background knowledge (e.g., paraphrased examples from text or knowledge of content).",https://www2.cde.ca.gov/cacs/eld,
CA-ELD-2012,ELD.PI.1.12a.Br,1,Part I: Interacting in Meaningful Ways,C. Productive,Bridging,Selecting language resources,"Retell texts and recount experiences, using increasingly detailed complete sentences and key words.",https://www2.cde.ca.gov/cacs/eld,
CA-ELD-2012,ELD.PI.1.12a.Em,1,Part I: Interacting in Meaningful Ways,C. Productive,Emerging,Selecting language resources,"Retell text and recount experiences, using key words.",https://www2.cde.ca.gov/cacs/eld,
CA-ELD-2012,ELD.PI.1.12a.Ex,1,Part I: Interacting in Meaningful Ways,C. Productive,Expanding,Selecting language resources,"Retell texts and recount experiences, using complete sentences and key words.",https://www2.cde.ca.gov/cacs/eld,
CA-ELD-2012,ELD.PI.1.12b.Br,1,Part I: Interacting in Meaningful Ways,C. Productive,Bridging,Selecting language resources,"Use a wide variety of general academic and domain-specific words, synonyms, antonyms, and non-literal language (e.g., The dog was as big as a house) to create an effect, precision, and shades of meaning while speaking and writing.",https://www2.cde.ca.gov/cacs/eld,
CA-ELD-2012,ELD.PI.1.12b.Em,1,Part I: Interacting in Meaningful Ways,C. Productive,Emerging,Selecting language resources,"Use a select number of general academic and domain-specific words to add detail (e.g., adding the word scrumptious to describe a favorite food, using the word thorax to refer to insect anatomy) while speaking and writing.",https://www2.cde.ca.gov/cacs/eld,
CA-ELD-2012,ELD.PI.1.12b.Ex,1,Part I: Interacting in Meaningful Ways,C. Productive,Expanding,Selecting language resources,"Use a growing number of general academic and domain-specific words in order to add detail, create an effect (e.g., using the word suddenly to signal a change), or create shades of meaning (e.g., prance versus walk) while speaking and writing.",https://www2.cde.ca.gov/cacs/eld,
CA-ELD-2012,ELD.PI.1.2.Br,1,Part I: Interacting in Meaningful Ways,A. Collaborative,Bridging,Interacting via written English,"Collaborate with peers on joint writing projects of longer informational and literary texts, using technology where appropriate for publishing, graphics, and the like.",https://www2.cde.ca.gov/cacs/eld,
CA-ELD-2012,ELD.PI.1.2.Em,1,Part I: Interacting in Meaningful Ways,A. Collaborative,Emerging,Interacting via written English,"Collaborate with teacher and peers on joint writing projects of short informational and literary texts, using technology where appropriate for publishing, graphics, and the like.",https://www2.cde.ca.gov/cacs/eld,
CA-ELD-2012,ELD.PI.1.2.Ex,1,Part I: Interacting in Meaningful Ways,A. Collaborative,Expanding,Interacting via written English,"Collaborate with peers on joint writing projects of longer informational and literary texts, using technology where appropriate for publishing, graphics, and the like.",https://www2.cde.ca.gov/cacs/eld,
CA-ELD-2012,ELD.PI.1.3.Br,1,Part I: Interacting in Meaningful Ways,A. Collaborative,Bridging,Offering opinions,"Offer opinions and negotiate with others in conversations using an expanded set of learned phrases (e.g., I think/don’t think X. I agree with X), and open responses in order to gain and/or hold the floor, elaborate on an idea, provide different opinions, and so on.",https://www2.cde.ca.gov/cacs/eld,
CA-ELD-2012,ELD.PI.1.3.Em,1,Part I: Interacting in Meaningful Ways,A. Collaborative,Emerging,Offering opinions,"Offer opinions and ideas in conversations using a small set of learned phrases (e.g., I think X), as well as open responses in order to gain and/or hold the floor.",https://www2.cde.ca.gov/cacs/eld,
CA-ELD-2012,ELD.PI.1.3.Ex,1,Part I: Interacting in Meaningful Ways,A. Collaborative,Expanding,Offering opinions,"Offer opinions and negotiate with others in conversations using an expanded set of learned phrases (e.g., I think/don’t think X. I agree with X), as well as open responses in order to gain and/or hold the floor, elaborate on an idea, and so on.",https://www2.cde.ca.gov/cacs/eld,
CA-ELD-2012,ELD.PI.1.4.Br,1,Part I: Interacting in Meaningful Ways,A. Collaborative,Bridging,Adapting language choices,No standard for grade 1,https://www2.cde.ca.gov/cacs/eld,
CA-ELD-2012,ELD.PI.1.4.Em,1,Part I: Interacting in Meaningful Ways,A. Collaborative,Emerging,Adapting language choices,No standard for grade 1.,https://www2.cde.ca.gov/cacs/eld,
CA-ELD-2012,ELD.PI.1.4.Ex,1,Part I: Interacting in Meaningful Ways,A. Collaborative,Expanding,Adapting language choices,No standard for grade 1.,https://www2.cde.ca.gov/cacs/eld,
CA-ELD-2012,ELD.PI.1.5.Br,1,Part I: Interacting in Meaningful Ways,B. Interpretive,Bridging,Listening actively,"Demonstrate active listening to read-alouds and oral presentations by asking and answering detailed questions, with minimal prompting and light support.",https://www2.cde.ca.gov/cacs/eld,
CA-ELD-2012,ELD.PI.1.5.Em,1,Part I: Interacting in Meaningful Ways,B. Interpretive,Emerging,Listening actively,Demonstrate active listening to read-alouds and oral presentations by asking and answering yes-no and wh- questions with oral sentence frames and substantial prompting and support.,https://www2.cde.ca.gov/cacs/eld,
CA-ELD-2012,ELD.PI.1.5.Ex,1,Part I: Interacting in Meaningful Ways,B. Interpretive,Expanding,Listening actively,"Demonstrate active listening to read-alouds and oral presentations by asking and answering questions, with oral sentence frames and occasional prompting and support.",https://www2.cde.ca.gov/cacs/eld,
CA-ELD-2012,ELD.PI.1.6.Br,1,Part I: Interacting in Meaningful Ways,B. Interpretive,Bridging,Reading/viewing closely,"Describe ideas, phenomena (e.g., erosion), and text elements (e.g., central message, character traits) using key details based on understanding of a variety of grade-level texts and viewing of multimedia, with light support.",https://www2.cde.ca.gov/cacs/eld,
CA-ELD-2012,ELD.PI.1.6.Em,1,Part I: Interacting in Meaningful Ways,B. Interpretive,Emerging,Reading/viewing closely,"Describe ideas, phenomena (e.g., plant life cycle), and text elements (e.g., characters) based on understanding of a select set of grade-level texts and viewing of multimedia, with substantial support.",https://www2.cde.ca.gov/cacs/eld,
CA-ELD-2012,ELD.PI.1.6.Ex,1,Part I: Interacting in Meaningful Ways,B. Interpretive,Expanding,Reading/viewing closely,"Describe ideas, phenomena (e.g., how earthworms eat), and text elements (e.g., setting, main idea) in greater detail based on understanding of a variety of grade-level texts and viewing of multimedia, with moderate support.",https://www2.cde.ca.gov/cacs/eld,
CA-ELD-2012,ELD.PI.1.7.Br,1,Part I: Interacting in Meaningful Ways,B. Interpretive,Bridging,Evaluating language choices,"Describe the language writers or speakers use to present or support an idea (e.g., the author’s choice of vocabulary to portray characters, places, or real people) with prompting and light support.",https://www2.cde.ca.gov/cacs/eld,
CA-ELD-2012,ELD.PI.1.7.Em,1,Part I: Interacting in Meaningful Ways,B. Interpretive,Emerging,Evaluating language choices,"Describe the language writers or speakers use to present an idea (e.g., the words and phrases used to describe a character), with prompting and substantial support.",https://www2.cde.ca.gov/cacs/eld,
CA-ELD-2012,ELD.PI.1.7.Ex,1,Part I: Interacting in Meaningful Ways,B. Interpretive,Expanding,Evaluating language choices,"Describe the language writers or speakers use to present or support an idea (e.g., the adjectives used to describe people and places), with prompting and moderate support.",https://www2.cde.ca.gov/cacs/eld,
CA-ELD-2012,ELD.PI.1.8.Br,1,Part I: Interacting in Meaningful Ways,B. Interpretive,Bridging,Analyzing language choices,"Distinguish how multiple different words with similar meaning (e.g., big, large, huge, enormous, gigantic) produce shades of meaning and a different effect on the audience.",https://www2.cde.ca.gov/cacs/eld,
CA-ELD-2012,ELD.PI.1.8.Em,1,Part I: Interacting in Meaningful Ways,B. Interpretive,Emerging,Analyzing language choices,"Distinguish how two different frequently used words (e.g., large versus small) produce a different effect on the audience.",https://www2.cde.ca.gov/cacs/eld,
CA-ELD-2012,ELD.PI.1.8.Ex,1,Part I: Interacting in Meaningful Ways,B. Interpretive,Expanding,Analyzing language choices,"Distinguish how two different words with similar meaning (e.g., large versus enormous) produce shades of meaning and a different effect on the audience.",https://www2.cde.ca.gov/cacs/eld,
CA-ELD-2012,ELD.PI.1.9.Br,1,Part I: Interacting in Meaningful Ways,C. Productive,Bridging,Presenting,"Plan and deliver longer oral presentations on a variety of topics in a variety of content areas (e.g., retelling a story, describing a science experiment).",https://www2.cde.ca.gov/cacs/eld,
CA-ELD-2012,ELD.PI.1.9.Em,1,Part I: Interacting in Meaningful Ways,C. Productive,Emerging,Presenting,Plan and deliver very brief oral presentations,https://www2.cde.ca.gov/cacs/eld,
CA-ELD-2012,ELD.PI.1.9.Ex,1,Part I: Interacting in Meaningful Ways,C. Productive,Expanding,Presenting,"Plan and deliver brief oral presentations on a variety of topics (e.g., show and tell, author’s chair, recounting an experience, describing an animal, and the like).",https://www2.cde.ca.gov/cacs/eld,
CA-ELD-2012,ELD.PII.1.1.Br,1,Part II: Learning About How English Works,A. Structuring Cohesive Texts,Bridging,Understanding text structure,"Apply understanding of how different text types are organized predictably to express ideas (e.g., how a story is organized versus an informative/ explanatory text versus an opinion text) to comprehending texts and writing texts in shared language activities guided by the teacher and independently.",https://www2.cde.ca.gov/cacs/eld,
CA-ELD-2012,ELD.PII.1.1.Em,1,Part II: Learning About How English Works,A. Structuring Cohesive Texts,Emerging,Understanding text structure,"Apply understanding of how text types are organized (e.g., how a story is organized by a sequence of events) to comprehending texts and composing basic texts with substantial support (e.g., using drawings, through joint construction with a peer or teacher) to comprehending texts in shared language activities guided by the teacher, with peers, and sometimes independently.",https://www2.cde.ca.gov/cacs/eld,
CA-ELD-2012,ELD.PII.1.1.Ex,1,Part II: Learning About How English Works,A. Structuring Cohesive Texts,Expanding,Understanding text structure,"Apply understanding of how different text types are organized to express ideas (e.g., how a story is organized sequentially with predictable stages versus how an informative text is organized by topic and details) to comprehending texts and writing texts in shared language activities guided by the teacher and with increasing independence.",https://www2.cde.ca.gov/cacs/eld,
CA-ELD-2012,ELD.PII.1.2.Br,1,Part II: Learning About How English Works,A. Structuring Cohesive Texts,Bridging,Understanding cohesion,"Apply understanding of how ideas, events, or reasons are linked throughout a text using a variety of connecting words or phrases (e.g., for example, after that, first/ second/third) to comprehending texts and writing texts in shared language activities guided by the teacher and independently.",https://www2.cde.ca.gov/cacs/eld,
CA-ELD-2012,ELD.PII.1.2.Em,1,Part II: Learning About How English Works,A. Structuring Cohesive Texts,Emerging,Understanding cohesion,"Apply basic understanding of how ideas, events, or reasons are linked throughout a text using more everyday connecting words or phrases (e.g., one day, after, then) to comprehending texts and writing texts in shared language activities guided by the teacher, with peers, and sometimes independently.",https://www2.cde.ca.gov/cacs/eld,
CA-ELD-2012,ELD.PII.1.2.Ex,1,Part II: Learning About How English Works,A. Structuring Cohesive Texts,Expanding,Understanding cohesion,"Apply understanding of how ideas, events, or reasons are linked throughout a text using a growing number of connecting words or phrases (e.g., a long time ago, suddenly) to comprehending texts and writing texts in shared language activities guided by the teacher and with increasing independence.",https://www2.cde.ca.gov/cacs/eld,
CA-ELD-2012,ELD.PII.1.3a.Br,1,Part II: Learning About How English Works,B. Expanding and Enriching Ideas,Bridging,Using verbs and verb phrases,"Use a wide variety of verbs and verb types (e.g., doing, saying, being/having, thinking/feeling) in shared language activites guided by the teacher and independently.",https://www2.cde.ca.gov/cacs/eld,
CA-ELD-2012,ELD.PII.1.3a.Em,1,Part II: Learning About How English Works,B. Expanding and Enriching Ideas,Emerging,Using verbs and verb phrases,"Use frequently used verbs (e.g., go, eat, run) and verb types (e.g., doing, saying, being/having, thinking/feeling) in shared language activities guided by the teacher and sometimes independently.",https://www2.cde.ca.gov/cacs/eld,
CA-ELD-2012,ELD.PII.1.3a.Ex,1,Part II: Learning About How English Works,B. Expanding and Enriching Ideas,Expanding,Using verbs and verb phrases,"Use a growing number of verbs and verb types (e.g., doing, saying, being/having, thinking/feeling) in shared language activites guided by the teacher and with increasing independence.",https://www2.cde.ca.gov/cacs/eld,
CA-ELD-2012,ELD.PII.1.3b.Br,1,Part II: Learning About How English Works,B. Expanding and Enriching Ideas,Bridging,Using verbs and verb phrases,"Use a wide variety of verb tenses appropriate for the text type and discipline to convey time (e.g., simple present for a science description, simple future to predict) in shared language activities guided by the teacher and independently.",https://www2.cde.ca.gov/cacs/eld,
CA-ELD-2012,ELD.PII.1.3b.Em,1,Part II: Learning About How English Works,B. Expanding and Enriching Ideas,Emerging,Using verbs and verb phrases,"Use simple verb tenses appropriate for the text type and discipline to convey time (e.g., simple past for recounting an experience) in shared language activities guided by the teacher and sometimes independently.",https://www2.cde.ca.gov/cacs/eld,
CA-ELD-2012,ELD.PII.1.3b.Ex,1,Part II: Learning About How English Works,B. Expanding and Enriching Ideas,Expanding,Using verbs and verb phrases,"Use a growing number of verb tenses appropriate for the text type and discipline to convey time (e.g., simple past tense for retelling, simple present for a science description) in shared language activities guided by the teacher and with increasing independence.",https://www2.cde.ca.gov/cacs/eld,
CA-ELD-2012,ELD.PII.1.4.Br,1,Part II: Learning About How English Works,B. Expanding and Enriching Ideas,Bridging,Using nouns and noun phrases,"Expand noun phrases in a wide variety of ways (e.g., adding a variety of adjectives to noun phrases) in order to enrich the meaning of phrases/ sentences and add details about ideas, people, things, and the like, in shared language activities guided by the teacher and independently.",https://www2.cde.ca.gov/cacs/eld,
CA-ELD-2012,ELD.PII.1.4.Em,1,Part II: Learning About How English Works,B. Expanding and Enriching Ideas,Emerging,Using nouns and noun phrases,"Expand noun phrases in simple ways (e.g., adding a familiar adjective to describe a noun) in order to enrich the meaning of sentences and add details about ideas, people, things, and the like, in shared language activities guided by the teacher and sometimes independently.",https://www2.cde.ca.gov/cacs/eld,
CA-ELD-2012,ELD.PII.1.4.Ex,1,Part II: Learning About How English Works,B. Expanding and Enriching Ideas,Expanding,Using nouns and noun phrases,"Expand noun phrases in a growing number of ways (e.g., adding a newly learned adjective to a noun) to enrich the meaning of sentences and add details about ideas, people, things, and the like, in shared language activities guided by the teacher and with increasing independence.",https://www2.cde.ca.gov/cacs/eld,
CA-ELD-2012,ELD.PII.1.5.Br,1,Part II: Learning About How English Works,B. Expanding and Enriching Ideas,Bridging,Modifying to add details,"Expand simple and compound sentences with prepositional phrases to provide details (e.g., time, manner, place, cause) in shared language activities guided by the teacher and independently.",https://www2.cde.ca.gov/cacs/eld,
CA-ELD-2012,ELD.PII.1.5.Em,1,Part II: Learning About How English Works,B. Expanding and Enriching Ideas,Emerging,Modifying to add details,"Expand sentences with frequently used prepositional phrases (such as in the house, on the boat) to provide details (e.g., time, manner, place, cause) about a familiar activity or process in shared language activities guided by the teacher and sometimes independently.",https://www2.cde.ca.gov/cacs/eld,
CA-ELD-2012,ELD.PII.1.5.Ex,1,Part II: Learning About How English Works,B. Expanding and Enriching Ideas,Expanding,Modifying to add details,"Expand sentences with prepositional phrases to provide details (e.g., time, manner, place, cause) about a familiar or new activity or process in shared language activities guided by the teacher and with increasing independence.",https://www2.cde.ca.gov/cacs/eld,
CA-ELD-2012,ELD.PII.1.6.Br,1,Part II: Learning About How English Works,C. Connecting and Condensing Ideas,Bridging,Connecting ideas,"Combine clauses in a wide variety of ways (e.g., rearranging complete, simple-to-form compound sentences) to make connections between and to join ideas (e.g., The boy was hungry. The boy ate a sandwich. → The boy was hungry so he ate a sandwich) in shared language activities guided by the teacher and independently.",https://www2.cde.ca.gov/cacs/eld,
CA-ELD-2012,ELD.PII.1.6.Em,1,Part II: Learning About How English Works,C. Connecting and Condensing Ideas,Emerging,Connecting ideas,"Combine clauses in a few basic ways to make connections between and to join ideas (e.g., creating compound sentences using and, but, so) in shared language activities guided by the teacher and sometimes independently.",https://www2.cde.ca.gov/cacs/eld,
CA-ELD-2012,ELD.PII.1.6.Ex,1,Part II: Learning About How English Works,C. Connecting and Condensing Ideas,Expanding,Connecting ideas,"Combine clauses in an increasing variety of ways to make connections between and to join ideas, for example, to express cause/effect (e.g., She jumped because the dog barked), in shared language activities guided by the teacher and with increasing independence.",https://www2.cde.ca.gov/cacs/eld,
CA-ELD-2012,ELD.PII.1.7.Br,1,Part II: Learning About How English Works,C. Connecting and Condensing Ideas,Bridging,Condensing ideas,"Condense clauses in a variety of ways (e.g., through embedded clauses and other condensing, for example, through embedded clauses as in She’s a doctor. She’s amazing. She saved the animals. → She’s the amazing doctor who saved the animals) to create precise and detailed sentences in shared language activities guided by the teacher and independently.",https://www2.cde.ca.gov/cacs/eld,
CA-ELD-2012,ELD.PII.1.7.Em,1,Part II: Learning About How English Works,C. Connecting and Condensing Ideas,Emerging,Condensing ideas,"Condense clauses in simple ways (e.g., changing: I like blue. I like red. I like purple → I like blue, red, and purple) to create precise and detailed sentences in shared language activities guided by the teacher and sometimes independently.",https://www2.cde.ca.gov/cacs/eld,
CA-ELD-2012,ELD.PII.1.7.Ex,1,Part II: Learning About How English Works,C. Connecting and Condensing Ideas,Expanding,Condensing ideas,"Condense clauses in a growing number of ways (e.g., through embedded clauses as in, She’s a doctor. She saved the animals. → She’s the doctor who saved the animals) to create precise and detailed sentences in shared language activities guided by the teacher and with increasing independence.",https://www2.cde.ca.gov/cacs/eld,
CA-ELD-2012,ELD.PI.2.1.Br,2,Part I: Interacting in Meaningful Ways,A. Collaborative,Bridging,Exchanging information and ideas,"Contribute to class, group, and partner discussions, including sustained dialogue, by listening attentively, following turn-taking rules, asking relevant questions, affirming others, adding pertinent information, building on responses, and providing useful feedback.",https://www2.cde.ca.gov/cacs/eld,
CA-ELD-2012,ELD.PI.2.1.Em,2,Part I: Interacting in Meaningful Ways,A. Collaborative,Emerging,Exchanging information and ideas,"Contribute to conversations and express ideas by asking and answering yes-no and wh- questions and responding using gestures, words, and learned phrases.",https://www2.cde.ca.gov/cacs/eld,
CA-ELD-2012,ELD.PI.2.1.Ex,2,Part I: Interacting in Meaningful Ways,A. Collaborative,Expanding,Exchanging information and ideas,"Contribute to class, group, and partner discussions, including sustained dialogue, by listening attentively, following turn-taking rules, asking relevant questions, affirming others, and adding relevant information.",https://www2.cde.ca.gov/cacs/eld,
CA-ELD-2012,ELD.PI.2.10.Br,2,Part I: Interacting in Meaningful Ways,C. Productive,Bridging,Writing,"Write longer literary texts (e.g., a story) and informational texts (e.g., an explanatory text explaining how a volcano erupts) collaboratively with an adult (e.g., joint construction), with peers and independently.",https://www2.cde.ca.gov/cacs/eld,
CA-ELD-2012,ELD.PI.2.10.Em,2,Part I: Interacting in Meaningful Ways,C. Productive,Emerging,Writing,"Write very short literary texts (e.g., story) and informational texts (e.g., a description of a volcano) using familiar vocabulary collaboratively with an adult (e.g., joint construction of texts), with peers, sometimes independently.",https://www2.cde.ca.gov/cacs/eld,
CA-ELD-2012,ELD.PI.2.10.Ex,2,Part I: Interacting in Meaningful Ways,C. Productive,Expanding,Writing,"Write short literary texts (e.g., a story) and informational texts (e.g., an explanatory text explaining how a volcano erupts) collaboratively with an adult (e.g., joint construction of texts), with peers, and with increasing independence.",https://www2.cde.ca.gov/cacs/eld,
CA-ELD-2012,ELD.PI.2.11.Br,2,Part I: Interacting in Meaningful Ways,C. Productive,Bridging,Supporting opinions,"Support opinions or persuade others by providing good reasons and detailed textual evidence (e.g., specific events or graphics from text) or relevant background knowledge about the content.",https://www2.cde.ca.gov/cacs/eld,
CA-ELD-2012,ELD.PI.2.11.Em,2,Part I: Interacting in Meaningful Ways,C. Productive,Emerging,Supporting opinions,"Support opinions by providing good reasons and some textual evidence or relevant background knowledge (e.g., referring to textual evidence or knowledge of content).",https://www2.cde.ca.gov/cacs/eld,
CA-ELD-2012,ELD.PI.2.11.Ex,2,Part I: Interacting in Meaningful Ways,C. Productive,Expanding,Supporting opinions,"Support opinions by providing good reasons and increasingly detailed textual evidence (e.g., providing examples from the text) or relevant background knowledge about the content.",https://www2.cde.ca.gov/cacs/eld,
CA-ELD-2012,ELD.PI.2.12a.Br,2,Part I: Interacting in Meaningful Ways,C. Productive,Bridging,Selecting language resources,Retell texts and recount experiences using increasingly detailed complete sentences and key words.,https://www2.cde.ca.gov/cacs/eld,
CA-ELD-2012,ELD.PI.2.12a.Em,2,Part I: Interacting in Meaningful Ways,C. Productive,Emerging,Selecting language resources,Retell texts and recount experiences by using key words.,https://www2.cde.ca.gov/cacs/eld,
CA-ELD-2012,ELD.PI.2.12a.Ex,2,Part I: Interacting in Meaningful Ways,C. Productive,Expanding,Selecting language resources,Retell texts and recount experiences using complete sentences and key words.,https://www2.cde.ca.gov/cacs/eld,
CA-ELD-2012,ELD.PI.2.12b.Br,2,Part I: Interacting in Meaningful Ways,C. Productive,Bridging,Selecting language resources,"Use a wide variety of general academic and domain-specific words, synonyms, antonyms, and non-literal language (e.g., He was as quick as a cricket) to create an effect, precision, and shades of meaning while speaking and writing.",https://www2.cde.ca.gov/cacs/eld,
CA-ELD-2012,ELD.PI.2.12b.Em,2,Part I: Interacting in Meaningful Ways,C. Productive,Emerging,Selecting language resources,"Use a select number of general academic and domain-specific words to add detail (e.g., adding the word generous to describe a character, using the word lava to explain volcanic eruptions) while speaking and writing.",https://www2.cde.ca.gov/cacs/eld,
CA-ELD-2012,ELD.PI.2.12b.Ex,2,Part I: Interacting in Meaningful Ways,C. Productive,Expanding,Selecting language resources,"Use a growing number of general academic and domain-specific words in order to add detail, create an effect (e.g., using the word suddenly to signal a change), or create shades of meaning (e.g., scurry versus dash) while speaking and writing.",https://www2.cde.ca.gov/cacs/eld,
CA-ELD-2012,ELD.PI.2.2.Br,2,Part I: Interacting in Meaningful Ways,A. Collaborative,Bridging,Interacting via written English,"Collaborate with peers on joint writing projects of a variety of longer informational and literary texts, using technology where appropriate for publishing, graphics, and the like.",https://www2.cde.ca.gov/cacs/eld,
CA-ELD-2012,ELD.PI.2.2.Em,2,Part I: Interacting in Meaningful Ways,A. Collaborative,Emerging,Interacting via written English,"Collaborate with peers on joint writing projects of short informational and literary texts, using technology where appropriate for publishing, graphics, and the like.",https://www2.cde.ca.gov/cacs/eld,
CA-ELD-2012,ELD.PI.2.2.Ex,2,Part I: Interacting in Meaningful Ways,A. Collaborative,Expanding,Interacting via written English,"Collaborate with peers on joint writing projects of longer informational and literary texts, using technology where appropriate for publishing, graphics, and the like.",https://www2.cde.ca.gov/cacs/eld,
CA-ELD-2012,ELD.PI.2.3.Br,2,Part I: Interacting in Meaningful Ways,A. Collaborative,Bridging,Offering opinions,"Offer opinions and negotiate with others in conversations using a variety of learned phrases (e.g., That’s a good idea, but X), as well as open responses, in order to gain and/or hold the floor, provide counterarguments, elaborate on an idea, and the like.",https://www2.cde.ca.gov/cacs/eld,
CA-ELD-2012,ELD.PI.2.3.Em,2,Part I: Interacting in Meaningful Ways,A. Collaborative,Emerging,Offering opinions,"Offer opinions and negotiate with others in conversations using learned phrases (e.g., I think X.), as well as open responses, in order to gain and/or hold the floor.",https://www2.cde.ca.gov/cacs/eld,
CA-ELD-2012,ELD.PI.2.3.Ex,2,Part I: Interacting in Meaningful Ways,A. Collaborative,Expanding,Offering opinions,"Offer opinions and negotiate with others in conversations using an expanded set of learned phrases (e.g., I agree with X, but X.), as well as open responses, in order to gain and/or hold the floor, provide counterarguments, and the like.",https://www2.cde.ca.gov/cacs/eld,
CA-ELD-2012,ELD.PI.2.4.Br,2,Part I: Interacting in Meaningful Ways,A. Collaborative,Bridging,Adapting language choices,"Adjust language choices according to purpose (e.g., persuading, entertaining), task, and audience (e.g., peer-to-peer versus peer-to-teacher), with light support from peers or adults.",https://www2.cde.ca.gov/cacs/eld,
CA-ELD-2012,ELD.PI.2.4.Em,2,Part I: Interacting in Meaningful Ways,A. Collaborative,Emerging,Adapting language choices,"Recognize that language choices (e.g., vocabulary) vary according to social setting (e.g., playground versus classroom), with substantial support from peers or adults.",https://www2.cde.ca.gov/cacs/eld,
CA-ELD-2012,ELD.PI.2.4.Ex,2,Part I: Interacting in Meaningful Ways,A. Collaborative,Expanding,Adapting language choices,"Adjust language choices (e.g., vocabulary, use of dialogue, and so on) according to purpose (e.g., persuading, entertaining), task, and audience (e.g., peers versus adults), with moderate support from peers or adults.",https://www2.cde.ca.gov/cacs/eld,
CA-ELD-2012,ELD.PI.2.5.Br,2,Part I: Interacting in Meaningful Ways,B. Interpretive,Bridging,Listening actively,"Demonstrate active listening to read-alouds and oral presentations by asking and answering detailed questions, with minimal prompting and light support.",https://www2.cde.ca.gov/cacs/eld,
CA-ELD-2012,ELD.PI.2.5.Em,2,Part I: Interacting in Meaningful Ways,B. Interpretive,Emerging,Listening actively,"Demonstrate active listening to read-alouds and oral presentations by asking and answering basic questions, with oral sentence frames and substantial prompting and support.",https://www2.cde.ca.gov/cacs/eld,
CA-ELD-2012,ELD.PI.2.5.Ex,2,Part I: Interacting in Meaningful Ways,B. Interpretive,Expanding,Listening actively,"Demonstrate active listening to read-alouds and oral presentations by asking and answering detailed questions, with oral sentence frames and occasional prompting and support.",https://www2.cde.ca.gov/cacs/eld,
CA-ELD-2012,ELD.PI.2.6.Br,2,Part I: Interacting in Meaningful Ways,B. Interpretive,Bridging,Reading/viewing closely,"Describe ideas, phenomena (e.g., erosion), and text elements (e.g., central message, character traits) using key details based on understanding of a variety of grade-level texts and viewing of multimedia, with light support.",https://www2.cde.ca.gov/cacs/eld,
CA-ELD-2012,ELD.PI.2.6.Em,2,Part I: Interacting in Meaningful Ways,B. Interpretive,Emerging,Reading/viewing closely,"Describe ideas, phenomena (e.g., plant life cycle), and text elements (e.g., main idea, characters, events) based on understanding of a select set of grade-level texts and viewing of multimedia, with substantial support.",https://www2.cde.ca.gov/cacs/eld,
CA-ELD-2012,ELD.PI.2.6.Ex,2,Part I: Interacting in Meaningful Ways,B. Interpretive,Expanding,Reading/viewing closely,"Describe ideas, phenomena (e.g., how earthworms eat), and text elements (e.g., setting, events) in greater detail based on understanding of a variety of grade-level texts and viewing of multimedia, with moderate support.",https://www2.cde.ca.gov/cacs/eld,
CA-ELD-2012,ELD.PI.2.7.Br,2,Part I: Interacting in Meaningful Ways,B. Interpretive,Bridging,Evaluating language choices,"Describe how well writers or speakers use specific language resources to support an opinion or present an idea (e.g., whether the vocabulary used to present evidence is strong enough), with light support.",https://www2.cde.ca.gov/cacs/eld,
CA-ELD-2012,ELD.PI.2.7.Em,2,Part I: Interacting in Meaningful Ways,B. Interpretive,Emerging,Evaluating language choices,"Describe the language writers or speakers use to present an idea (e.g., the words and phrases used to describe a character), with prompting and substantial support.",https://www2.cde.ca.gov/cacs/eld,
CA-ELD-2012,ELD.PI.2.7.Ex,2,Part I: Interacting in Meaningful Ways,B. Interpretive,Expanding,Evaluating language choices,"Describe the language writers or speakers use to present or support an idea (e.g., the author’s choice of vocabulary or phrasing to portray characters, places, or real people), with prompting and moderate support.",https://www2.cde.ca.gov/cacs/eld,
CA-ELD-2012,ELD.PI.2.8.Br,2,Part I: Interacting in Meaningful Ways,B. Interpretive,Bridging,Analyzing language choices,"Distinguish how multiple different words with similar meaning (e.g., pleased versus happy versus ecstatic, heard or knew versus believed) produce shades of meaning and different effects on the audience.",https://www2.cde.ca.gov/cacs/eld,
CA-ELD-2012,ELD.PI.2.8.Em,2,Part I: Interacting in Meaningful Ways,B. Interpretive,Emerging,Analyzing language choices,"Distinguish how two different frequently used words (e.g., describing a character as happy versus angry) produce a different effect on the audience.",https://www2.cde.ca.gov/cacs/eld,
CA-ELD-2012,ELD.PI.2.8.Ex,2,Part I: Interacting in Meaningful Ways,B. Interpretive,Expanding,Analyzing language choices,"Distinguish how two different words with similar meaning (e.g., describing a character as happy versus ecstatic) produce shades of meaning and different effects on the audience.",https://www2.cde.ca.gov/cacs/eld,
CA-ELD-2012,ELD.PI.2.9.Br,2,Part I: Interacting in Meaningful Ways,C. Productive,Bridging,Presenting,"Plan and deliver longer oral presentations on a variety of topics and content areas (e.g., retelling story, recounting a science experiment, describing how to solve a mathematics problem).",https://www2.cde.ca.gov/cacs/eld,
CA-ELD-2012,ELD.PI.2.9.Em,2,Part I: Interacting in Meaningful Ways,C. Productive,Emerging,Presenting,"Plan and deliver very brief oral presentations (e.g., recounting an experience, retelling a story, describing a picture).",https://www2.cde.ca.gov/cacs/eld,
CA-ELD-2012,ELD.PI.2.9.Ex,2,Part I: Interacting in Meaningful Ways,C. Productive,Expanding,Presenting,"Plan and deliver brief oral presentations on a variety of topics (e.g., retelling a story, describing an animal.",https://www2.cde.ca.gov/cacs/eld,
CA-ELD-2012,ELD.PII.2.1.Br,2,Part II: Learning About How English Works,A. Structuring Cohesive Texts,Bridging,Understanding text structure,"Apply understanding of how different text types are organized predictably to express ideas (e.g., a narrative versus an informative/explanatory text versus an opinion text) to comprehending and writing texts independently.",https://www2.cde.ca.gov/cacs/eld,
CA-ELD-2012,ELD.PII.2.1.Em,2,Part II: Learning About How English Works,A. Structuring Cohesive Texts,Emerging,Understanding text structure,"Apply understanding of how different text types are organized to express ideas (e.g., how a story is organized sequentially) to comprehending and composing texts in shared language activities guided by the teacher, with peers, and sometimes independently.",https://www2.cde.ca.gov/cacs/eld,
CA-ELD-2012,ELD.PII.2.1.Ex,2,Part II: Learning About How English Works,A. Structuring Cohesive Texts,Expanding,Understanding text structure,"Apply understanding of how different text types are organized to express ideas (e.g., how a story is organized sequentially with predictable stages versus how an information report is organized by topic and details) to comprehending texts and composing texts with increasing independence.",https://www2.cde.ca.gov/cacs/eld,
CA-ELD-2012,ELD.PII.2.2.Br,2,Part II: Learning About How English Works,A. Structuring Cohesive Texts,Bridging,Understanding cohesion,"Apply understanding of how ideas, events, or reasons are linked throughout a text using a variety of connecting words or phrases (e.g., for example, after that, suddenly) to comprehending and writing texts independently.",https://www2.cde.ca.gov/cacs/eld,
CA-ELD-2012,ELD.PII.2.2.Em,2,Part II: Learning About How English Works,A. Structuring Cohesive Texts,Emerging,Understanding cohesion,"Apply basic understanding of how ideas, events, or reasons are linked throughout a text using more everyday connecting words or phrases (e.g., today, then) to comprehending and composing texts in shared language activities guided by the teacher, with peers, and sometimes independently.",https://www2.cde.ca.gov/cacs/eld,
CA-ELD-2012,ELD.PII.2.2.Ex,2,Part II: Learning About How English Works,A. Structuring Cohesive Texts,Expanding,Understanding cohesion,"Understanding cohesion Apply understanding of how ideas, events, or reasons are linked throughout a text using a growing number of connecting words or phrases (e.g., after a long time, first/ next) to comprehending texts and writing texts with increasing independence.",https://www2.cde.ca.gov/cacs/eld,
CA-ELD-2012,ELD.PII.2.3a.Br,2,Part II: Learning About How English Works,B. Expanding and Enriching Ideas,Bridging,Using verbs and verb phrases,"Use a variety of verb types (e.g., doing, saying, being/having, thinking/feeling) independently.",https://www2.cde.ca.gov/cacs/eld,
CA-ELD-2012,ELD.PII.2.3a.Em,2,Part II: Learning About How English Works,B. Expanding and Enriching Ideas,Emerging,Using verbs and verb phrases,"Use frequently used verbs (e.g., walk, run) and verb types (e.g., doing, saying, being/having, and thinking/feeling) in shared language activities guided by the teacher and sometimes independently.",https://www2.cde.ca.gov/cacs/eld,
CA-ELD-2012,ELD.PII.2.3a.Ex,2,Part II: Learning About How English Works,B. Expanding and Enriching Ideas,Expanding,Using verbs and verb phrases,"Use a growing number of verb types (e.g., doing, saying, being/having, and thinking/feeling) with increasing independence.",https://www2.cde.ca.gov/cacs/eld,
CA-ELD-2012,ELD.PII.2.3b.Br,2,Part II: Learning About How English Works,B. Expanding and Enriching Ideas,Bridging,Using verbs and verb phrases,"Use a wide variety of verb tenses appropriate to the text type and discipline to convey time (e.g., simple present tense for a science description, simple future to predict) independently.",https://www2.cde.ca.gov/cacs/eld,
CA-ELD-2012,ELD.PII.2.3b.Em,2,Part II: Learning About How English Works,B. Expanding and Enriching Ideas,Emerging,Using verbs and verb phrases,"Use simple verb tenses appropriate to the text type and discipline to convey time (e.g., simple past tense for recounting an experience) in shared language activities guided by the teacher and sometimes independently.",https://www2.cde.ca.gov/cacs/eld,
CA-ELD-2012,ELD.PII.2.3b.Ex,2,Part II: Learning About How English Works,B. Expanding and Enriching Ideas,Expanding,Using verbs and verb phrases,"Use a growing number of verb tenses appropriate to the text type and disciplines to convey time (e.g., simple past tense for retelling, simple present for a science description) with increasing independence.",https://www2.cde.ca.gov/cacs/eld,
CA-ELD-2012,ELD.PII.2.4.Br,2,Part II: Learning About How English Works,B. Expanding and Enriching Ideas,Bridging,Using nouns and noun phrases,"Expand noun phrases in a variety of ways (e.g., adding comparative/superlative adjectives to nouns) in order to enrich the meaning of phrases/sentences and to add details about ideas, people, things, and the like, independently.",https://www2.cde.ca.gov/cacs/eld,
CA-ELD-2012,ELD.PII.2.4.Em,2,Part II: Learning About How English Works,B. Expanding and Enriching Ideas,Emerging,Using nouns and noun phrases,"Expand noun phrases in simple ways (e.g., adding a familiar adjective to describe a noun) in order to enrich the meaning of sentences and to add details about ideas, people, things, and the like, in shared language activities guided by the teacher and sometimes independently.",https://www2.cde.ca.gov/cacs/eld,
CA-ELD-2012,ELD.PII.2.4.Ex,2,Part II: Learning About How English Works,B. Expanding and Enriching Ideas,Expanding,Using nouns and noun phrases,"Expand noun phrases in a growing number of ways (e.g., adding a newly learned adjective to a noun) in order to enrich the meaning of sentences and to add details about ideas, people, things, and the like, with increasing independence.",https://www2.cde.ca.gov/cacs/eld,
CA-ELD-2012,ELD.PII.2.5.Br,2,Part II: Learning About How English Works,B. Expanding and Enriching Ideas,Bridging,Modifying to add details,"Expand sentences with a variety of adverbials (e.g., adverbs, adverb phrases, prepositional phrases) to provide details (e.g., time, manner, place, cause) independently.",https://www2.cde.ca.gov/cacs/eld,
CA-ELD-2012,ELD.PII.2.5.Em,2,Part II: Learning About How English Works,B. Expanding and Enriching Ideas,Emerging,Modifying to add details,"Expand sentences with frequently used adverbials (e.g., prepositional phrases, such as at school, with my friend) to provide details e.g., time, manner, place, cause) about a familiar activity or process in shared language activities guided by the teacher and sometimes independently.",https://www2.cde.ca.gov/cacs/eld,
CA-ELD-2012,ELD.PII.2.5.Ex,2,Part II: Learning About How English Works,B. Expanding and Enriching Ideas,Expanding,Modifying to add details,"Expand sentences with a growing number of adverbials (e.g., adverbs, prepositional phrases) to provide details (e.g., time, manner, place, cause) about a familiar or new activity or process with increasing independence.",https://www2.cde.ca.gov/cacs/eld,
CA-ELD-2012,ELD.PII.2.6.Br,2,Part II: Learning About How English Works,C. Connecting and Condensing Ideas,Bridging,Connecting ideas,"Combine clauses in a wide variety of ways (e.g., rearranging complete simple to form compound sentences) to make connections between and to join ideas (e.g., The boy was hungry. The boy ate a sandwich. → The boy was hungry so he ate a sandwich) independently.",https://www2.cde.ca.gov/cacs/eld,
CA-ELD-2012,ELD.PII.2.6.Em,2,Part II: Learning About How English Works,C. Connecting and Condensing Ideas,Emerging,Connecting ideas,"Combine clauses in a few basic ways to make connections between and to join ideas (e.g., creating compound sentences using and, but, so) in shared language activities guided by the teacher and sometimes independently.",https://www2.cde.ca.gov/cacs/eld,
CA-ELD-2012,ELD.PII.2.6.Ex,2,Part II: Learning About How English Works,C. Connecting and Condensing Ideas,Expanding,Connecting ideas,"Combine clauses in an increasing variety of ways to make connections between and to join ideas, for example, to express cause/effect (e.g., She jumped because the dog barked) with increasing independence.",https://www2.cde.ca.gov/cacs/eld,
CA-ELD-2012,ELD.PII.2.7.Br,2,Part II: Learning About How English Works,C. Connecting and Condensing Ideas,Bridging,Condensing ideas,"Condense clauses in a variety of ways (e.g., through embedded clauses and other condensing as in, It’s a plant. It’s green and red. It’s found in the tropical rain forest. → It’s a green and red plant that’s found in the tropical rain forest) to create precise and detailed sentences independently.",https://www2.cde.ca.gov/cacs/eld,
CA-ELD-2012,ELD.PII.2.7.Em,2,Part II: Learning About How English Works,C. Connecting and Condensing Ideas,Emerging,Condensing ideas,"Condensing clauses in simple ways (e.g., changing: It's green. It's red. → It's green and red) to create precise and detailed sentences in shared language activities guided by the teacher and sometimes independently.",https://www2.cde.ca.gov/cacs/eld,
CA-ELD-2012,ELD.PII.2.7.Ex,2,Part II: Learning About How English Works,C. Connecting and Condensing Ideas,Expanding,Condensing ideas,"Condense clauses in simple ways (e.g., changing: It’s green. It’s red. → It’s green and red) to create precise and detailed sentences in shared language activities guided by the teacher and sometimes independently.",https://www2.cde.ca.gov/cacs/eld,
CA-ELD-2012,ELD.PI.3.1.Br,3,Part I: Interacting in Meaningful Ways,A. Collaborative,Bridging,Exchanging information and ideas,"Contribute to class, group, and partner discussions, including sustained dialogue, by following turn-taking rules, asking relevant questions, affirming others, adding relevant information, building on responses, and providing useful feedback.",https://www2.cde.ca.gov/cacs/eld,
CA-ELD-2012,ELD.PI.3.1.Em,3,Part I: Interacting in Meaningful Ways,A. Collaborative,Emerging,Exchanging information and ideas,Contribute to conversations and express ideas by asking and answering yes-no and wh- questions and responding using short phrases.,https://www2.cde.ca.gov/cacs/eld,
CA-ELD-2012,ELD.PI.3.1.Ex,3,Part I: Interacting in Meaningful Ways,A. Collaborative,Expanding,Exchanging information and ideas,"Contribute to class, group, and partner discussions, including sustained dialogue, by following turn-taking rules, asking relevant questions, affirming others, and adding relevant information.",https://www2.cde.ca.gov/cacs/eld,
CA-ELD-2012,ELD.PI.3.10a.Br,3,Part I: Interacting in Meaningful Ways,C. Productive,Bridging,Writing,"Write longer and more detailed literary and informational texts (e.g., an explanatory text on how flashlights work) collaboratively (e.g., joint construction of texts with an adult or with peers) and independently using appropriate text organization and growing understanding of register.",https://www2.cde.ca.gov/cacs/eld,
CA-ELD-2012,ELD.PI.3.10a.Em,3,Part I: Interacting in Meaningful Ways,C. Productive,Emerging,Writing,"Write longer literary and informational texts (e.g., an explanatory text on how flashlights work) collaboratively (e.g., joint construction of texts with an adult or with peers) and sometimes independently.",https://www2.cde.ca.gov/cacs/eld,
CA-ELD-2012,ELD.PI.3.10a.Ex,3,Part I: Interacting in Meaningful Ways,C. Productive,Expanding,Writing,"Write longer literary and informational texts (e.g., an explanatory text on how flashlights work) collaboratively (e.g., joint construction of texts with an adult or with peers) and with increasing independence using appropriate text organization.",https://www2.cde.ca.gov/cacs/eld,
CA-ELD-2012,ELD.PI.3.10b.Br,3,Part I: Interacting in Meaningful Ways,C. Productive,Bridging,Writing,Paraphrase texts and recount experiences using increasingly detailed complete sentences and key words from notes or graphic organizers.,https://www2.cde.ca.gov/cacs/eld,
CA-ELD-2012,ELD.PI.3.10b.Em,3,Part I: Interacting in Meaningful Ways,C. Productive,Emerging,Writing,Paraphrase texts and recount experiences using key words from notes or graphic organizers.,https://www2.cde.ca.gov/cacs/eld,
CA-ELD-2012,ELD.PI.3.10b.Ex,3,Part I: Interacting in Meaningful Ways,C. Productive,Expanding,Writing,Paraphrase texts and recount experiences using complete sentences and key words from notes or graphic organizers.,https://www2.cde.ca.gov/cacs/eld,
CA-ELD-2012,ELD.PI.3.11.Br,3,Part I: Interacting in Meaningful Ways,C. Productive,Bridging,Supporting opinions,"Support opinions or persuade others by providing good reasons and detailed textual evidence (e.g., specific events or graphics from text) or relevant background knowledge about the content.",https://www2.cde.ca.gov/cacs/eld,
CA-ELD-2012,ELD.PI.3.11.Em,3,Part I: Interacting in Meaningful Ways,C. Productive,Emerging,Supporting opinions,"Support opinions by providing good reasons and some textual evidence or relevant background knowledge (e.g., referring to textual evidence or knowledge of content).",https://www2.cde.ca.gov/cacs/eld,
CA-ELD-2012,ELD.PI.3.11.Ex,3,Part I: Interacting in Meaningful Ways,C. Productive,Expanding,Supporting opinions,"Support opinions by providing good reasons and increasingly detailed textual evidence (e.g., providing examples from the text) or relevant background knowledge about the content.",https://www2.cde.ca.gov/cacs/eld,
CA-ELD-2012,ELD.PI.3.12.Br,3,Part I: Interacting in Meaningful Ways,C. Productive,Bridging,Selecting language resources,"Use a wide variety of general academic and domain-specific words, synonyms, antonyms, and non-literal language to create an effect, precision, and shades of meaning while speaking and writing.",https://www2.cde.ca.gov/cacs/eld,
CA-ELD-2012,ELD.PI.3.12.Em,3,Part I: Interacting in Meaningful Ways,C. Productive,Emerging,Selecting language resources,"Use a select number of general academic and domain-specific words to add detail (e.g., adding the word dangerous to describe a place, using the word habitat when describing animal behavior) while speaking and writing.",https://www2.cde.ca.gov/cacs/eld,
CA-ELD-2012,ELD.PI.3.12.Ex,3,Part I: Interacting in Meaningful Ways,C. Productive,Expanding,Selecting language resources,"Use a growing number of general academic and domain-specific words in order to add detail, create an effect (e.g., using the word suddenly to signal a change), or create shades of meaning (e.g., scurry versus dash) while speaking and writing.",https://www2.cde.ca.gov/cacs/eld,
CA-ELD-2012,ELD.PI.3.2.Br,3,Part I: Interacting in Meaningful Ways,A. Collaborative,Bridging,Interacting via written English,"Collaborate with peers on joint writing projects of a variety of longer informational and literary texts, using technology where appropriate for publishing, graphics, and the like.",https://www2.cde.ca.gov/cacs/eld,
CA-ELD-2012,ELD.PI.3.2.Em,3,Part I: Interacting in Meaningful Ways,A. Collaborative,Emerging,Interacting via written English,"Collaborate with peers on joint writing projects of short informational and literary texts, using technology where appropriate for publishing, graphics, and the like.",https://www2.cde.ca.gov/cacs/eld,
CA-ELD-2012,ELD.PI.3.2.Ex,3,Part I: Interacting in Meaningful Ways,A. Collaborative,Expanding,Interacting via written English,"Collaborate with peers on joint writing projects of longer informational and literary texts, using technology where appropriate for publishing, graphics, and the like.",https://www2.cde.ca.gov/cacs/eld,
CA-ELD-2012,ELD.PI.3.3.Br,3,Part I: Interacting in Meaningful Ways,A. Collaborative,Bridging,Offering opinions,"Offer opinions and negotiate with others in conversations using a variety of learned phrases (e.g., That’s a good idea, but . . .), as well as open responses in order to gain and/or hold the floor, provide counterarguments, elaborate on an idea, and the like.",https://www2.cde.ca.gov/cacs/eld,
CA-ELD-2012,ELD.PI.3.3.Em,3,Part I: Interacting in Meaningful Ways,A. Collaborative,Emerging,Offering opinions,"Offer opinions and negotiate with others in conversations using basic learned phrases (e.g., I think . . .), as well as open responses in order to gain and/or hold the floor.",https://www2.cde.ca.gov/cacs/eld,
CA-ELD-2012,ELD.PI.3.3.Ex,3,Part I: Interacting in Meaningful Ways,A. Collaborative,Expanding,Offering opinions,"Offer opinions and negotiate with others in conversations using an expanded set of learned phrases (e.g., I agree with X, and . . .), as well as open responses in order to gain and/or hold the floor, provide counter arguments, and the like.",https://www2.cde.ca.gov/cacs/eld,
CA-ELD-2012,ELD.PI.3.4.Br,3,Part I: Interacting in Meaningful Ways,A. Collaborative,Bridging,Adapting language choices,"Adjust language choices according to purpose e.g., persuading, entertaining), task, and audience (e.g., peer-to-peer versus peer-to-teacher), with light support from peers or adults.",https://www2.cde.ca.gov/cacs/eld,
CA-ELD-2012,ELD.PI.3.4.Em,3,Part I: Interacting in Meaningful Ways,A. Collaborative,Emerging,Adapting language choices,"Recognize that language choices (e.g., vocabulary) vary according to social setting (e.g., playground versus classroom), with substantial support from peers or adults.",https://www2.cde.ca.gov/cacs/eld,
CA-ELD-2012,ELD.PI.3.4.Ex,3,Part I: Interacting in Meaningful Ways,A. Collaborative,Expanding,Adapting language choices,"Adjust language choices (e.g., vocabulary, use of dialogue, and the like) according to purpose (e.g., persuading, entertaining), social setting, and audience (e.g., peers versus adults), with moderate support from peers or adults.",https://www2.cde.ca.gov/cacs/eld,
CA-ELD-2012,ELD.PI.3.5.Br,3,Part I: Interacting in Meaningful Ways,B. Interpretive,Bridging,Listening actively,"Demonstrate active listening to read-alouds and oral presentations by asking and answering detailed questions, with minimal prompting and light support.",https://www2.cde.ca.gov/cacs/eld,
CA-ELD-2012,ELD.PI.3.5.Em,3,Part I: Interacting in Meaningful Ways,B. Interpretive,Emerging,Listening actively,"Demonstrate active listening to read-alouds and oral presentations by asking and answering basic questions, with prompting and substantial support.",https://www2.cde.ca.gov/cacs/eld,
CA-ELD-2012,ELD.PI.3.5.Ex,3,Part I: Interacting in Meaningful Ways,B. Interpretive,Expanding,Listening actively,"Demonstrate active listening to read-alouds and oral presentations by asking and answering detailed questions, with occasional prompting and moderate support.",https://www2.cde.ca.gov/cacs/eld,
CA-ELD-2012,ELD.PI.3.6.Br,3,Part I: Interacting in Meaningful Ways,B. Interpretive,Bridging,Reading/viewing closely,"Describe ideas, phenomena (e.g., volcanic eruptions), and text elements (e.g., central message, character traits, major events) using key details based on understanding of a variety of grade-level texts and viewing of multimedia, with light support.",https://www2.cde.ca.gov/cacs/eld,
CA-ELD-2012,ELD.PI.3.6.Em,3,Part I: Interacting in Meaningful Ways,B. Interpretive,Emerging,Reading/viewing closely,"Describe ideas, phenomena (e.g., insect metamorphosis), and text elements (e.g., main idea, characters, setting) based on understanding of a select set of grade-level texts and viewing of multimedia, with substantial support.",https://www2.cde.ca.gov/cacs/eld,
CA-ELD-2012,ELD.PI.3.6.Ex,3,Part I: Interacting in Meaningful Ways,B. Interpretive,Expanding,Reading/viewing closely,"Describe ideas, phenomena (e.g., how cows digest food), and text elements (e.g., main idea, characters, events) in greater detail based on understanding of a variety of grade-level texts and viewing of multimedia, with moderate support.",https://www2.cde.ca.gov/cacs/eld,
CA-ELD-2012,ELD.PI.3.7.Br,3,Part I: Interacting in Meaningful Ways,B. Interpretive,Bridging,Evaluating language choices,"Describe how well writers or speakers use specific language resources to support an opinion or present an idea (e.g., whether the vocabulary or phrasing used to provide evidence is strong enough), with light support.",https://www2.cde.ca.gov/cacs/eld,
CA-ELD-2012,ELD.PI.3.7.Em,3,Part I: Interacting in Meaningful Ways,B. Interpretive,Emerging,Evaluating language choices,"Describe the language writers or speakers use to support an opinion or present an idea (e.g., by identifying the phrases or words in the text that provide evidence), with prompting and substantial support.",https://www2.cde.ca.gov/cacs/eld,
CA-ELD-2012,ELD.PI.3.7.Ex,3,Part I: Interacting in Meaningful Ways,B. Interpretive,Expanding,Evaluating language choices,"Describe the specific language writers or speakers use to present or support an idea (e.g., the specific vocabulary or phrasing used to provide evidence), with prompting and moderate support.",https://www2.cde.ca.gov/cacs/eld,
CA-ELD-2012,ELD.PI.3.8.Br,3,Part I: Interacting in Meaningful Ways,B. Interpretive,Bridging,Analyzing language choices,"Distinguish how multiple different words with similar meanings (e.g., pleased versus happy versus ecstatic, heard versus knew versus believed) produce shades of meaning and different effects on the audience.",https://www2.cde.ca.gov/cacs/eld,
CA-ELD-2012,ELD.PI.3.8.Em,3,Part I: Interacting in Meaningful Ways,B. Interpretive,Emerging,Analyzing language choices,"Distinguish how different words produce different effects on the audience (e.g., describing a character as happy versus sad).",https://www2.cde.ca.gov/cacs/eld,
CA-ELD-2012,ELD.PI.3.8.Ex,3,Part I: Interacting in Meaningful Ways,B. Interpretive,Expanding,Analyzing language choices,"Distinguish how different words with similar meanings (e.g., describing a character as happy versus ecstatic) produce shades of meaning and different effects on the audience.",https://www2.cde.ca.gov/cacs/eld,
CA-ELD-2012,ELD.PI.3.9.Br,3,Part I: Interacting in Meaningful Ways,C. Productive,Bridging,Presenting,"Plan and deliver longer oral presentations on a variety of topics and content areas (e.g., retelling a story, explaining a science process or historical event, and the like).",https://www2.cde.ca.gov/cacs/eld,
CA-ELD-2012,ELD.PI.3.9.Em,3,Part I: Interacting in Meaningful Ways,C. Productive,Emerging,Presenting,"Plan and deliver very brief oral presentations (e.g., retelling a story, describing an animal, and the like).",https://www2.cde.ca.gov/cacs/eld,
CA-ELD-2012,ELD.PI.3.9.Ex,3,Part I: Interacting in Meaningful Ways,C. Productive,Expanding,Presenting,"Plan and deliver brief oral presentations on a variety of topics and content areas (e.g., retelling a story, explaining a science process, and the like).",https://www2.cde.ca.gov/cacs/eld,
CA-ELD-2012,ELD.PII.3.1.Br,3,Part II: Learning About How English Works,A. Structuring Cohesive Texts,Bridging,Understanding text structure,"Apply understanding of how different text types are organized to express ideas (e.g., how a story is organized sequentially with predictable stages versus how opinion/arguments are structured logically, grouping related ideas) to comprehending texts and writing cohesive texts.",https://www2.cde.ca.gov/cacs/eld,
CA-ELD-2012,ELD.PII.3.1.Em,3,Part II: Learning About How English Works,A. Structuring Cohesive Texts,Emerging,Understanding text structure,"Apply understanding of how different text types are organized to express ideas (e.g., how a story is organized sequentially) to comprehending texts and writing basic texts.",https://www2.cde.ca.gov/cacs/eld,
CA-ELD-2012,ELD.PII.3.1.Ex,3,Part II: Learning About How English Works,A. Structuring Cohesive Texts,Expanding,Understanding text structure,"Apply understanding of how different text types are organized to express ideas (e.g., how a story is organized sequentially with predictable stages) to comprehending texts and writing texts with increasing cohesion.",https://www2.cde.ca.gov/cacs/eld,
CA-ELD-2012,ELD.PII.3.2a.Br,3,Part II: Learning About How English Works,A. Structuring Cohesive Texts,Bridging,Understanding cohesion,"Apply increasing understanding of language resources that refer the reader back or forward in text (e.g., how pronouns or synonyms refer back to nouns in text) to comprehending and writing cohesive texts.",https://www2.cde.ca.gov/cacs/eld,
CA-ELD-2012,ELD.PII.3.2a.Em,3,Part II: Learning About How English Works,A. Structuring Cohesive Texts,Emerging,Understanding cohesion,"Apply basic understanding of language resources that refer the reader back or forward in text (e.g., how pronouns refer back to nouns in text) to comprehending texts and writing basic texts.",https://www2.cde.ca.gov/cacs/eld,
CA-ELD-2012,ELD.PII.3.2a.Ex,3,Part II: Learning About How English Works,A. Structuring Cohesive Texts,Expanding,Understanding cohesion,"Apply growing understanding of language resources that refer the reader back or forward in text (e.g., how pronouns refer back to nouns in text) to comprehending texts and writing texts with increasing cohesion.",https://www2.cde.ca.gov/cacs/eld,
CA-ELD-2012,ELD.PII.3.2b.Br,3,Part II: Learning About How English Works,A. Structuring Cohesive Texts,Bridging,Understanding cohesion,"Apply increasing understanding of how ideas, events, or reasons are linked throughout a text using an increasing variety of connecting and transitional words or phrases (e.g., for example, afterward, first/next/last) to comprehending texts and writing cohesive texts.",https://www2.cde.ca.gov/cacs/eld,
CA-ELD-2012,ELD.PII.3.2b.Em,3,Part II: Learning About How English Works,A. Structuring Cohesive Texts,Emerging,Understanding cohesion,"Apply basic understanding of how ideas, events, or reasons are linked throughout a text using everyday connecting words or phrases (e.g., then, next) to comprehending texts and writing basic texts.",https://www2.cde.ca.gov/cacs/eld,
CA-ELD-2012,ELD.PII.3.2b.Ex,3,Part II: Learning About How English Works,A. Structuring Cohesive Texts,Expanding,Understanding cohesion,"Apply growing understanding of how ideas, events, or reasons are linked throughout a text using a variety of connecting words or phrases (e.g., at the beginning/ end, first/next) to comprehending texts and writing texts with increasing cohesion.",https://www2.cde.ca.gov/cacs/eld,
CA-ELD-2012,ELD.PII.3.3.Br,3,Part II: Learning About How English Works,B. Expanding and Enriching Ideas,Bridging,Using verbs and verb phrases,"Using verbs and verb phrases Use a variety of verb types (e.g., doing, saying, being/having, thinking/feeling) and verb tense appropriate to the text type and discipline to convey time (e.g., simple present for a science description, simple future to predict).",https://www2.cde.ca.gov/cacs/eld,
CA-ELD-2012,ELD.PII.3.3.Em,3,Part II: Learning About How English Works,B. Expanding and Enriching Ideas,Emerging,Using verbs and verb phrases,"Use frequently used verbs, different verb types (e.g., doing, saying, being/having, thinking/feeling), and verb tenses appropriate to the text type and discipline to convey time (e.g., simple past for recounting an experience).",https://www2.cde.ca.gov/cacs/eld,
CA-ELD-2012,ELD.PII.3.3.Ex,3,Part II: Learning About How English Works,B. Expanding and Enriching Ideas,Expanding,Using verbs and verb phrases,"Use a growing number of verb types (e.g., doing, saying, being/having, thinking/ (e.g., doing, saying, being/having, thinking/feeling) and verb tenses appropriate to the text type and discipline to convey time (e.g., simple past for retelling, simple present for a science description).",https://www2.cde.ca.gov/cacs/eld,
CA-ELD-2012,ELD.PII.3.4.Br,3,Part II: Learning About How English Works,B. Expanding and Enriching Ideas,Bridging,Using nouns and noun phrases,"Expand noun phrases in a variety of ways (e.g., adding comparative/ superlative adjectives to noun phrases, simple clause embedding) in order to enrich the meaning of sentences and add details about ideas, people, things, and the like.",https://www2.cde.ca.gov/cacs/eld,
CA-ELD-2012,ELD.PII.3.4.Em,3,Part II: Learning About How English Works,B. Expanding and Enriching Ideas,Emerging,Using nouns and noun phrases,"Expand noun phrases in simple ways (e.g., adding an adjective to a noun) in order to enrich the meaning of sentences and add details about ideas, people, things, and the like.",https://www2.cde.ca.gov/cacs/eld,
CA-ELD-2012,ELD.PII.3.4.Ex,3,Part II: Learning About How English Works,B. Expanding and Enriching Ideas,Expanding,Using nouns and noun phrases,"Expand noun phrases in a growing number of ways (e.g., adding comparative/superlative adjectives to nouns) in order to enrich the meaning of sentences and add details about ideas, people, things, and the like.",https://www2.cde.ca.gov/cacs/eld,
CA-ELD-2012,ELD.PII.3.5.Br,3,Part II: Learning About How English Works,B. Expanding and Enriching Ideas,Bridging,Modifying to add details,"Expand sentences with adverbials (e.g., adverbs, adverb phrases, prepositional phrases) to provide details (e.g., time, manner, place, cause, and the like) about a range of familiar and new activities or processes (e.g., They worked quietly all night in their room).",https://www2.cde.ca.gov/cacs/eld,
CA-ELD-2012,ELD.PII.3.5.Em,3,Part II: Learning About How English Works,B. Expanding and Enriching Ideas,Emerging,Modifying to add details,"Expand sentences with adverbials (e.g., adverbs, adverb phrases, prepositional phrases) to provide details (e.g., time, manner, place, cause, and the like) about a familiar activity or process (e.g., They walked to the soccer field).",https://www2.cde.ca.gov/cacs/eld,
CA-ELD-2012,ELD.PII.3.5.Ex,3,Part II: Learning About How English Works,B. Expanding and Enriching Ideas,Expanding,Modifying to add details,"Expand sentences with adverbials (e.g., adverbs, adverb phrases, prepositional phrases) to provide details (e.g., time, manner, place, cause, and the like) about a familiar or new activity or process (e.g., They worked quietly; they ran across the soccer field).",https://www2.cde.ca.gov/cacs/eld,
CA-ELD-2012,ELD.PII.3.6.Br,3,Part II: Learning About How English Works,C. Connecting and Condensing Ideas,Bridging,Connecting ideas,"Combine clauses in a wide variety of ways (e.g., creating compound and complex sentences) to make connections between and join ideas, for example, to express cause/effect (e.g., The deer ran because the mountain lion approached them), to make a concession (e.g., She studied all night even though she wasn’t feeling well), or to link two ideas that happen at the same time (e.g., The cubs played while their mother hunted).",https://www2.cde.ca.gov/cacs/eld,
CA-ELD-2012,ELD.PII.3.6.Em,3,Part II: Learning About How English Works,C. Connecting and Condensing Ideas,Emerging,Connecting ideas,"Combine clauses in a few basic ways to make connections between and join ideas (e.g., creating compound sentences using and, but, so).",https://www2.cde.ca.gov/cacs/eld,
CA-ELD-2012,ELD.PII.3.6.Ex,3,Part II: Learning About How English Works,C. Connecting and Condensing Ideas,Expanding,Connecting ideas,"Combine clauses in an increasing variety of ways (e.g., creating compound and complex sentences) to make connections between and join ideas, for example, to express cause/effect (e.g., The deer ran because the mountain lion came) or to make a concession (e.g., She studied all night even though she wasn’t feeling well).",https://www2.cde.ca.gov/cacs/eld,
CA-ELD-2012,ELD.PII.3.7.Br,3,Part II: Learning About How English Works,C. Connecting and Condensing Ideas,Bridging,Condensing ideas,"Condense clauses in a variety of ways (e.g., through embedded clauses and other condensing as in, It’s a plant. It’s green and red. It’s found in the tropical rain forest. → It’s a green and red plant that’s found in the tropical rain forest) to create precise and detailed sentences.",https://www2.cde.ca.gov/cacs/eld,
CA-ELD-2012,ELD.PII.3.7.Em,3,Part II: Learning About How English Works,C. Connecting and Condensing Ideas,Emerging,Condensing ideas,"Condense clauses in simple ways (e.g., changing: It’s green. → It’s red. It’s green and red) to create precise and detailed sentences.",https://www2.cde.ca.gov/cacs/eld,
CA-ELD-2012,ELD.PII.3.7.Ex,3,Part II: Learning About How English Works,C. Connecting and Condensing Ideas,Expanding,Condensing ideas,"Condense clauses in a growing number of ways (e.g., through embedded clauses as in, It’s a plant. It’s found in the rain forest. → It’s a green and red plant that’s found in the tropical rain forest) to create precise and detailed sentences.",https://www2.cde.ca.gov/cacs/eld,
CA-ELD-2012,ELD.PI.4.1.Br,4,Part I: Interacting in Meaningful Ways,A. Collaborative,Bridging,Exchanging information/ideas,"Contribute to class, group, and partner discussions, including sustained dialogue, by following turn-taking rules, asking relevant questions, affirming others, adding relevant information, building on responses, and providing useful feedback.",https://www2.cde.ca.gov/cacs/eld,
CA-ELD-2012,ELD.PI.4.1.Em,4,Part I: Interacting in Meaningful Ways,A. Collaborative,Emerging,Exchanging information/ideas,Contribute to conversations and express ideas by asking and answering yes-no and wh- questions and responding using short phrases,https://www2.cde.ca.gov/cacs/eld,
CA-ELD-2012,ELD.PI.4.1.Ex,4,Part I: Interacting in Meaningful Ways,A. Collaborative,Expanding,Exchanging information/ideas,"Contribute to class, group, and partner discussions, including sustained dialogue, by following turn-taking rules, asking relevant questions, affirming others, and adding relevant information.",https://www2.cde.ca.gov/cacs/eld,
CA-ELD-2012,ELD.PI.4.10a.Br,4,Part I: Interacting in Meaningful Ways,C. Productive,Bridging,Writing,"Write longer and more detailed literary and informational texts (e.g., an explanatory text on how flashlights work) collaboratively (e.g., joint construction of texts with an adult or with peers) and independently using appropriate text organization and growing understanding of register.",https://www2.cde.ca.gov/cacs/eld,
CA-ELD-2012,ELD.PI.4.10a.Em,4,Part I: Interacting in Meaningful Ways,C. Productive,Emerging,Writing,"Write short literary and informational text (e.g., a description of a flashlight) collaboratively (e.g., joint construction of texts with an adult or with peers) and sometimes independently.",https://www2.cde.ca.gov/cacs/eld,
CA-ELD-2012,ELD.PI.4.10a.Ex,4,Part I: Interacting in Meaningful Ways,C. Productive,Expanding,Writing,"Write longer literary and informational texts (e.g., an explanatory text on how flashlights work) collaboratively (e.g., joint construction of texts with an adult or with peers) and with increasing independence using appropriate text organization.",https://www2.cde.ca.gov/cacs/eld,
CA-ELD-2012,ELD.PI.4.10b.Br,4,Part I: Interacting in Meaningful Ways,C. Productive,Bridging,Writing,"Write clear and coherent summaries of texts and experiences using complete and concise sentences and key words (e.g., from notes or graphic organizers).",https://www2.cde.ca.gov/cacs/eld,
CA-ELD-2012,ELD.PI.4.10b.Em,4,Part I: Interacting in Meaningful Ways,C. Productive,Emerging,Writing,"Write brief summaries of texts and experiences using complete sentences and key words (e.g., from notes or graphic organizers).",https://www2.cde.ca.gov/cacs/eld,
CA-ELD-2012,ELD.PI.4.10b.Ex,4,Part I: Interacting in Meaningful Ways,C. Productive,Expanding,Writing,"Write increasingly concise summaries of texts and experiences using complete sentences and key words (e.g., from notes or graphic organizers).",https://www2.cde.ca.gov/cacs/eld,
CA-ELD-2012,ELD.PI.4.11a.Br,4,Part I: Interacting in Meaningful Ways,C. Productive,Bridging,Supporting opinions,"Support opinions or persuade others by expressing appropriate/accurate reasons using detailed textual evidence (e.g., quotations or specific events from text) or relevant background knowledge about content, with light support.",https://www2.cde.ca.gov/cacs/eld,
CA-ELD-2012,ELD.PI.4.11a.Em,4,Part I: Interacting in Meaningful Ways,C. Productive,Emerging,Supporting opinions,"Support opinions by expressing appropriate/accurate reasons using textual evidence (e.g., referring to text) or relevant background knowledge about content, with substantial support.",https://www2.cde.ca.gov/cacs/eld,
CA-ELD-2012,ELD.PI.4.11a.Ex,4,Part I: Interacting in Meaningful Ways,C. Productive,Expanding,Supporting opinions,"Support opinions or persuade others by expressing appropriate/accurate reasons using some textual evidence (e.g., paraphrasing facts) or relevant background knowledge about content, with moderate support.",https://www2.cde.ca.gov/cacs/eld,
CA-ELD-2012,ELD.PI.4.11b.Br,4,Part I: Interacting in Meaningful Ways,C. Productive,Bridging,Supporting opinions,"Express attitude and opinions or temper statements with nuanced modal expressions (e.g., probably/certainly, should/would) and phrasing (e.g., In my opinion . . .).",https://www2.cde.ca.gov/cacs/eld,
CA-ELD-2012,ELD.PI.4.11b.Em,4,Part I: Interacting in Meaningful Ways,C. Productive,Emerging,Supporting opinions,"Express ideas and opinions or temper statements using basic modal expressions (e.g., can, will, maybe).",https://www2.cde.ca.gov/cacs/eld,
CA-ELD-2012,ELD.PI.4.11b.Ex,4,Part I: Interacting in Meaningful Ways,C. Productive,Expanding,Supporting opinions,"Express attitude and opinions or temper statements with familiar modal expressions (e.g., maybe/probably, can/must).",https://www2.cde.ca.gov/cacs/eld,
CA-ELD-2012,ELD.PI.4.12b.Br,4,Part I: Interacting in Meaningful Ways,C. Productive,Bridging,Selecting language resources,"Select a variety of appropriate affixes for accuracy and precision (e.g., She’s walking. I’m uncomfortable. They left reluctantly).",https://www2.cde.ca.gov/cacs/eld,
CA-ELD-2012,ELD.PI.4.12b.Em,4,Part I: Interacting in Meaningful Ways,C. Productive,Emerging,Selecting language resources,"Select a few frequently used affixes for accuracy and precision (e.g., She walks, I’m unhappy).",https://www2.cde.ca.gov/cacs/eld,
CA-ELD-2012,ELD.PI.4.12b.Ex,4,Part I: Interacting in Meaningful Ways,C. Productive,Expanding,Selecting language resources,"Select a growing number of frequently used affixes for accuracy and precision (e.g., She walked. He likes . .. , I'm unhappy).",https://www2.cde.ca.gov/cacs/eld,
CA-ELD-2012,ELD.PI.4.2.Br,4,Part I: Interacting in Meaningful Ways,A. Collaborative,Bridging,Interacting via written English,"Collaborate with peers on joint writing projects of a variety of longer informational and literary texts, using technology where appropriate for publishing, graphics, and the like.",https://www2.cde.ca.gov/cacs/eld,
CA-ELD-2012,ELD.PI.4.2.Em,4,Part I: Interacting in Meaningful Ways,A. Collaborative,Emerging,Interacting via written English,"Collaborate with peers on joint writing projects of short informational and literary texts, using technology where appropriate for publishing, graphics, and the like.",https://www2.cde.ca.gov/cacs/eld,
CA-ELD-2012,ELD.PI.4.2.Ex,4,Part I: Interacting in Meaningful Ways,A. Collaborative,Expanding,Interacting via written English,"Collaborate with peers on joint writing projects of longer informational and literary texts, using technology where appropriate for publishing, graphics, and the like.",https://www2.cde.ca.gov/cacs/eld,
CA-ELD-2012,ELD.PI.4.3.Br,4,Part I: Interacting in Meaningful Ways,A. Collaborative,Bridging,Offering opinions,"Negotiate with or persuade others in conversations using a variety of learned phrases (e.g., That’s a good idea. However . . .), as well as open responses, in order to gain and/or hold the floor, provide counterarguments, elaborate on an idea, and so on.",https://www2.cde.ca.gov/cacs/eld,
CA-ELD-2012,ELD.PI.4.3.Em,4,Part I: Interacting in Meaningful Ways,A. Collaborative,Emerging,Offering opinions,"Negotiate with or persuade others in conversations using basic learned phrases (e.g., I think ...), as well as open responses, in order to gain and/or hold the floor.",https://www2.cde.ca.gov/cacs/eld,
CA-ELD-2012,ELD.PI.4.3.Ex,4,Part I: Interacting in Meaningful Ways,A. Collaborative,Expanding,Offering opinions,"Negotiate with or persuade others in conversations using an expanded set of learned phrases (e.g., I agree with X, but . . .), as well as open responses, in order to gain and/or hold the floor, provide counterarguments, and so on.",https://www2.cde.ca.gov/cacs/eld,
CA-ELD-2012,ELD.PI.4.4.Br,4,Part I: Interacting in Meaningful Ways,A. Collaborative,Bridging,Adapting language choices,"Adjust language choices according to purpose, task (e.g., facilitating a science experiment), and audience, with light support.",https://www2.cde.ca.gov/cacs/eld,
CA-ELD-2012,ELD.PI.4.4.Em,4,Part I: Interacting in Meaningful Ways,A. Collaborative,Emerging,Adapting language choices,"Adjust language choices according to social setting (e.g., playground, classroom) and audience (e.g., peers, teacher), with substantial support.",https://www2.cde.ca.gov/cacs/eld,
CA-ELD-2012,ELD.PI.4.4.Ex,4,Part I: Interacting in Meaningful Ways,A. Collaborative,Expanding,Adapting language choices,"Adjust language choices according to purpose (e.g., persuading, entertaining), task (e.g., telling a story versus explaining a science experiment), and audience, with moderate support.",https://www2.cde.ca.gov/cacs/eld,
CA-ELD-2012,ELD.PI.4.5.Br,4,Part I: Interacting in Meaningful Ways,B. Interpretive,Bridging,Listening actively,"Demonstrate active listening of read-alouds and oral presentations by asking and answering detailed questions, with minimal prompting and light support.",https://www2.cde.ca.gov/cacs/eld,
CA-ELD-2012,ELD.PI.4.5.Em,4,Part I: Interacting in Meaningful Ways,B. Interpretive,Emerging,Listening actively,"Demonstrate active listening of read-alouds and oral presentations by asking and answering basic questions, with prompting and substantial support.",https://www2.cde.ca.gov/cacs/eld,
CA-ELD-2012,ELD.PI.4.5.Ex,4,Part I: Interacting in Meaningful Ways,B. Interpretive,Expanding,Listening actively,"Demonstrate active listening of read-alouds and oral presentations by asking and answering detailed questions, with occasional prompting and moderate support.",https://www2.cde.ca.gov/cacs/eld,
CA-ELD-2012,ELD.PI.4.6a.Br,4,Part I: Interacting in Meaningful Ways,B. Interpretive,Bridging,Reading/viewing closely,"Describe ideas, phenomena (e.g., pollination), and text elements (main idea, character traits, event sequence, and the like) in detail based on close reading of a variety of grade-level texts, with light support.",https://www2.cde.ca.gov/cacs/eld,
CA-ELD-2012,ELD.PI.4.6a.Em,4,Part I: Interacting in Meaningful Ways,B. Interpretive,Emerging,Reading/viewing closely,"Describe ideas, phenomena (e.g., volcanic eruptions), and text elements (main idea, characters, events, and the like) based on close reading of a select set of grade level texts, with substantial support.",https://www2.cde.ca.gov/cacs/eld,
CA-ELD-2012,ELD.PI.4.6a.Ex,4,Part I: Interacting in Meaningful Ways,B. Interpretive,Expanding,Reading/viewing closely,"Describe ideas, phenomena (e.g., animal migration), and text elements (main idea, central message, and the like) in greater detail based on close reading of a variety of grade-level texts, with moderate support.",https://www2.cde.ca.gov/cacs/eld,
CA-ELD-2012,ELD.PI.4.6b.Br,4,Part I: Interacting in Meaningful Ways,B. Interpretive,Bridging,Reading/viewing closely,"Use knowledge of morphology (e.g., affixes, roots, and base words), linguistic context to determine the meaning of unknown and multiple-meaning words on familiar and new topics.",https://www2.cde.ca.gov/cacs/eld,
CA-ELD-2012,ELD.PI.4.6b.Em,4,Part I: Interacting in Meaningful Ways,B. Interpretive,Emerging,Reading/viewing closely,"Use knowledge of frequently used affixes (e.g., un-, mis-) and linguistic context, reference materials, and visual cues to determine the meaning of unknown words on familiar topics.",https://www2.cde.ca.gov/cacs/eld,
CA-ELD-2012,ELD.PI.4.6b.Ex,4,Part I: Interacting in Meaningful Ways,B. Interpretive,Expanding,Reading/viewing closely,"Use knowledge of morphology (e.g., affixes, roots, and base words), linguistic context, and reference materials to determine the meaning of unknown words on familiar topics.",https://www2.cde.ca.gov/cacs/eld,
CA-ELD-2012,ELD.PI.4.7.Br,4,Part I: Interacting in Meaningful Ways,B. Interpretive,Bridging,Evaluating language choices,"Describe how well writers and speakers use specific language resources to support an opinion or present an idea (e.g., the clarity or appealing nature of language used to present evidence), with prompting and light support.",https://www2.cde.ca.gov/cacs/eld,
CA-ELD-2012,ELD.PI.4.7.Em,4,Part I: Interacting in Meaningful Ways,B. Interpretive,Emerging,Evaluating language choices,"Describe the specific language writers or speakers use to present or support an idea (e.g., the specific vocabulary or phrasing used to provide evidence), with prompting and substantial support.",https://www2.cde.ca.gov/cacs/eld,
CA-ELD-2012,ELD.PI.4.7.Ex,4,Part I: Interacting in Meaningful Ways,B. Interpretive,Expanding,Evaluating language choices,"Describe how well writers or speakers use specific language resources to support an opinion or present an idea (e.g., whether the vocabulary or phrasing used to provide evidence is strong enough), with prompting and moderate support.",https://www2.cde.ca.gov/cacs/eld,
CA-ELD-2012,ELD.PI.4.8.Br,4,Part I: Interacting in Meaningful Ways,B. Interpretive,Bridging,Analyzing language choices,"Analyzing language choices Distinguish how different words with related meanings (e.g., fun versus entertaining versus thrilling, possibly versus certainly) and figurative language produce shades of meaning and different effects on the audience.",https://www2.cde.ca.gov/cacs/eld,
CA-ELD-2012,ELD.PI.4.8.Em,4,Part I: Interacting in Meaningful Ways,B. Interpretive,Emerging,Analyzing language choices,"Distinguish how different words with similar meanings produce different effects on the audience (e.g., describing a character's actions as whined versus said).",https://www2.cde.ca.gov/cacs/eld,
CA-ELD-2012,ELD.PI.4.8.Ex,4,Part I: Interacting in Meaningful Ways,B. Interpretive,Expanding,Analyzing language choices,"Distinguish how different words with similar meanings (e.g., describing a character as smart versus an expert) and figurative language (e.g., as big as a whale) produce shades of meaning and different effects on the audience.",https://www2.cde.ca.gov/cacs/eld,
CA-ELD-2012,ELD.PI.4.9.Br,4,Part I: Interacting in Meaningful Ways,C. Productive,Bridging,Presenting,"Plan and deliver oral presentations on a variety of topics in a variety of content areas (e.g., retelling a story, explaining a science process, reporting on a current event, recounting a memorable experience, and so on), with light support.",https://www2.cde.ca.gov/cacs/eld,
CA-ELD-2012,ELD.PI.4.9.Em,4,Part I: Interacting in Meaningful Ways,C. Productive,Emerging,Presenting,"Plan and deliver brief oral presentations on a variety of topics and content areas (e.g., retelling a story, explaining a science process, reporting on a current event, recounting a memorable experience, and so on), with substantial support.",https://www2.cde.ca.gov/cacs/eld,
CA-ELD-2012,ELD.PI.4.9.Ex,4,Part I: Interacting in Meaningful Ways,C. Productive,Expanding,Presenting,"Plan and deliver longer oral presentations on a variety of topics and content areas (e.g., retelling a story, explaining a science process, reporting on a current event, recounting a memorable experience, and so on), with moderate support.",https://www2.cde.ca.gov/cacs/eld,
CA-ELD-2012,ELD.PII.4.1.Br,4,Part II: Learning About How English Works,A. Structuring Cohesive Texts,Bridging,Understanding text structure,"Apply understanding of how different text types are organized to express ideas (e.g., how a narrative is organized sequentially with predictable stages versus how opinions/arguments are structured logically, grouping related ideas) to comprehending texts and writing cohesive texts.",https://www2.cde.ca.gov/cacs/eld,
CA-ELD-2012,ELD.PII.4.1.Em,4,Part II: Learning About How English Works,A. Structuring Cohesive Texts,Emerging,Understanding text structure,"Apply understanding of how different text types are organized to express ideas (e.g., how a narrative is organized sequentially) to comprehending texts and writing basic texts.",https://www2.cde.ca.gov/cacs/eld,
CA-ELD-2012,ELD.PII.4.1.Ex,4,Part II: Learning About How English Works,A. Structuring Cohesive Texts,Expanding,Understanding text structure,"Apply increasing understanding of how different text types are organized to express ideas (e.g., how a narrative is organized sequentially with predictable stages versus how an explanation is organized around ideas) to comprehending texts and writing texts with increasing cohesion.",https://www2.cde.ca.gov/cacs/eld,
CA-ELD-2012,ELD.PII.4.2a.Br,4,Part II: Learning About How English Works,A. Structuring Cohesive Texts,Bridging,Understanding cohesion,"Apply increasing understanding of language resources for referring the reader back or forward in text (e.g., how pronouns, synonyms, or nominalizations refer back to nouns in text) to comprehending texts and writing cohesive texts.",https://www2.cde.ca.gov/cacs/eld,
CA-ELD-2012,ELD.PII.4.2a.Em,4,Part II: Learning About How English Works,A. Structuring Cohesive Texts,Emerging,Understanding cohesion,"Apply basic understanding of language resources for referring the reader back or forward in text (e.g., how pronouns refer back to nouns in text) to comprehending texts and writing basic texts.",https://www2.cde.ca.gov/cacs/eld,
CA-ELD-2012,ELD.PII.4.2a.Ex,4,Part II: Learning About How English Works,A. Structuring Cohesive Texts,Expanding,Understanding cohesion,"Apply growing understanding of language resources for referring the reader back or forward in text (e.g., how pronouns or synonyms refer back to nouns in text) to comprehending texts and writing texts with increasing cohesion.",https://www2.cde.ca.gov/cacs/eld,
CA-ELD-2012,ELD.PII.4.2b.Br,4,Part II: Learning About How English Works,A. Structuring Cohesive Texts,Bridging,Understanding cohesion,"Apply increasing understanding of how ideas, events, or reasons are linked throughout a text using an increasing variety of academic connecting and transitional words or phrases (e.g., for instance, in addition, at the end) to comprehending texts and writing cohesive texts.",https://www2.cde.ca.gov/cacs/eld,
CA-ELD-2012,ELD.PII.4.2b.Em,4,Part II: Learning About How English Works,A. Structuring Cohesive Texts,Emerging,Understanding cohesion,"Apply basic understanding of how ideas, events, or reasons are linked throughout a text using everyday connecting words or phrases (e.g., first, yesterday) to comprehending texts and writing basic texts.",https://www2.cde.ca.gov/cacs/eld,
CA-ELD-2012,ELD.PII.4.2b.Ex,4,Part II: Learning About How English Works,A. Structuring Cohesive Texts,Expanding,Understanding cohesion,"Apply growing understanding of how ideas, events, or reasons are linked throughout a text using a variety of connecting words or phrases (e.g., since, next, for example) to comprehending texts and writing texts with increasing cohesion.",https://www2.cde.ca.gov/cacs/eld,
CA-ELD-2012,ELD.PII.4.3.Br,4,Part II: Learning About How English Works,B. Expanding and Enriching Ideas,Bridging,Using verbs and verb phrases,"Use various verbs/verb types (e.g., doing, saying, being/having, thinking/feeling) and tenses appropriate to the task and text type (e.g., timeless present for science explanation, mixture of past and present for historical information report) for a variety of familiar and new topics.",https://www2.cde.ca.gov/cacs/eld,
CA-ELD-2012,ELD.PII.4.3.Em,4,Part II: Learning About How English Works,B. Expanding and Enriching Ideas,Emerging,Using verbs and verb phrases,"Use various verbs/verb types (e.g., doing, saying, being/having, thinking/feeling) and tenses appropriate to the text type and discipline (e.g., simple past for recounting an experience) for familiar topics.",https://www2.cde.ca.gov/cacs/eld,
CA-ELD-2012,ELD.PII.4.3.Ex,4,Part II: Learning About How English Works,B. Expanding and Enriching Ideas,Expanding,Using verbs and verb phrases,"Use various verbs/verb types (e.g., doing, saying, being/having, thinking/feeling) and tenses appropriate to the task, text type, and discipline (e.g., simple past for retelling, timeless present for science explanation) for an increasing variety of familiar and new topics.",https://www2.cde.ca.gov/cacs/eld,
CA-ELD-2012,ELD.PII.4.4.Br,4,Part II: Learning About How English Works,B. Expanding and Enriching Ideas,Bridging,Using nouns and noun phrases,"Expand noun phrases in an increasing variety of ways (e.g., adding general academic adjectives and adverbs to noun phrases or more complex clause embedding) in order to enrich the meaning of sentences and add details about ideas, people, things, and so on.",https://www2.cde.ca.gov/cacs/eld,
CA-ELD-2012,ELD.PII.4.4.Em,4,Part II: Learning About How English Works,B. Expanding and Enriching Ideas,Emerging,Using nouns and noun phrases,"Expand noun phrases in simple ways (e.g., adding an adjective) in order to enrich the meaning of sentences and add details about ideas, people, things, and so on.",https://www2.cde.ca.gov/cacs/eld,
CA-ELD-2012,ELD.PII.4.4.Ex,4,Part II: Learning About How English Works,B. Expanding and Enriching Ideas,Expanding,Using nouns and noun phrases,"Expand noun phrases in a variety of ways (e.g., adding adjectives to noun phrases or simple clause embedding) in order to enrich the meaning of sentences and add details about ideas, people, things, and so on.",https://www2.cde.ca.gov/cacs/eld,
CA-ELD-2012,ELD.PII.4.5.Br,4,Part II: Learning About How English Works,B. Expanding and Enriching Ideas,Bridging,Modifying to add details,"Expand sentences with a variety of adverbials (e.g., adverbs, adverb phrases, prepositional phrases) to provide details (e.g., time, manner, place, cause, and so on) about a variety of familiar and new activities and processes (e.g., They worked quietly all night in their room).",https://www2.cde.ca.gov/cacs/eld,
CA-ELD-2012,ELD.PII.4.5.Em,4,Part II: Learning About How English Works,B. Expanding and Enriching Ideas,Emerging,Modifying to add details,"Expand sentences with familiar adverbials (e.g., basic prepositional phrases) to provide details (e.g., time, manner, place, cause, and so on) about a familiar activity or process (e.g., They walked to the soccer field).",https://www2.cde.ca.gov/cacs/eld,
CA-ELD-2012,ELD.PII.4.5.Ex,4,Part II: Learning About How English Works,B. Expanding and Enriching Ideas,Expanding,Modifying to add details,"Expand sentences with a growing variety of adverbials (e.g., adverbs, prepositional phrases) to provide details (e.g., time, manner, place, cause, and so on) about a familiar or new activity or process (e.g., They worked quietly. They ran across the soccer field).",https://www2.cde.ca.gov/cacs/eld,
CA-ELD-2012,ELD.PII.4.6.Br,4,Part II: Learning About How English Works,C. Connecting and Condensing Ideas,Bridging,Connecting ideas,"Combine clauses in a wide variety of ways (e.g., creating complex sentences using a variety of subordinate conjunctions) to make connections between and join ideas, for example, to express cause/effect (e.g., Since the lion was at the waterhole, the deer ran away), to make a concession, or to link two ideas that happen at the same time (e.g., The cubs played while their mother hunted).",https://www2.cde.ca.gov/cacs/eld,
CA-ELD-2012,ELD.PII.4.6.Em,4,Part II: Learning About How English Works,C. Connecting and Condensing Ideas,Emerging,Connecting ideas,"Combine clauses in a few basic ways to make connections between and join ideas in sentences (e.g., creating compound sentences using coordinate conjunctions, such as and, but, so).",https://www2.cde.ca.gov/cacs/eld,
CA-ELD-2012,ELD.PII.4.6.Ex,4,Part II: Learning About How English Works,C. Connecting and Condensing Ideas,Expanding,Connecting ideas,"Combine clauses in an increasing variety of ways (e.g., creating complex sentences using familiar subordinate conjunctions) to make connections between and join ideas in sentences, for example, to express cause/ effect (e.g., The deer ran because the mountain lion came) or to make a concession (e.g., She studied all night even though she wasn’t feeling well).",https://www2.cde.ca.gov/cacs/eld,
CA-ELD-2012,ELD.PII.4.7.Br,4,Part II: Learning About How English Works,C. Connecting and Condensing Ideas,Bridging,Condensing ideas,"Condense clauses in a variety of ways (e.g., through various types of embedded clauses and other ways of condensing as in, There was a Gold Rush. It began in the 1850s. It brought a lot of people to California. → The Gold Rush that began in the 1850s brought a lot of people to California) to create precise and detailed sentences.",https://www2.cde.ca.gov/cacs/eld,
CA-ELD-2012,ELD.PII.4.7.Em,4,Part II: Learning About How English Works,C. Connecting and Condensing Ideas,Emerging,Condensing ideas,"Condense clauses in simple ways (e.g., through simple embedded clauses, as in, The woman is a doctor. She helps children. → The woman is a doctor who helps children) to create precise and detailed sentences.",https://www2.cde.ca.gov/cacs/eld,
CA-ELD-2012,ELD.PII.4.7.Ex,4,Part II: Learning About How English Works,C. Connecting and Condensing Ideas,Expanding,Condensing ideas,"Condense clauses in an increasing variety of ways (e.g., through a growing number of embedded clauses and other condensing, as in, The dog ate quickly. The dog choked. → The dog ate so quickly that it choked) to create precise and detailed sentences.",https://www2.cde.ca.gov/cacs/eld,
CA-ELD-2012,ELD.PI.5.1.Br,5,Part I: Interacting in Meaningful Ways,A. Collaborative,Bridging,Exchanging information/ideas,"Contribute to class, group, and partner discussions, including sustained dialogue, by following turn-taking rules, asking relevant questions, affirming others, and adding relevant information, building on responses, and providing useful feedback.",https://www2.cde.ca.gov/cacs/eld,
CA-ELD-2012,ELD.PI.5.1.Em,5,Part I: Interacting in Meaningful Ways,A. Collaborative,Emerging,Exchanging information/ideas,Contribute to conversations and express ideas by asking and answering yes-no and wh- questions and responding using short phrases.,https://www2.cde.ca.gov/cacs/eld,
CA-ELD-2012,ELD.PI.5.1.Ex,5,Part I: Interacting in Meaningful Ways,A. Collaborative,Expanding,Exchanging information/ideas,"Contribute to class, group, and partner discussions, including sustained dialogue, by following turn-taking rules, asking relevant questions, affirming others, and adding relevant information.",https://www2.cde.ca.gov/cacs/eld,
CA-ELD-2012,ELD.PI.5.10a.Br,5,Part I: Interacting in Meaningful Ways,C. Productive,Bridging,Writing,"Write longer and more detailed literary and informational texts (e.g., an explanation of how camels survive without water for a long time) collaboratively (e.g., joint construction of texts with an adult or with peers) and independently by using appropriate text organization and growing understanding of register.",https://www2.cde.ca.gov/cacs/eld,
CA-ELD-2012,ELD.PI.5.10a.Em,5,Part I: Interacting in Meaningful Ways,C. Productive,Emerging,Writing,"Write short literary and informational texts (e.g., a description of a camel) collaboratively (e.g., joint construction of texts with an adult or with peers) and sometimes independently.",https://www2.cde.ca.gov/cacs/eld,
CA-ELD-2012,ELD.PI.5.10a.Ex,5,Part I: Interacting in Meaningful Ways,C. Productive,Expanding,Writing,"Write longer literary and informational texts (e.g., an informative report on different kinds of camels) collaboratively (e.g., joint construction of texts with an adult or with peers) and with increasing independence by using appropriate text organization.",https://www2.cde.ca.gov/cacs/eld,
CA-ELD-2012,ELD.PI.5.10b.Br,5,Part I: Interacting in Meaningful Ways,C. Productive,Bridging,Writing,Write clear and coherent summaries of texts and experiences using complete and concise sentences and key words (e.g. from notes or graphic organizers).,https://www2.cde.ca.gov/cacs/eld,
CA-ELD-2012,ELD.PI.5.10b.Em,5,Part I: Interacting in Meaningful Ways,C. Productive,Emerging,Writing,"Write brief summaries of texts and experiences using complete sentences and key words (e.g., from notes or graphic organizers).",https://www2.cde.ca.gov/cacs/eld,
CA-ELD-2012,ELD.PI.5.10b.Ex,5,Part I: Interacting in Meaningful Ways,C. Productive,Expanding,Writing,"Write increasingly concise summaries of texts and experiences using complete sentences and key words (e.g., from notes or graphic organizers).",https://www2.cde.ca.gov/cacs/eld,
CA-ELD-2012,ELD.PI.5.11a.Br,5,Part I: Interacting in Meaningful Ways,C. Productive,Bridging,Supporting opinions,"Support opinions or persuade others by expressing appropriate/accurate reasons using detailed textual evidence (e.g., quoting the text directly or specific events from text) or relevant background knowledge about content, with mild support.",https://www2.cde.ca.gov/cacs/eld,
CA-ELD-2012,ELD.PI.5.11a.Em,5,Part I: Interacting in Meaningful Ways,C. Productive,Emerging,Supporting opinions,"Support opinions by expressing appropriate/accurate reasons using textual evidence (e.g., referring to text) or relevant background knowledge about content, with substantial support.",https://www2.cde.ca.gov/cacs/eld,
CA-ELD-2012,ELD.PI.5.11a.Ex,5,Part I: Interacting in Meaningful Ways,C. Productive,Expanding,Supporting opinions,"Support opinions or persuade others by expressing appropriate/accurate reasons using some textual evidence (e.g., paraphrasing facts from a text) or relevant background knowledge about content, with moderate support.",https://www2.cde.ca.gov/cacs/eld,
CA-ELD-2012,ELD.PI.5.11b.Br,5,Part I: Interacting in Meaningful Ways,C. Productive,Bridging,Supporting opinions,"Express attitude and opinions or temper statements with nuanced modal expressions (e.g., probably/certainly, should/would) and phrasing (e.g., In my opinion . . .).",https://www2.cde.ca.gov/cacs/eld,
CA-ELD-2012,ELD.PI.5.11b.Em,5,Part I: Interacting in Meaningful Ways,C. Productive,Emerging,Supporting opinions,"Express ideas and opinions or temper statements using basic modal expressions (e.g., can, has to, maybe).",https://www2.cde.ca.gov/cacs/eld,
CA-ELD-2012,ELD.PI.5.11b.Ex,5,Part I: Interacting in Meaningful Ways,C. Productive,Expanding,Supporting opinions,"Express attitude and opinions or temper statements with familiar modal expressions (e.g., maybe/probably, can/must).",https://www2.cde.ca.gov/cacs/eld,
CA-ELD-2012,ELD.PI.5.12a.Br,5,Part I: Interacting in Meaningful Ways,C. Productive,Bridging,Selecting language resources,"Use a wide variety of general academic and domain-specific words, synonyms, antonyms, and figurative language to create precision and shades of meaning while speaking and writing.",https://www2.cde.ca.gov/cacs/eld,
CA-ELD-2012,ELD.PI.5.12a.Em,5,Part I: Interacting in Meaningful Ways,C. Productive,Emerging,Selecting language resources,Use a select number of general academic and domain-specific words to create precision while speaking and writing.,https://www2.cde.ca.gov/cacs/eld,
CA-ELD-2012,ELD.PI.5.12a.Ex,5,Part I: Interacting in Meaningful Ways,C. Productive,Expanding,Selecting language resources,"Use a growing number of general academic and domain-specific words, synonyms, and antonyms to create precision and shades of meaning while speaking and writing.",https://www2.cde.ca.gov/cacs/eld,
CA-ELD-2012,ELD.PI.5.12b.Br,5,Part I: Interacting in Meaningful Ways,C. Productive,Bridging,Selecting language resources,"Select a variety of appropriate affixes for accuracy and precision (e.g., She’s walking. I’m uncomfortable. They left reluctantly).",https://www2.cde.ca.gov/cacs/eld,
CA-ELD-2012,ELD.PI.5.12b.Em,5,Part I: Interacting in Meaningful Ways,C. Productive,Emerging,Selecting language resources,"Select a few frequently used affixes for accuracy and precision (e.g., She walks, I’m unhappy).",https://www2.cde.ca.gov/cacs/eld,
CA-ELD-2012,ELD.PI.5.12b.Ex,5,Part I: Interacting in Meaningful Ways,C. Productive,Expanding,Selecting language resources,"Select a growing number of frequently used affixes for accuracy and precision (e.g., She walked. He likes . . . , I’m unhappy).",https://www2.cde.ca.gov/cacs/eld,
CA-ELD-2012,ELD.PI.5.2.Br,5,Part I: Interacting in Meaningful Ways,A. Collaborative,Bridging,Interacting via written English,"Collaborate with peers on joint writing projects of a variety of longer informational and literary texts, using technology where appropriate for publishing, graphic, and the like.",https://www2.cde.ca.gov/cacs/eld,
CA-ELD-2012,ELD.PI.5.2.Em,5,Part I: Interacting in Meaningful Ways,A. Collaborative,Emerging,Interacting via written English,"Collaborate with peers on joint writing projects of short informational and literary texts, using technology where appropriate for publishing, graphics, and the like.",https://www2.cde.ca.gov/cacs/eld,
CA-ELD-2012,ELD.PI.5.2.Ex,5,Part I: Interacting in Meaningful Ways,A. Collaborative,Expanding,Interacting via written English,"Collaborate with peers on joint writing projects of longer informational and literary texts, using technology where appropriate for publishing, graphics, and the like.",https://www2.cde.ca.gov/cacs/eld,
CA-ELD-2012,ELD.PI.5.3.Br,5,Part I: Interacting in Meaningful Ways,A. Collaborative,Bridging,Offering opinions,"Negotiate with or persuade others in conversations using a variety of learned phrases (e.g., That’s an interesting idea. However, . . .), as well as open responses, in order to gain and/or hold the floor, provide counterarguments, elaborate on an idea, and so on.",https://www2.cde.ca.gov/cacs/eld,
CA-ELD-2012,ELD.PI.5.3.Em,5,Part I: Interacting in Meaningful Ways,A. Collaborative,Emerging,Offering opinions,"Negotiate with or persuade others in conversations using basic learned phrases (e.g., I think ... ), as well as open responses, in order to gain and/or hold the floor.",https://www2.cde.ca.gov/cacs/eld,
CA-ELD-2012,ELD.PI.5.3.Ex,5,Part I: Interacting in Meaningful Ways,A. Collaborative,Expanding,Offering opinions,"Negotiate with or persuade others in conversations using an expanded set of learned phrases (e.g., I agree with X, but . . .), as well as open responses, in order to gain and/or hold the floor, provide counterarguments, and so on.",https://www2.cde.ca.gov/cacs/eld,
CA-ELD-2012,ELD.PI.5.4.Br,5,Part I: Interacting in Meaningful Ways,A. Collaborative,Bridging,Adapting language choices,"Adjust language choices according to purpose, task (e.g., facilitating a science experiment), and audience, with light support.",https://www2.cde.ca.gov/cacs/eld,
CA-ELD-2012,ELD.PI.5.4.Em,5,Part I: Interacting in Meaningful Ways,A. Collaborative,Emerging,Adapting language choices,"Adjust language choices according to social setting (e.g., playground, classroom) and audience (e.g., peers, teacher), with substantial support.",https://www2.cde.ca.gov/cacs/eld,
CA-ELD-2012,ELD.PI.5.4.Ex,5,Part I: Interacting in Meaningful Ways,A. Collaborative,Expanding,Adapting language choices,"Adjust language choices according to purpose (e.g., persuading, entertaining), tasks (e.g., telling a story versus explaining a science experiment), and audience, with moderate support.",https://www2.cde.ca.gov/cacs/eld,
CA-ELD-2012,ELD.PI.5.5.Br,5,Part I: Interacting in Meaningful Ways,B. Interpretive,Bridging,Listening actively,"Demonstrate active listening of read-alouds and oral presentations by asking and answering detailed questions, with minimal prompting and light support.",https://www2.cde.ca.gov/cacs/eld,
CA-ELD-2012,ELD.PI.5.5.Em,5,Part I: Interacting in Meaningful Ways,B. Interpretive,Emerging,Listening actively,"Demonstrate active listening of read-alouds and oral presentations by asking and answering basic questions, with prompting and substantial support.",https://www2.cde.ca.gov/cacs/eld,
CA-ELD-2012,ELD.PI.5.5.Ex,5,Part I: Interacting in Meaningful Ways,B. Interpretive,Expanding,Listening actively,"Demonstrate active listening of read-alouds and oral presentations by asking and answering detailed questions, with occasional prompting and moderate support.",https://www2.cde.ca.gov/cacs/eld,
CA-ELD-2012,ELD.PI.5.6a.Br,5,Part I: Interacting in Meaningful Ways,B. Interpretive,Bridging,Reading/viewing closely,"Explain ideas, phenomena, processes, and text relationships (e.g., compare/contrast, cause/effect, and problem/solution) based on close reading of a variety of grade-level texts and viewing of multimedia, with light support.",https://www2.cde.ca.gov/cacs/eld,
CA-ELD-2012,ELD.PI.5.6a.Em,5,Part I: Interacting in Meaningful Ways,B. Interpretive,Emerging,Reading/viewing closely,"Explain ideas, phenomena, processes, and text relationships (e.g., compare/contrast, cause/effect, and problem/solution) based on close reading of a variety of grade-level texts and viewing of multimedia, with substantial support.",https://www2.cde.ca.gov/cacs/eld,
CA-ELD-2012,ELD.PI.5.6a.Ex,5,Part I: Interacting in Meaningful Ways,B. Interpretive,Expanding,Reading/viewing closely,"Explain ideas, phenomena, processes, and text relationships (e.g., compare/contrast, cause/effect, and problem/solution) based on close reading of a variety of grade-level texts and viewing of multimedia, with moderate support.",https://www2.cde.ca.gov/cacs/eld,
CA-ELD-2012,ELD.PI.5.6b.Br,5,Part I: Interacting in Meaningful Ways,B. Interpretive,Bridging,Reading/viewing closely,"Use knowledge of morphology (e.g., affixes, roots, and base words), linguistic context, and reference materials to determine the meaning of unknown words on familiar and new topics.",https://www2.cde.ca.gov/cacs/eld,
CA-ELD-2012,ELD.PI.5.6b.Em,5,Part I: Interacting in Meaningful Ways,B. Interpretive,Emerging,Reading/viewing closely,"Use knowledge of frequently-used affixes (e.g., un-, mis-), linguistic context, reference materials, and visual cues to determine the meaning of unknown words on familiar topics.",https://www2.cde.ca.gov/cacs/eld,
CA-ELD-2012,ELD.PI.5.6b.Ex,5,Part I: Interacting in Meaningful Ways,B. Interpretive,Expanding,Reading/viewing closely,"Use knowledge of morphology (e.g., affixes, roots, and base words), linguistic context, and reference materials to determine the meaning of unknown words on familiar and new topics.",https://www2.cde.ca.gov/cacs/eld,
CA-ELD-2012,ELD.PI.5.7.Br,5,Part I: Interacting in Meaningful Ways,B. Interpretive,Bridging,Evaluating language choices,"Explain how well writers and speakers use specific language resources to support an opinion or present an idea (e.g., the clarity or appealing nature of language used to provide evidence or describe characters, or if the phrasing used to introduce a topic is appropriate), with light support.",https://www2.cde.ca.gov/cacs/eld,
CA-ELD-2012,ELD.PI.5.7.Em,5,Part I: Interacting in Meaningful Ways,B. Interpretive,Emerging,Evaluating language choices,"Describe the specific language writers or speakers use to present or support an idea (e.g., the specific vocabulary or phrasing used to provide evidence), with prompting and substantial support.",https://www2.cde.ca.gov/cacs/eld,
CA-ELD-2012,ELD.PI.5.7.Ex,5,Part I: Interacting in Meaningful Ways,B. Interpretive,Expanding,Evaluating language choices,"Explain how well writers and speakers use language resources to support an opinion or present an idea (e.g., whether the vocabulary used to provide evidence is strong enough, or if the phrasing used to signal a shift in meaning does this well), with moderate support.",https://www2.cde.ca.gov/cacs/eld,
CA-ELD-2012,ELD.PI.5.8.Br,5,Part I: Interacting in Meaningful Ways,B. Interpretive,Bridging,Analyzing language choices,"Distinguish how different words with related meanings (e.g., fun versus thrilling, possibly versus certainly) and figurative language (e.g., the stream slithered through the parched land) produce shades of meaning and different effects on the audience.",https://www2.cde.ca.gov/cacs/eld,
CA-ELD-2012,ELD.PI.5.8.Em,5,Part I: Interacting in Meaningful Ways,B. Interpretive,Emerging,Analyzing language choices,"Distinguish how different words with similar meanings produce different effects on the audience (e.g., describing a character as angry versus furious).",https://www2.cde.ca.gov/cacs/eld,
CA-ELD-2012,ELD.PI.5.8.Ex,5,Part I: Interacting in Meaningful Ways,B. Interpretive,Expanding,Analyzing language choices,"Distinguish how different words with similar meanings (e.g., describing an event as sad versus tragic) and figurative language (e.g., she ran like a cheetah) produce shades of meaning and different effects on the audience.",https://www2.cde.ca.gov/cacs/eld,
CA-ELD-2012,ELD.PI.5.9.Br,5,Part I: Interacting in Meaningful Ways,C. Productive,Bridging,Presenting,"Plan and deliver oral presentations on a variety of topics in a variety of content areas (e.g., providing an opinion speech on a current event, reciting a poem, recounting an experience, explaining a science process), with light support.",https://www2.cde.ca.gov/cacs/eld,
CA-ELD-2012,ELD.PI.5.9.Em,5,Part I: Interacting in Meaningful Ways,C. Productive,Emerging,Presenting,"Plan and deliver brief oral presentations on a variety of topics and content areas (e.g., providing a report on a current event, reciting a poem, recounting an experience, explaining a science process), with produce support, such as graphic organizers.",https://www2.cde.ca.gov/cacs/eld,
CA-ELD-2012,ELD.PI.5.9.Ex,5,Part I: Interacting in Meaningful Ways,C. Productive,Expanding,Presenting,"Plan and deliver longer oral presentations on a variety of topics and content areas (e.g., providing an opinion speech on a current event, reciting a poem, recounting an experience, explaining a science process), with moderate support.",https://www2.cde.ca.gov/cacs/eld,
CA-ELD-2012,ELD.PII.5.1.Br,5,Part II: Learning About How English Works,A. Structuring Cohesive Texts,Bridging,Understanding text structure,"Apply increasing understanding of how different text types are organized to express ideas (e.g., how a historical account is organized chronologically versus how opinions/arguments are structured logically around reasons and evidence) to comprehending texts and writing cohesive texts.",https://www2.cde.ca.gov/cacs/eld,
CA-ELD-2012,ELD.PII.5.1.Em,5,Part II: Learning About How English Works,A. Structuring Cohesive Texts,Emerging,Understanding text structure,"Apply basic understanding of how different text types are organized to express ideas (e.g., how a narrative is organized sequentially with predictable stages versus how opinions/arguments are organized around ideas) to comprehending texts and writing basic texts.",https://www2.cde.ca.gov/cacs/eld,
CA-ELD-2012,ELD.PII.5.1.Ex,5,Part II: Learning About How English Works,A. Structuring Cohesive Texts,Expanding,Understanding text structure,"Apply growing understanding of how different text types are organized to express ideas (e.g., how a narrative is organized sequentially with predictable stages versus how opinions/arguments are structured logically around reasons and evidence) to comprehending texts and writing texts with increasing cohesion.",https://www2.cde.ca.gov/cacs/eld,
CA-ELD-2012,ELD.PII.5.2a.Br,5,Part II: Learning About How English Works,A. Structuring Cohesive Texts,Bridging,Understanding cohesion,"Apply increasing understanding of language resources for referring the reader back or forward in text (e.g., how pronouns, synonyms, or nominalizations refer back to nouns in text) to comprehending texts and writing cohesive texts.",https://www2.cde.ca.gov/cacs/eld,
CA-ELD-2012,ELD.PII.5.2a.Em,5,Part II: Learning About How English Works,A. Structuring Cohesive Texts,Emerging,Understanding cohesion,"Apply basic understanding of language resources for referring the reader back or forward in text (e.g., how pronouns refer back to nouns in text) to comprehending texts and writing basic texts.",https://www2.cde.ca.gov/cacs/eld,
CA-ELD-2012,ELD.PII.5.2a.Ex,5,Part II: Learning About How English Works,A. Structuring Cohesive Texts,Expanding,Understanding cohesion,"Apply growing understanding of language resources for referring the reader back or forward in text (e.g., how pronouns or synonyms refer back to nouns in text) to comprehending texts and writing texts with increasing cohesion.",https://www2.cde.ca.gov/cacs/eld,
CA-ELD-2012,ELD.PII.5.2b.Br,5,Part II: Learning About How English Works,A. Structuring Cohesive Texts,Bridging,Understanding cohesion,"Apply increasing understanding of how ideas, events, or reasons are linked throughout a text using an increasing variety of academic connecting and transitional words or phrases (e.g., consequently, specifically, however) to comprehending text and writing cohesive texts.",https://www2.cde.ca.gov/cacs/eld,
CA-ELD-2012,ELD.PII.5.2b.Em,5,Part II: Learning About How English Works,A. Structuring Cohesive Texts,Emerging,Understanding cohesion,"Apply basic understanding of how ideas, events, or reasons are linked throughout a text using a select set of everyday connecting words or phrases (e.g., first/next, at the beginning) to comprehending texts and writing basic texts.",https://www2.cde.ca.gov/cacs/eld,
CA-ELD-2012,ELD.PII.5.2b.Ex,5,Part II: Learning About How English Works,A. Structuring Cohesive Texts,Expanding,Understanding cohesion,"Apply growing understanding of how ideas, events, or reasons are linked throughout a text using a variety of connecting words or phrases (e.g., for example, in the first place, as a result) to comprehending texts and writing texts with increasing cohesion.",https://www2.cde.ca.gov/cacs/eld,
CA-ELD-2012,ELD.PII.5.3.Br,5,Part II: Learning About How English Works,B. Expanding and Enriching Ideas,Bridging,Using verbs and verb phrases,"Use various verb types (e.g., doing, saying, being/having, thinking/feeling) and tenses appropriate to the task, text type, and discipline (e.g., timeless present for science description, mixture of past and present for narrative or history explanation) on a variety of topics.",https://www2.cde.ca.gov/cacs/eld,
CA-ELD-2012,ELD.PII.5.3.Em,5,Part II: Learning About How English Works,B. Expanding and Enriching Ideas,Emerging,Using verbs and verb phrases,"Use frequently used verbs (e.g., take, like, eat) and various verb types (e.g., doing, saying, being/having, thinking/feeling) and tenses appropriate to the text type and discipline (e.g., simple past for recounting an experience) on familiar topics.",https://www2.cde.ca.gov/cacs/eld,
CA-ELD-2012,ELD.PII.5.3.Ex,5,Part II: Learning About How English Works,B. Expanding and Enriching Ideas,Expanding,Using verbs and verb phrases,"Use various verb types (e.g., doing, saying, being/having, thinking/feeling) and tenses appropriate to the task, text type, and discipline (e.g., simple past for recounting an experience, timeless present for a science description) on an increasing variety of topics.",https://www2.cde.ca.gov/cacs/eld,
CA-ELD-2012,ELD.PII.5.4.Br,5,Part II: Learning About How English Works,B. Expanding and Enriching Ideas,Bridging,Using nouns and noun phrases,"Expand noun phrases in an increasing variety of ways (e.g., adding comparative/superlative and general academic adjectives to noun phrases or more complex clause embedding) in order to enrich the meaning of sentences and add details about ideas, people, things, and the like.",https://www2.cde.ca.gov/cacs/eld,
CA-ELD-2012,ELD.PII.5.4.Em,5,Part II: Learning About How English Works,B. Expanding and Enriching Ideas,Emerging,Using nouns and noun phrases,"Expand noun phrases in simple ways (e.g., adding an adjective to a noun) in order to enrich the meaning of sentences and add details about ideas, people, things, and the like.",https://www2.cde.ca.gov/cacs/eld,
CA-ELD-2012,ELD.PII.5.4.Ex,5,Part II: Learning About How English Works,B. Expanding and Enriching Ideas,Expanding,Using nouns and noun phrases,"Expand noun phrases in a variety of ways (e.g., adding comparative/superlative adjectives to noun phrases or simple clause embedding) in order to enrich the meaning of sentences and add details about ideas, people, things, and the like.",https://www2.cde.ca.gov/cacs/eld,
CA-ELD-2012,ELD.PII.5.5.Br,5,Part II: Learning About How English Works,B. Expanding and Enriching Ideas,Bridging,Modifying to add details,"Expand and enrich sentences with adverbials (e.g., adverbs, adverb phrases, prepositional phrases) to provide details (e.g., time, manner, place, cause, and the like) about a variety of familiar and new activities and processes.",https://www2.cde.ca.gov/cacs/eld,
CA-ELD-2012,ELD.PII.5.5.Em,5,Part II: Learning About How English Works,B. Expanding and Enriching Ideas,Emerging,Modifying to add details,"Expand and enrich sentences with adverbials (e.g., adverbs, adverb phrases, prepositional phrases) to provide details (e.g., time, manner, place, cause, and the like) about a familiar activity or process.",https://www2.cde.ca.gov/cacs/eld,
CA-ELD-2012,ELD.PII.5.5.Ex,5,Part II: Learning About How English Works,B. Expanding and Enriching Ideas,Expanding,Modifying to add details,"Expand and enrich sentences with adverbials (e.g., adverbs, adverb phrases, prepositional phrases) to provide details (e.g., time, manner, place, cause, and the like) about a familiar or new activity or process.",https://www2.cde.ca.gov/cacs/eld,
CA-ELD-2012,ELD.PII.5.6.Br,5,Part II: Learning About How English Works,C. Connecting and Condensing Ideas,Bridging,Connecting ideas,"Combine clauses in a wide variety of ways (e.g., creating compound and complex sentences) to make connections between and join ideas, for example, to express cause/effect (e.g., The deer ran because the mountain lion approached them), to make a concession (e.g., She studied all night even though she wasn’t feeling well), to link two ideas that happen at the same time (e.g., The cubs played while their mother hunted), or to provide reasons to support ideas (e.g., The author persuades the reader by _________ ).",https://www2.cde.ca.gov/cacs/eld,
CA-ELD-2012,ELD.PII.5.6.Em,5,Part II: Learning About How English Works,C. Connecting and Condensing Ideas,Emerging,Connecting ideas,"Combine clauses in a few basic ways to make connections between and join ideas (e.g. You must X because X) or to provide evidence to support ideas or opinions (e.g., creating compound sentences using and, but, so).",https://www2.cde.ca.gov/cacs/eld,
CA-ELD-2012,ELD.PII.5.6.Ex,5,Part II: Learning About How English Works,C. Connecting and Condensing Ideas,Expanding,Connecting ideas,"Combine clauses in an increasing variety of ways (e.g., creating compound and complex sentences) to make connections between and join ideas, for example, to express cause/effect (e.g., The deer ran because the mountain lion came), to make a concession (e.g., She studied all night even though she wasn’t feeling well), or to provide reasons to support ideas (e.g., X is an extremely good book because ___________).",https://www2.cde.ca.gov/cacs/eld,
CA-ELD-2012,ELD.PII.5.7.Br,5,Part II: Learning About How English Works,C. Connecting and Condensing Ideas,Bridging,Condensing ideas,"Condense clauses in a variety of ways (e.g., through various types of embedded clauses and some nominalizations as in, They were a very strong army. They had a lot of enemies. They crushed their enemies because they were strong. → Their strength helped them crush their numerous enemies) to create precise and detailed sentences.",https://www2.cde.ca.gov/cacs/eld,
CA-ELD-2012,ELD.PII.5.7.Em,5,Part II: Learning About How English Works,C. Connecting and Condensing Ideas,Emerging,Condensing ideas,"Condense clauses in simple ways (e.g., through simple embedded clauses as in, The book is on the desk. The book is mine. G318 The book that is on the desk is mine) to create precise and detailed sentences.",https://www2.cde.ca.gov/cacs/eld,
CA-ELD-2012,ELD.PII.5.7.Ex,5,Part II: Learning About How English Works,C. Connecting and Condensing Ideas,Expanding,Condensing ideas,"Condense clauses in an increasing variety of ways (e.g., through a growing number of types of embedded clauses and other condensing as in, The book is mine. The book is about science. The book is on the desk. → The science book that’s on the desk is mine) to create precise and detailed sentences.",https://www2.cde.ca.gov/cacs/eld,
