framework_id,code,grade,course,overarching_standard_code,overarching_standard,text,source_url,page,raw_text
CA-HSS-2016,HSS-K.1,0,"Learning and Working Now and Long Ago, Grade K",,,Students understand that being a good citizen involves acting in certain ways.,https://www2.cde.ca.gov/cacs/history,,"Standard Identifier: HSS-K.1
Grade: K
Course: Learning and Working Now and Long Ago, Grade K

Standard:
Students understand that being a good citizen involves acting in certain ways.
"
CA-HSS-2016,HSS-K.1.1,0,"Learning and Working Now and Long Ago, Grade K",HSS-K.1,HSS-K.1 Students understand that being a good citizen involves acting in certain ways.,"Follow rules, such as sharing and taking turns, and know the consequences of breaking them.",https://www2.cde.ca.gov/cacs/history,,"Standard Identifier: HSS-K.1.1
Grade: K
Course: Learning and Working Now and Long Ago, Grade K

Overarching Standard:
HSS-K.1 Students understand that being a good citizen involves acting in certain ways.

Standard:
Follow rules, such as sharing and taking turns, and know the consequences of breaking them.
"
CA-HSS-2016,HSS-K.1.2,0,"Learning and Working Now and Long Ago, Grade K",HSS-K.1,HSS-K.1 Students understand that being a good citizen involves acting in certain ways.,"Learn examples of honesty, courage, determination, individual responsibility, and patriotism in American and world history from stories and folklore.",https://www2.cde.ca.gov/cacs/history,,"Standard Identifier: HSS-K.1.2
Grade: K
Course: Learning and Working Now and Long Ago, Grade K

Overarching Standard:
HSS-K.1 Students understand that being a good citizen involves acting in certain ways.

Standard:
Learn examples of honesty, courage, determination, individual responsibility, and patriotism in American and world history from stories and folklore.
"
CA-HSS-2016,HSS-K.1.3,0,"Learning and Working Now and Long Ago, Grade K",HSS-K.1,HSS-K.1 Students understand that being a good citizen involves acting in certain ways.,Know beliefs and related behaviors of characters in stories from times past and understand the consequences of the characters’ actions.,https://www2.cde.ca.gov/cacs/history,,"Standard Identifier: HSS-K.1.3
Grade: K
Course: Learning and Working Now and Long Ago, Grade K

Overarching Standard:
HSS-K.1 Students understand that being a good citizen involves acting in certain ways.

Standard:
Know beliefs and related behaviors of characters in stories from times past and understand the consequences of the characters’ actions.
"
CA-HSS-2016,HSS-K.2,0,"Learning and Working Now and Long Ago, Grade K",,,"Students recognize national and state symbols and icons such as the national and state flags, the bald eagle, and the Statue of Liberty.",https://www2.cde.ca.gov/cacs/history,,"Standard Identifier: HSS-K.2
Grade: K
Course: Learning and Working Now and Long Ago, Grade K

Standard:
Students recognize national and state symbols and icons such as the national and state flags, the bald eagle, and the Statue of Liberty.
"
CA-HSS-2016,HSS-K.3,0,"Learning and Working Now and Long Ago, Grade K",,,"Students match simple descriptions of work that people do and the names of related jobs at the school, in the local community, and from historical accounts.",https://www2.cde.ca.gov/cacs/history,,"Standard Identifier: HSS-K.3
Grade: K
Course: Learning and Working Now and Long Ago, Grade K

Standard:
Students match simple descriptions of work that people do and the names of related jobs at the school, in the local community, and from historical accounts.
"
CA-HSS-2016,HSS-K.4,0,"Learning and Working Now and Long Ago, Grade K",,,"Students compare and contrast the locations of people, places, and environments and describe their characteristics.",https://www2.cde.ca.gov/cacs/history,,"Standard Identifier: HSS-K.4
Grade: K
Course: Learning and Working Now and Long Ago, Grade K

Standard:
Students compare and contrast the locations of people, places, and environments and describe their characteristics.
"
CA-HSS-2016,HSS-K.4.1,0,"Learning and Working Now and Long Ago, Grade K",HSS-K.4,"HSS-K.4 Students compare and contrast the locations of people, places, and environments and describe their characteristics.","Determine the relative locations of objects using the terms near/far, left/right, and behind/in front.",https://www2.cde.ca.gov/cacs/history,,"Standard Identifier: HSS-K.4.1
Grade: K
Course: Learning and Working Now and Long Ago, Grade K

Overarching Standard:
HSS-K.4 Students compare and contrast the locations of people, places, and environments and describe their characteristics.

Standard:
Determine the relative locations of objects using the terms near/far, left/right, and behind/in front.
"
CA-HSS-2016,HSS-K.4.2,0,"Learning and Working Now and Long Ago, Grade K",HSS-K.4,"HSS-K.4 Students compare and contrast the locations of people, places, and environments and describe their characteristics.",Distinguish between land and water on maps and globes and locate general areas referenced in historical legends and stories.,https://www2.cde.ca.gov/cacs/history,,"Standard Identifier: HSS-K.4.2
Grade: K
Course: Learning and Working Now and Long Ago, Grade K

Overarching Standard:
HSS-K.4 Students compare and contrast the locations of people, places, and environments and describe their characteristics.

Standard:
Distinguish between land and water on maps and globes and locate general areas referenced in historical legends and stories.
"
CA-HSS-2016,HSS-K.4.3,0,"Learning and Working Now and Long Ago, Grade K",HSS-K.4,"HSS-K.4 Students compare and contrast the locations of people, places, and environments and describe their characteristics.","Identify traffic symbols and map symbols (e.g., those for land, water, roads, cities).",https://www2.cde.ca.gov/cacs/history,,"Standard Identifier: HSS-K.4.3
Grade: K
Course: Learning and Working Now and Long Ago, Grade K

Overarching Standard:
HSS-K.4 Students compare and contrast the locations of people, places, and environments and describe their characteristics.

Standard:
Identify traffic symbols and map symbols (e.g., those for land, water, roads, cities).
"
CA-HSS-2016,HSS-K.4.4,0,"Learning and Working Now and Long Ago, Grade K",HSS-K.4,"HSS-K.4 Students compare and contrast the locations of people, places, and environments and describe their characteristics.","Construct maps and models of neighborhoods, incorporating such structures as police and fire stations, airports, banks, hospitals, supermarkets, harbors, schools, homes, places of worship, and transportation lines.",https://www2.cde.ca.gov/cacs/history,,"Standard Identifier: HSS-K.4.4
Grade: K
Course: Learning and Working Now and Long Ago, Grade K

Overarching Standard:
HSS-K.4 Students compare and contrast the locations of people, places, and environments and describe their characteristics.

Standard:
Construct maps and models of neighborhoods, incorporating such structures as police and fire stations, airports, banks, hospitals, supermarkets, harbors, schools, homes, places of worship, and transportation lines.
"
CA-HSS-2016,HSS-K.4.5,0,"Learning and Working Now and Long Ago, Grade K",HSS-K.4,"HSS-K.4 Students compare and contrast the locations of people, places, and environments and describe their characteristics.","Demonstrate familiarity with the school’s layout, environs, and the jobs people do there.",https://www2.cde.ca.gov/cacs/history,,"Standard Identifier: HSS-K.4.5
Grade: K
Course: Learning and Working Now and Long Ago, Grade K

Overarching Standard:
HSS-K.4 Students compare and contrast the locations of people, places, and environments and describe their characteristics.

Standard:
Demonstrate familiarity with the school’s layout, environs, and the jobs people do there.
"
CA-HSS-2016,HSS-K.5,0,"Learning and Working Now and Long Ago, Grade K",,,"Students put events in temporal order using a calendar, placing days, weeks, and months in proper order.",https://www2.cde.ca.gov/cacs/history,,"Standard Identifier: HSS-K.5
Grade: K
Course: Learning and Working Now and Long Ago, Grade K

Standard:
Students put events in temporal order using a calendar, placing days, weeks, and months in proper order.
"
CA-HSS-2016,HSS-K.6,0,"Learning and Working Now and Long Ago, Grade K",,,"Students understand that history relates to events, people, and places of other times.",https://www2.cde.ca.gov/cacs/history,,"Standard Identifier: HSS-K.6
Grade: K
Course: Learning and Working Now and Long Ago, Grade K

Standard:
Students understand that history relates to events, people, and places of other times.
"
CA-HSS-2016,HSS-K.6.1,0,"Learning and Working Now and Long Ago, Grade K",HSS-K.6,"HSS-K.6 Students understand that history relates to events, people, and places of other times.","Identify the purposes of, and the people and events honored in, commemorative holidays, including the human struggles that were the basis for the events (e.g., Thanksgiving, Independence Day, Washington’s and Lincoln’s Birthdays, Martin Luther King Jr. Day, Memorial Day, Labor Day, Columbus Day, Veterans Day).",https://www2.cde.ca.gov/cacs/history,,"Standard Identifier: HSS-K.6.1
Grade: K
Course: Learning and Working Now and Long Ago, Grade K

Overarching Standard:
HSS-K.6 Students understand that history relates to events, people, and places of other times.

Standard:
Identify the purposes of, and the people and events honored in, commemorative holidays, including the human struggles that were the basis for the events (e.g., Thanksgiving, Independence Day, Washington’s and Lincoln’s Birthdays, Martin Luther King Jr. Day, Memorial Day, Labor Day, Columbus Day, Veterans Day).
"
CA-HSS-2016,HSS-K.6.2,0,"Learning and Working Now and Long Ago, Grade K",HSS-K.6,"HSS-K.6 Students understand that history relates to events, people, and places of other times.","Know the triumphs in American legends and historical accounts through the stories of such people as Pocahontas, George Washington, Booker T. Washington, Daniel Boone, and Benjamin Franklin.",https://www2.cde.ca.gov/cacs/history,,"Standard Identifier: HSS-K.6.2
Grade: K
Course: Learning and Working Now and Long Ago, Grade K

Overarching Standard:
HSS-K.6 Students understand that history relates to events, people, and places of other times.

Standard:
Know the triumphs in American legends and historical accounts through the stories of such people as Pocahontas, George Washington, Booker T. Washington, Daniel Boone, and Benjamin Franklin.
"
CA-HSS-2016,HSS-K.6.3,0,"Learning and Working Now and Long Ago, Grade K",HSS-K.6,"HSS-K.6 Students understand that history relates to events, people, and places of other times.","Understand how people lived in earlier times and how their lives would be different today (e.g., getting water from a well, growing food, making clothing, having fun, forming organizations, living by rules and laws).",https://www2.cde.ca.gov/cacs/history,,"Standard Identifier: HSS-K.6.3
Grade: K
Course: Learning and Working Now and Long Ago, Grade K

Overarching Standard:
HSS-K.6 Students understand that history relates to events, people, and places of other times.

Standard:
Understand how people lived in earlier times and how their lives would be different today (e.g., getting water from a well, growing food, making clothing, having fun, forming organizations, living by rules and laws).
"
CA-HSS-2016,HSS-1.1,1,"A Child’s Place in Time and Space, Grade 1",,,Students describe the rights and individual responsibilities of citizenship.,https://www2.cde.ca.gov/cacs/history,,"Standard Identifier: HSS-1.1
Grade: 1
Course: A Child’s Place in Time and Space, Grade 1

Standard:
Students describe the rights and individual responsibilities of citizenship.
"
CA-HSS-2016,HSS-1.1.1,1,"A Child’s Place in Time and Space, Grade 1",HSS-1.1,HSS-1.1 Students describe the rights and individual responsibilities of citizenship.,"Understand the rule-making process in a direct democracy (everyone votes on the rules) and in a representative democracy (an elected group of people make the rules), giving examples of both systems in their classroom, school, and community.",https://www2.cde.ca.gov/cacs/history,,"Standard Identifier: HSS-1.1.1
Grade: 1
Course: A Child’s Place in Time and Space, Grade 1

Overarching Standard:
HSS-1.1 Students describe the rights and individual responsibilities of citizenship.

Standard:
Understand the rule-making process in a direct democracy (everyone votes on the rules) and in a representative democracy (an elected group of people make the rules), giving examples of both systems in their classroom, school, and community.
"
CA-HSS-2016,HSS-1.1.2,1,"A Child’s Place in Time and Space, Grade 1",HSS-1.1,HSS-1.1 Students describe the rights and individual responsibilities of citizenship.,"Understand the elements of fair play and good sportsmanship, respect for the rights and opinions of others, and respect for rules by which we live, including the meaning of the “Golden Rule.”",https://www2.cde.ca.gov/cacs/history,,"Standard Identifier: HSS-1.1.2
Grade: 1
Course: A Child’s Place in Time and Space, Grade 1

Overarching Standard:
HSS-1.1 Students describe the rights and individual responsibilities of citizenship.

Standard:
Understand the elements of fair play and good sportsmanship, respect for the rights and opinions of others, and respect for rules by which we live, including the meaning of the “Golden Rule.”
"
CA-HSS-2016,HSS-1.2,1,"A Child’s Place in Time and Space, Grade 1",,,Students compare and contrast the absolute and relative locations of places and people and describe the physical and/or human characteristics of places.,https://www2.cde.ca.gov/cacs/history,,"Standard Identifier: HSS-1.2
Grade: 1
Course: A Child’s Place in Time and Space, Grade 1

Standard:
Students compare and contrast the absolute and relative locations of places and people and describe the physical and/or human characteristics of places.
"
CA-HSS-2016,HSS-1.2.1,1,"A Child’s Place in Time and Space, Grade 1",HSS-1.2,HSS-1.2 Students compare and contrast the absolute and relative locations of places and people and describe the physical and/or human characteristics of places.,"Locate on maps and globes their local community, California, the United States, the seven continents, and the four oceans.",https://www2.cde.ca.gov/cacs/history,,"Standard Identifier: HSS-1.2.1
Grade: 1
Course: A Child’s Place in Time and Space, Grade 1

Overarching Standard:
HSS-1.2 Students compare and contrast the absolute and relative locations of places and people and describe the physical and/or human characteristics of places.

Standard:
Locate on maps and globes their local community, California, the United States, the seven continents, and the four oceans.
"
CA-HSS-2016,HSS-1.2.2,1,"A Child’s Place in Time and Space, Grade 1",HSS-1.2,HSS-1.2 Students compare and contrast the absolute and relative locations of places and people and describe the physical and/or human characteristics of places.,Compare the information that can be derived from a three-dimensional model to the information that can be derived from a picture of the same location.,https://www2.cde.ca.gov/cacs/history,,"Standard Identifier: HSS-1.2.2
Grade: 1
Course: A Child’s Place in Time and Space, Grade 1

Overarching Standard:
HSS-1.2 Students compare and contrast the absolute and relative locations of places and people and describe the physical and/or human characteristics of places.

Standard:
Compare the information that can be derived from a three-dimensional model to the information that can be derived from a picture of the same location.
"
CA-HSS-2016,HSS-1.2.3,1,"A Child’s Place in Time and Space, Grade 1",HSS-1.2,HSS-1.2 Students compare and contrast the absolute and relative locations of places and people and describe the physical and/or human characteristics of places.,"Construct a simple map, using cardinal directions and map symbols.",https://www2.cde.ca.gov/cacs/history,,"Standard Identifier: HSS-1.2.3
Grade: 1
Course: A Child’s Place in Time and Space, Grade 1

Overarching Standard:
HSS-1.2 Students compare and contrast the absolute and relative locations of places and people and describe the physical and/or human characteristics of places.

Standard:
Construct a simple map, using cardinal directions and map symbols.
"
CA-HSS-2016,HSS-1.2.4,1,"A Child’s Place in Time and Space, Grade 1",HSS-1.2,HSS-1.2 Students compare and contrast the absolute and relative locations of places and people and describe the physical and/or human characteristics of places.,"Describe how location, weather, and physical environment affect the way people live, including the effects on their food, clothing, shelter, transportation, and recreation.",https://www2.cde.ca.gov/cacs/history,,"Standard Identifier: HSS-1.2.4
Grade: 1
Course: A Child’s Place in Time and Space, Grade 1

Overarching Standard:
HSS-1.2 Students compare and contrast the absolute and relative locations of places and people and describe the physical and/or human characteristics of places.

Standard:
Describe how location, weather, and physical environment affect the way people live, including the effects on their food, clothing, shelter, transportation, and recreation.
"
CA-HSS-2016,HSS-1.3,1,"A Child’s Place in Time and Space, Grade 1",,,"Students know and understand the symbols, icons, and traditions of the United States that provide continuity and a sense of community across time.",https://www2.cde.ca.gov/cacs/history,,"Standard Identifier: HSS-1.3
Grade: 1
Course: A Child’s Place in Time and Space, Grade 1

Standard:
Students know and understand the symbols, icons, and traditions of the United States that provide continuity and a sense of community across time.
"
CA-HSS-2016,HSS-1.3.1,1,"A Child’s Place in Time and Space, Grade 1",HSS-1.3,"HSS-1.3 Students know and understand the symbols, icons, and traditions of the United States that provide continuity and a sense of community across time.","Recite the Pledge of Allegiance and sing songs that express American ideals (e.g., “My Country ’Tis of Thee”).",https://www2.cde.ca.gov/cacs/history,,"Standard Identifier: HSS-1.3.1
Grade: 1
Course: A Child’s Place in Time and Space, Grade 1

Overarching Standard:
HSS-1.3 Students know and understand the symbols, icons, and traditions of the United States that provide continuity and a sense of community across time.

Standard:
Recite the Pledge of Allegiance and sing songs that express American ideals (e.g., “My Country ’Tis of Thee”).
"
CA-HSS-2016,HSS-1.3.2,1,"A Child’s Place in Time and Space, Grade 1",HSS-1.3,"HSS-1.3 Students know and understand the symbols, icons, and traditions of the United States that provide continuity and a sense of community across time.",Understand the significance of our national holidays and the heroism and achievements of the people associated with them.,https://www2.cde.ca.gov/cacs/history,,"Standard Identifier: HSS-1.3.2
Grade: 1
Course: A Child’s Place in Time and Space, Grade 1

Overarching Standard:
HSS-1.3 Students know and understand the symbols, icons, and traditions of the United States that provide continuity and a sense of community across time.

Standard:
Understand the significance of our national holidays and the heroism and achievements of the people associated with them.
"
CA-HSS-2016,HSS-1.3.3,1,"A Child’s Place in Time and Space, Grade 1",HSS-1.3,"HSS-1.3 Students know and understand the symbols, icons, and traditions of the United States that provide continuity and a sense of community across time.","Identify American symbols, landmarks, and essential documents, such as the flag, bald eagle, Statue of Liberty, U.S. Constitution, and Declaration of Independence, and know the people and events associated with them.",https://www2.cde.ca.gov/cacs/history,,"Standard Identifier: HSS-1.3.3
Grade: 1
Course: A Child’s Place in Time and Space, Grade 1

Overarching Standard:
HSS-1.3 Students know and understand the symbols, icons, and traditions of the United States that provide continuity and a sense of community across time.

Standard:
Identify American symbols, landmarks, and essential documents, such as the flag, bald eagle, Statue of Liberty, U.S. Constitution, and Declaration of Independence, and know the people and events associated with them.
"
CA-HSS-2016,HSS-1.4,1,"A Child’s Place in Time and Space, Grade 1",,,"Students compare and contrast everyday life in different times and places around the world and recognize that some aspects of people, places, and things change over time while others stay the same.",https://www2.cde.ca.gov/cacs/history,,"Standard Identifier: HSS-1.4
Grade: 1
Course: A Child’s Place in Time and Space, Grade 1

Standard:
Students compare and contrast everyday life in different times and places around the world and recognize that some aspects of people, places, and things change over time while others stay the same.
"
CA-HSS-2016,HSS-1.4.1,1,"A Child’s Place in Time and Space, Grade 1",HSS-1.4,"HSS-1.4 Students compare and contrast everyday life in different times and places around the world and recognize that some aspects of people, places, and things change over time while others stay the same.",Examine the structure of schools and communities in the past.,https://www2.cde.ca.gov/cacs/history,,"Standard Identifier: HSS-1.4.1
Grade: 1
Course: A Child’s Place in Time and Space, Grade 1

Overarching Standard:
HSS-1.4 Students compare and contrast everyday life in different times and places around the world and recognize that some aspects of people, places, and things change over time while others stay the same.

Standard:
Examine the structure of schools and communities in the past.
"
CA-HSS-2016,HSS-1.4.2,1,"A Child’s Place in Time and Space, Grade 1",HSS-1.4,"HSS-1.4 Students compare and contrast everyday life in different times and places around the world and recognize that some aspects of people, places, and things change over time while others stay the same.",Study transportation methods of earlier days.,https://www2.cde.ca.gov/cacs/history,,"Standard Identifier: HSS-1.4.2
Grade: 1
Course: A Child’s Place in Time and Space, Grade 1

Overarching Standard:
HSS-1.4 Students compare and contrast everyday life in different times and places around the world and recognize that some aspects of people, places, and things change over time while others stay the same.

Standard:
Study transportation methods of earlier days.
"
CA-HSS-2016,HSS-1.4.3,1,"A Child’s Place in Time and Space, Grade 1",HSS-1.4,"HSS-1.4 Students compare and contrast everyday life in different times and places around the world and recognize that some aspects of people, places, and things change over time while others stay the same.","Recognize similarities and differences of earlier generations in such areas as work (inside and outside the home), dress, manners, stories, games, and festivals, drawing from biographies, oral histories, and folklore.",https://www2.cde.ca.gov/cacs/history,,"Standard Identifier: HSS-1.4.3
Grade: 1
Course: A Child’s Place in Time and Space, Grade 1

Overarching Standard:
HSS-1.4 Students compare and contrast everyday life in different times and places around the world and recognize that some aspects of people, places, and things change over time while others stay the same.

Standard:
Recognize similarities and differences of earlier generations in such areas as work (inside and outside the home), dress, manners, stories, games, and festivals, drawing from biographies, oral histories, and folklore.
"
CA-HSS-2016,HSS-1.5,1,"A Child’s Place in Time and Space, Grade 1",,,Students describe the human characteristics of familiar places and the varied backgrounds of American citizens and residents in those places.,https://www2.cde.ca.gov/cacs/history,,"Standard Identifier: HSS-1.5
Grade: 1
Course: A Child’s Place in Time and Space, Grade 1

Standard:
Students describe the human characteristics of familiar places and the varied backgrounds of American citizens and residents in those places.
"
CA-HSS-2016,HSS-1.5.1,1,"A Child’s Place in Time and Space, Grade 1",HSS-1.5,HSS-1.5 Students describe the human characteristics of familiar places and the varied backgrounds of American citizens and residents in those places.,"Recognize the ways in which they are all part of the same community, sharing principles, goals, and traditions despite their varied ancestry; the forms of diversity in their school and community; and the benefits and challenges of a diverse population.",https://www2.cde.ca.gov/cacs/history,,"Standard Identifier: HSS-1.5.1
Grade: 1
Course: A Child’s Place in Time and Space, Grade 1

Overarching Standard:
HSS-1.5 Students describe the human characteristics of familiar places and the varied backgrounds of American citizens and residents in those places.

Standard:
Recognize the ways in which they are all part of the same community, sharing principles, goals, and traditions despite their varied ancestry; the forms of diversity in their school and community; and the benefits and challenges of a diverse population.
"
CA-HSS-2016,HSS-1.5.2,1,"A Child’s Place in Time and Space, Grade 1",HSS-1.5,HSS-1.5 Students describe the human characteristics of familiar places and the varied backgrounds of American citizens and residents in those places.,Understand the ways in which American Indians and immigrants have helped define Californian and American culture.,https://www2.cde.ca.gov/cacs/history,,"Standard Identifier: HSS-1.5.2
Grade: 1
Course: A Child’s Place in Time and Space, Grade 1

Overarching Standard:
HSS-1.5 Students describe the human characteristics of familiar places and the varied backgrounds of American citizens and residents in those places.

Standard:
Understand the ways in which American Indians and immigrants have helped define Californian and American culture.
"
CA-HSS-2016,HSS-1.5.3,1,"A Child’s Place in Time and Space, Grade 1",HSS-1.5,HSS-1.5 Students describe the human characteristics of familiar places and the varied backgrounds of American citizens and residents in those places.,"Compare the beliefs, customs, ceremonies, traditions, and social practices of the varied cultures, drawing from folklore.",https://www2.cde.ca.gov/cacs/history,,"Standard Identifier: HSS-1.5.3
Grade: 1
Course: A Child’s Place in Time and Space, Grade 1

Overarching Standard:
HSS-1.5 Students describe the human characteristics of familiar places and the varied backgrounds of American citizens and residents in those places.

Standard:
Compare the beliefs, customs, ceremonies, traditions, and social practices of the varied cultures, drawing from folklore.
"
CA-HSS-2016,HSS-1.6,1,"A Child’s Place in Time and Space, Grade 1",,,Students understand basic economic concepts and the role of individual choice in a free-market economy.,https://www2.cde.ca.gov/cacs/history,,"Standard Identifier: HSS-1.6
Grade: 1
Course: A Child’s Place in Time and Space, Grade 1

Standard:
Students understand basic economic concepts and the role of individual choice in a free-market economy.
"
CA-HSS-2016,HSS-1.6.1,1,"A Child’s Place in Time and Space, Grade 1",HSS-1.6,HSS-1.6 Students understand basic economic concepts and the role of individual choice in a free-market economy.,Understand the concept of exchange and the use of money to purchase goods and services.,https://www2.cde.ca.gov/cacs/history,,"Standard Identifier: HSS-1.6.1
Grade: 1
Course: A Child’s Place in Time and Space, Grade 1

Overarching Standard:
HSS-1.6 Students understand basic economic concepts and the role of individual choice in a free-market economy.

Standard:
Understand the concept of exchange and the use of money to purchase goods and services.
"
CA-HSS-2016,HSS-1.6.2,1,"A Child’s Place in Time and Space, Grade 1",HSS-1.6,HSS-1.6 Students understand basic economic concepts and the role of individual choice in a free-market economy.,"Identify the specialized work that people do to manufacture, transport, and market goods and services and the contributions of those who work in the home.",https://www2.cde.ca.gov/cacs/history,,"Standard Identifier: HSS-1.6.2
Grade: 1
Course: A Child’s Place in Time and Space, Grade 1

Overarching Standard:
HSS-1.6 Students understand basic economic concepts and the role of individual choice in a free-market economy.

Standard:
Identify the specialized work that people do to manufacture, transport, and market goods and services and the contributions of those who work in the home.
"
CA-HSS-2016,HSS-2.1,2,"People Who Make a Difference, Grade 2",,,Students differentiate between things that happened long ago and things that happened yesterday.,https://www2.cde.ca.gov/cacs/history,,"Standard Identifier: HSS-2.1
Grade: 2
Course: People Who Make a Difference, Grade 2

Standard:
Students differentiate between things that happened long ago and things that happened yesterday.
"
CA-HSS-2016,HSS-2.1.1,2,"People Who Make a Difference, Grade 2",HSS-2.1,HSS-2.1 Students differentiate between things that happened long ago and things that happened yesterday.,"Trace the history of a family through the use of primary and secondary sources, including artifacts, photographs, interviews, and documents.",https://www2.cde.ca.gov/cacs/history,,"Standard Identifier: HSS-2.1.1
Grade: 2
Course: People Who Make a Difference, Grade 2

Overarching Standard:
HSS-2.1 Students differentiate between things that happened long ago and things that happened yesterday.

Standard:
Trace the history of a family through the use of primary and secondary sources, including artifacts, photographs, interviews, and documents.
"
CA-HSS-2016,HSS-2.1.2,2,"People Who Make a Difference, Grade 2",HSS-2.1,HSS-2.1 Students differentiate between things that happened long ago and things that happened yesterday.,"Compare and contrast their daily lives with those of their parents, grandparents, and/or guardians.",https://www2.cde.ca.gov/cacs/history,,"Standard Identifier: HSS-2.1.2
Grade: 2
Course: People Who Make a Difference, Grade 2

Overarching Standard:
HSS-2.1 Students differentiate between things that happened long ago and things that happened yesterday.

Standard:
Compare and contrast their daily lives with those of their parents, grandparents, and/or guardians.
"
CA-HSS-2016,HSS-2.1.3,2,"People Who Make a Difference, Grade 2",HSS-2.1,HSS-2.1 Students differentiate between things that happened long ago and things that happened yesterday.,"Place important events in their lives in the order in which they occurred (e.g., on a time line or storyboard).",https://www2.cde.ca.gov/cacs/history,,"Standard Identifier: HSS-2.1.3
Grade: 2
Course: People Who Make a Difference, Grade 2

Overarching Standard:
HSS-2.1 Students differentiate between things that happened long ago and things that happened yesterday.

Standard:
Place important events in their lives in the order in which they occurred (e.g., on a time line or storyboard).
"
CA-HSS-2016,HSS-2.2,2,"People Who Make a Difference, Grade 2",,,"Students demonstrate map skills by describing the absolute and relative locations of people, places, and environments.",https://www2.cde.ca.gov/cacs/history,,"Standard Identifier: HSS-2.2
Grade: 2
Course: People Who Make a Difference, Grade 2

Standard:
Students demonstrate map skills by describing the absolute and relative locations of people, places, and environments.
"
CA-HSS-2016,HSS-2.2.1,2,"People Who Make a Difference, Grade 2",HSS-2.2,"HSS-2.2 Students demonstrate map skills by describing the absolute and relative locations of people, places, and environments.","Locate on a simple letter-number grid system the specific locations and geographic features in their neighborhood or community (e.g., map of the classroom, the school).",https://www2.cde.ca.gov/cacs/history,,"Standard Identifier: HSS-2.2.1
Grade: 2
Course: People Who Make a Difference, Grade 2

Overarching Standard:
HSS-2.2 Students demonstrate map skills by describing the absolute and relative locations of people, places, and environments.

Standard:
Locate on a simple letter-number grid system the specific locations and geographic features in their neighborhood or community (e.g., map of the classroom, the school).
"
CA-HSS-2016,HSS-2.2.2,2,"People Who Make a Difference, Grade 2",HSS-2.2,"HSS-2.2 Students demonstrate map skills by describing the absolute and relative locations of people, places, and environments.","Label from memory a simple map of the North American continent, including the countries, oceans, Great Lakes, major rivers, and mountain ranges. Identify the essential map elements: title, legend, directional indicator, scale, and date.",https://www2.cde.ca.gov/cacs/history,,"Standard Identifier: HSS-2.2.2
Grade: 2
Course: People Who Make a Difference, Grade 2

Overarching Standard:
HSS-2.2 Students demonstrate map skills by describing the absolute and relative locations of people, places, and environments.

Standard:
Label from memory a simple map of the North American continent, including the countries, oceans, Great Lakes, major rivers, and mountain ranges. Identify the essential map elements: title, legend, directional indicator, scale, and date.
"
CA-HSS-2016,HSS-2.2.3,2,"People Who Make a Difference, Grade 2",HSS-2.2,"HSS-2.2 Students demonstrate map skills by describing the absolute and relative locations of people, places, and environments.","Locate on a map where their ancestors live(d), telling when the family moved to the local community and how and why they made the trip.",https://www2.cde.ca.gov/cacs/history,,"Standard Identifier: HSS-2.2.3
Grade: 2
Course: People Who Make a Difference, Grade 2

Overarching Standard:
HSS-2.2 Students demonstrate map skills by describing the absolute and relative locations of people, places, and environments.

Standard:
Locate on a map where their ancestors live(d), telling when the family moved to the local community and how and why they made the trip.
"
CA-HSS-2016,HSS-2.2.4,2,"People Who Make a Difference, Grade 2",HSS-2.2,"HSS-2.2 Students demonstrate map skills by describing the absolute and relative locations of people, places, and environments.","Compare and contrast basic land use in urban, suburban, and rural environments in California.",https://www2.cde.ca.gov/cacs/history,,"Standard Identifier: HSS-2.2.4
Grade: 2
Course: People Who Make a Difference, Grade 2

Overarching Standard:
HSS-2.2 Students demonstrate map skills by describing the absolute and relative locations of people, places, and environments.

Standard:
Compare and contrast basic land use in urban, suburban, and rural environments in California.
"
CA-HSS-2016,HSS-2.3,2,"People Who Make a Difference, Grade 2",,,Students explain governmental institutions and practices in the United States and other countries.,https://www2.cde.ca.gov/cacs/history,,"Standard Identifier: HSS-2.3
Grade: 2
Course: People Who Make a Difference, Grade 2

Standard:
Students explain governmental institutions and practices in the United States and other countries.
"
CA-HSS-2016,HSS-2.3.1,2,"People Who Make a Difference, Grade 2",HSS-2.3,HSS-2.3 Students explain governmental institutions and practices in the United States and other countries.,"Explain how the United States and other countries make laws, carry out laws, determine whether laws have been violated, and punish wrongdoers.",https://www2.cde.ca.gov/cacs/history,,"Standard Identifier: HSS-2.3.1
Grade: 2
Course: People Who Make a Difference, Grade 2

Overarching Standard:
HSS-2.3 Students explain governmental institutions and practices in the United States and other countries.

Standard:
Explain how the United States and other countries make laws, carry out laws, determine whether laws have been violated, and punish wrongdoers.
"
CA-HSS-2016,HSS-2.3.2,2,"People Who Make a Difference, Grade 2",HSS-2.3,HSS-2.3 Students explain governmental institutions and practices in the United States and other countries.,"Describe the ways in which groups and nations interact with one another to try to resolve problems in such areas as trade, cultural contacts, treaties, diplomacy, and military force.",https://www2.cde.ca.gov/cacs/history,,"Standard Identifier: HSS-2.3.2
Grade: 2
Course: People Who Make a Difference, Grade 2

Overarching Standard:
HSS-2.3 Students explain governmental institutions and practices in the United States and other countries.

Standard:
Describe the ways in which groups and nations interact with one another to try to resolve problems in such areas as trade, cultural contacts, treaties, diplomacy, and military force.
"
CA-HSS-2016,HSS-2.4,2,"People Who Make a Difference, Grade 2",,,Students understand basic economic concepts and their individual roles in the economy and demonstrate basic economic reasoning skills.,https://www2.cde.ca.gov/cacs/history,,"Standard Identifier: HSS-2.4
Grade: 2
Course: People Who Make a Difference, Grade 2

Standard:
Students understand basic economic concepts and their individual roles in the economy and demonstrate basic economic reasoning skills.
"
CA-HSS-2016,HSS-2.4.1,2,"People Who Make a Difference, Grade 2",HSS-2.4,HSS-2.4 Students understand basic economic concepts and their individual roles in the economy and demonstrate basic economic reasoning skills.,"Describe food production and consumption long ago and today, including the roles of farmers, processors, distributors, weather, and land and water resources.",https://www2.cde.ca.gov/cacs/history,,"Standard Identifier: HSS-2.4.1
Grade: 2
Course: People Who Make a Difference, Grade 2

Overarching Standard:
HSS-2.4 Students understand basic economic concepts and their individual roles in the economy and demonstrate basic economic reasoning skills.

Standard:
Describe food production and consumption long ago and today, including the roles of farmers, processors, distributors, weather, and land and water resources.
"
CA-HSS-2016,HSS-2.4.2,2,"People Who Make a Difference, Grade 2",HSS-2.4,HSS-2.4 Students understand basic economic concepts and their individual roles in the economy and demonstrate basic economic reasoning skills.,Understand the role and interdependence of buyers (consumers) and sellers (producers) of goods and services.,https://www2.cde.ca.gov/cacs/history,,"Standard Identifier: HSS-2.4.2
Grade: 2
Course: People Who Make a Difference, Grade 2

Overarching Standard:
HSS-2.4 Students understand basic economic concepts and their individual roles in the economy and demonstrate basic economic reasoning skills.

Standard:
Understand the role and interdependence of buyers (consumers) and sellers (producers) of goods and services.
"
CA-HSS-2016,HSS-2.4.3,2,"People Who Make a Difference, Grade 2",HSS-2.4,HSS-2.4 Students understand basic economic concepts and their individual roles in the economy and demonstrate basic economic reasoning skills.,Understand how limits on resources affect production and consumption (what to produce and what to consume).,https://www2.cde.ca.gov/cacs/history,,"Standard Identifier: HSS-2.4.3
Grade: 2
Course: People Who Make a Difference, Grade 2

Overarching Standard:
HSS-2.4 Students understand basic economic concepts and their individual roles in the economy and demonstrate basic economic reasoning skills.

Standard:
Understand how limits on resources affect production and consumption (what to produce and what to consume).
"
CA-HSS-2016,HSS-2.5,2,"People Who Make a Difference, Grade 2",,,"Students understand the importance of individual action and character and explain how heroes from long ago and the recent past have made a difference in others’ lives (e.g., from biographies of Abraham Lincoln, Louis Pasteur, Sitting Bull, George Washington Carver, Marie Curie, Albert Einstein, Golda Meir, Jackie Robinson, Sally Ride).",https://www2.cde.ca.gov/cacs/history,,"Standard Identifier: HSS-2.5
Grade: 2
Course: People Who Make a Difference, Grade 2

Standard:
Students understand the importance of individual action and character and explain how heroes from long ago and the recent past have made a difference in others’ lives (e.g., from biographies of Abraham Lincoln, Louis Pasteur, Sitting Bull, George Washington Carver, Marie Curie, Albert Einstein, Golda Meir, Jackie Robinson, Sally Ride).
"
CA-HSS-2016,HSS-3.1,3,"Continuity and Change, Grade 3",,,"Students describe the physical and human geography and use maps, tables, graphs, photographs, and charts to organize information about people, places, and environments in a spatial context.",https://www2.cde.ca.gov/cacs/history,,"Standard Identifier: HSS-3.1
Grade: 3
Course: Continuity and Change, Grade 3

Standard:
Students describe the physical and human geography and use maps, tables, graphs, photographs, and charts to organize information about people, places, and environments in a spatial context.
"
CA-HSS-2016,HSS-3.1.1,3,"Continuity and Change, Grade 3",HSS-3.1,"HSS-3.1 Students describe the physical and human geography and use maps, tables, graphs, photographs, and charts to organize information about people, places, and environments in a spatial context.","Identify geographical features in their local region (e.g., deserts, mountains, valleys, hills, coastal areas, oceans, lakes).",https://www2.cde.ca.gov/cacs/history,,"Standard Identifier: HSS-3.1.1
Grade: 3
Course: Continuity and Change, Grade 3

Overarching Standard:
HSS-3.1 Students describe the physical and human geography and use maps, tables, graphs, photographs, and charts to organize information about people, places, and environments in a spatial context.

Standard:
Identify geographical features in their local region (e.g., deserts, mountains, valleys, hills, coastal areas, oceans, lakes).
"
CA-HSS-2016,HSS-3.1.2,3,"Continuity and Change, Grade 3",HSS-3.1,"HSS-3.1 Students describe the physical and human geography and use maps, tables, graphs, photographs, and charts to organize information about people, places, and environments in a spatial context.","Trace the ways in which people have used the resources of the local region and modified the physical environment (e.g., a dam constructed upstream changed a river or coastline).",https://www2.cde.ca.gov/cacs/history,,"Standard Identifier: HSS-3.1.2
Grade: 3
Course: Continuity and Change, Grade 3

Overarching Standard:
HSS-3.1 Students describe the physical and human geography and use maps, tables, graphs, photographs, and charts to organize information about people, places, and environments in a spatial context.

Standard:
Trace the ways in which people have used the resources of the local region and modified the physical environment (e.g., a dam constructed upstream changed a river or coastline).
"
CA-HSS-2016,HSS-3.2,3,"Continuity and Change, Grade 3",,,Students describe the American Indian nations in their local region long ago and in the recent past.,https://www2.cde.ca.gov/cacs/history,,"Standard Identifier: HSS-3.2
Grade: 3
Course: Continuity and Change, Grade 3

Standard:
Students describe the American Indian nations in their local region long ago and in the recent past.
"
CA-HSS-2016,HSS-3.2.1,3,"Continuity and Change, Grade 3",HSS-3.2,HSS-3.2 Students describe the American Indian nations in their local region long ago and in the recent past.,"Describe national identities, religious beliefs, customs, and various folklore traditions.",https://www2.cde.ca.gov/cacs/history,,"Standard Identifier: HSS-3.2.1
Grade: 3
Course: Continuity and Change, Grade 3

Overarching Standard:
HSS-3.2 Students describe the American Indian nations in their local region long ago and in the recent past.

Standard:
Describe national identities, religious beliefs, customs, and various folklore traditions.
"
CA-HSS-2016,HSS-3.2.2,3,"Continuity and Change, Grade 3",HSS-3.2,HSS-3.2 Students describe the American Indian nations in their local region long ago and in the recent past.,"Discuss the ways in which physical geography, including climate, influenced how the local Indian nations adapted to their natural environment (e.g., how they obtained food, clothing, tools).",https://www2.cde.ca.gov/cacs/history,,"Standard Identifier: HSS-3.2.2
Grade: 3
Course: Continuity and Change, Grade 3

Overarching Standard:
HSS-3.2 Students describe the American Indian nations in their local region long ago and in the recent past.

Standard:
Discuss the ways in which physical geography, including climate, influenced how the local Indian nations adapted to their natural environment (e.g., how they obtained food, clothing, tools).
"
CA-HSS-2016,HSS-3.2.3,3,"Continuity and Change, Grade 3",HSS-3.2,HSS-3.2 Students describe the American Indian nations in their local region long ago and in the recent past.,"Describe the economy and systems of government, particularly those with tribal constitutions, and their relationship to federal and state governments.",https://www2.cde.ca.gov/cacs/history,,"Standard Identifier: HSS-3.2.3
Grade: 3
Course: Continuity and Change, Grade 3

Overarching Standard:
HSS-3.2 Students describe the American Indian nations in their local region long ago and in the recent past.

Standard:
Describe the economy and systems of government, particularly those with tribal constitutions, and their relationship to federal and state governments.
"
CA-HSS-2016,HSS-3.2.4,3,"Continuity and Change, Grade 3",HSS-3.2,HSS-3.2 Students describe the American Indian nations in their local region long ago and in the recent past.,Discuss the interaction of new settlers with the already established Indians of the region.,https://www2.cde.ca.gov/cacs/history,,"Standard Identifier: HSS-3.2.4
Grade: 3
Course: Continuity and Change, Grade 3

Overarching Standard:
HSS-3.2 Students describe the American Indian nations in their local region long ago and in the recent past.

Standard:
Discuss the interaction of new settlers with the already established Indians of the region.
"
CA-HSS-2016,HSS-3.3,3,"Continuity and Change, Grade 3",,,Students draw from historical and community resources to organize the sequence of local historical events and describe how each period of settlement left its mark on the land.,https://www2.cde.ca.gov/cacs/history,,"Standard Identifier: HSS-3.3
Grade: 3
Course: Continuity and Change, Grade 3

Standard:
Students draw from historical and community resources to organize the sequence of local historical events and describe how each period of settlement left its mark on the land.
"
CA-HSS-2016,HSS-3.3.1,3,"Continuity and Change, Grade 3",HSS-3.3,HSS-3.3 Students draw from historical and community resources to organize the sequence of local historical events and describe how each period of settlement left its mark on the land.,"Research the explorers who visited here, the newcomers who settled here, and the people who continue to come to the region, including their cultural and religious traditions and contributions.",https://www2.cde.ca.gov/cacs/history,,"Standard Identifier: HSS-3.3.1
Grade: 3
Course: Continuity and Change, Grade 3

Overarching Standard:
HSS-3.3 Students draw from historical and community resources to organize the sequence of local historical events and describe how each period of settlement left its mark on the land.

Standard:
Research the explorers who visited here, the newcomers who settled here, and the people who continue to come to the region, including their cultural and religious traditions and contributions.
"
CA-HSS-2016,HSS-3.3.2,3,"Continuity and Change, Grade 3",HSS-3.3,HSS-3.3 Students draw from historical and community resources to organize the sequence of local historical events and describe how each period of settlement left its mark on the land.,"Describe the economies established by settlers and their influence on the present-day economy, with emphasis on the importance of private property and entrepreneurship.",https://www2.cde.ca.gov/cacs/history,,"Standard Identifier: HSS-3.3.2
Grade: 3
Course: Continuity and Change, Grade 3

Overarching Standard:
HSS-3.3 Students draw from historical and community resources to organize the sequence of local historical events and describe how each period of settlement left its mark on the land.

Standard:
Describe the economies established by settlers and their influence on the present-day economy, with emphasis on the importance of private property and entrepreneurship.
"
CA-HSS-2016,HSS-3.3.3,3,"Continuity and Change, Grade 3",HSS-3.3,HSS-3.3 Students draw from historical and community resources to organize the sequence of local historical events and describe how each period of settlement left its mark on the land.,"Trace why their community was established, how individuals and families contributed to its founding and development, and how the community has changed over time, drawing on maps, photographs, oral histories, letters, newspapers, and other primary sources.",https://www2.cde.ca.gov/cacs/history,,"Standard Identifier: HSS-3.3.3
Grade: 3
Course: Continuity and Change, Grade 3

Overarching Standard:
HSS-3.3 Students draw from historical and community resources to organize the sequence of local historical events and describe how each period of settlement left its mark on the land.

Standard:
Trace why their community was established, how individuals and families contributed to its founding and development, and how the community has changed over time, drawing on maps, photographs, oral histories, letters, newspapers, and other primary sources.
"
CA-HSS-2016,HSS-3.4,3,"Continuity and Change, Grade 3",,,Students understand the role of rules and laws in our daily lives and the basic structure of the U.S. government.,https://www2.cde.ca.gov/cacs/history,,"Standard Identifier: HSS-3.4
Grade: 3
Course: Continuity and Change, Grade 3

Standard:
Students understand the role of rules and laws in our daily lives and the basic structure of the U.S. government.
"
CA-HSS-2016,HSS-3.4.1,3,"Continuity and Change, Grade 3",HSS-3.4,HSS-3.4 Students understand the role of rules and laws in our daily lives and the basic structure of the U.S. government.,"Determine the reasons for rules, laws, and the U.S. Constitution; the role of citizenship in the promotion of rules and laws; and the consequences for people who violate rules and laws.",https://www2.cde.ca.gov/cacs/history,,"Standard Identifier: HSS-3.4.1
Grade: 3
Course: Continuity and Change, Grade 3

Overarching Standard:
HSS-3.4 Students understand the role of rules and laws in our daily lives and the basic structure of the U.S. government.

Standard:
Determine the reasons for rules, laws, and the U.S. Constitution; the role of citizenship in the promotion of rules and laws; and the consequences for people who violate rules and laws.
"
CA-HSS-2016,HSS-3.4.2,3,"Continuity and Change, Grade 3",HSS-3.4,HSS-3.4 Students understand the role of rules and laws in our daily lives and the basic structure of the U.S. government.,"Discuss the importance of public virtue and the role of citizens, including how to participate in a classroom, in the community, and in civic life.",https://www2.cde.ca.gov/cacs/history,,"Standard Identifier: HSS-3.4.2
Grade: 3
Course: Continuity and Change, Grade 3

Overarching Standard:
HSS-3.4 Students understand the role of rules and laws in our daily lives and the basic structure of the U.S. government.

Standard:
Discuss the importance of public virtue and the role of citizens, including how to participate in a classroom, in the community, and in civic life.
"
CA-HSS-2016,HSS-3.4.3,3,"Continuity and Change, Grade 3",HSS-3.4,HSS-3.4 Students understand the role of rules and laws in our daily lives and the basic structure of the U.S. government.,"Know the histories of important local and national landmarks, symbols, and essential documents that create a sense of community among citizens and exemplify cherished ideals (e.g., the U.S. flag, the bald eagle, the Statue of Liberty, the U.S. Constitution, the Declaration of Independence, the U.S. Capitol).",https://www2.cde.ca.gov/cacs/history,,"Standard Identifier: HSS-3.4.3
Grade: 3
Course: Continuity and Change, Grade 3

Overarching Standard:
HSS-3.4 Students understand the role of rules and laws in our daily lives and the basic structure of the U.S. government.

Standard:
Know the histories of important local and national landmarks, symbols, and essential documents that create a sense of community among citizens and exemplify cherished ideals (e.g., the U.S. flag, the bald eagle, the Statue of Liberty, the U.S. Constitution, the Declaration of Independence, the U.S. Capitol).
"
CA-HSS-2016,HSS-3.4.4,3,"Continuity and Change, Grade 3",HSS-3.4,HSS-3.4 Students understand the role of rules and laws in our daily lives and the basic structure of the U.S. government.,"Understand the three branches of government, with an emphasis on local government.",https://www2.cde.ca.gov/cacs/history,,"Standard Identifier: HSS-3.4.4
Grade: 3
Course: Continuity and Change, Grade 3

Overarching Standard:
HSS-3.4 Students understand the role of rules and laws in our daily lives and the basic structure of the U.S. government.

Standard:
Understand the three branches of government, with an emphasis on local government.
"
CA-HSS-2016,HSS-3.4.5,3,"Continuity and Change, Grade 3",HSS-3.4,HSS-3.4 Students understand the role of rules and laws in our daily lives and the basic structure of the U.S. government.,"Describe the ways in which California, the other states, and sovereign American Indian tribes contribute to the making of our nation and participate in the federal system of government.",https://www2.cde.ca.gov/cacs/history,,"Standard Identifier: HSS-3.4.5
Grade: 3
Course: Continuity and Change, Grade 3

Overarching Standard:
HSS-3.4 Students understand the role of rules and laws in our daily lives and the basic structure of the U.S. government.

Standard:
Describe the ways in which California, the other states, and sovereign American Indian tribes contribute to the making of our nation and participate in the federal system of government.
"
CA-HSS-2016,HSS-3.4.6,3,"Continuity and Change, Grade 3",HSS-3.4,HSS-3.4 Students understand the role of rules and laws in our daily lives and the basic structure of the U.S. government.,"Describe the lives of American heroes who took risks to secure our freedoms (e.g., Anne Hutchinson, Benjamin Franklin, Thomas Jefferson, Abraham Lincoln, Frederick Douglass, Harriet Tubman, Martin Luther King, Jr.).",https://www2.cde.ca.gov/cacs/history,,"Standard Identifier: HSS-3.4.6
Grade: 3
Course: Continuity and Change, Grade 3

Overarching Standard:
HSS-3.4 Students understand the role of rules and laws in our daily lives and the basic structure of the U.S. government.

Standard:
Describe the lives of American heroes who took risks to secure our freedoms (e.g., Anne Hutchinson, Benjamin Franklin, Thomas Jefferson, Abraham Lincoln, Frederick Douglass, Harriet Tubman, Martin Luther King, Jr.).
"
CA-HSS-2016,HSS-3.5,3,"Continuity and Change, Grade 3",,,Students demonstrate basic economic reasoning skills and an understanding of the economy of the local region.,https://www2.cde.ca.gov/cacs/history,,"Standard Identifier: HSS-3.5
Grade: 3
Course: Continuity and Change, Grade 3

Standard:
Students demonstrate basic economic reasoning skills and an understanding of the economy of the local region.
"
CA-HSS-2016,HSS-3.5.1,3,"Continuity and Change, Grade 3",HSS-3.5,HSS-3.5 Students demonstrate basic economic reasoning skills and an understanding of the economy of the local region.,"Describe the ways in which local producers have used and are using natural resources, human resources, and capital resources to produce goods and services in the past and the present.",https://www2.cde.ca.gov/cacs/history,,"Standard Identifier: HSS-3.5.1
Grade: 3
Course: Continuity and Change, Grade 3

Overarching Standard:
HSS-3.5 Students demonstrate basic economic reasoning skills and an understanding of the economy of the local region.

Standard:
Describe the ways in which local producers have used and are using natural resources, human resources, and capital resources to produce goods and services in the past and the present.
"
CA-HSS-2016,HSS-3.5.2,3,"Continuity and Change, Grade 3",HSS-3.5,HSS-3.5 Students demonstrate basic economic reasoning skills and an understanding of the economy of the local region.,"Understand that some goods are made locally, some elsewhere in the United States, and some abroad.",https://www2.cde.ca.gov/cacs/history,,"Standard Identifier: HSS-3.5.2
Grade: 3
Course: Continuity and Change, Grade 3

Overarching Standard:
HSS-3.5 Students demonstrate basic economic reasoning skills and an understanding of the economy of the local region.

Standard:
Understand that some goods are made locally, some elsewhere in the United States, and some abroad.
"
CA-HSS-2016,HSS-3.5.3,3,"Continuity and Change, Grade 3",HSS-3.5,HSS-3.5 Students demonstrate basic economic reasoning skills and an understanding of the economy of the local region.,Understand that individual economic choices involve trade-offs and the evaluation of benefits and costs.,https://www2.cde.ca.gov/cacs/history,,"Standard Identifier: HSS-3.5.3
Grade: 3
Course: Continuity and Change, Grade 3

Overarching Standard:
HSS-3.5 Students demonstrate basic economic reasoning skills and an understanding of the economy of the local region.

Standard:
Understand that individual economic choices involve trade-offs and the evaluation of benefits and costs.
"
CA-HSS-2016,HSS-3.5.4,3,"Continuity and Change, Grade 3",HSS-3.5,HSS-3.5 Students demonstrate basic economic reasoning skills and an understanding of the economy of the local region.,Discuss the relationship of students’ “work” in school and their personal human capital.,https://www2.cde.ca.gov/cacs/history,,"Standard Identifier: HSS-3.5.4
Grade: 3
Course: Continuity and Change, Grade 3

Overarching Standard:
HSS-3.5 Students demonstrate basic economic reasoning skills and an understanding of the economy of the local region.

Standard:
Discuss the relationship of students’ “work” in school and their personal human capital.
"
CA-HSS-2016,HSS-4.1,4,"California: A Changing State, Grade 4",,,Students demonstrate an understanding of the physical and human geographic features that define places and regions in California.,https://www2.cde.ca.gov/cacs/history,,"Standard Identifier: HSS-4.1
Grade: 4
Course: California: A Changing State, Grade 4

Standard:
Students demonstrate an understanding of the physical and human geographic features that define places and regions in California.
"
CA-HSS-2016,HSS-4.1.1,4,"California: A Changing State, Grade 4",HSS-4.1,HSS-4.1 Students demonstrate an understanding of the physical and human geographic features that define places and regions in California.,Explain and use the coordinate grid system of latitude and longitude to determine the absolute locations of places in California and on Earth.,https://www2.cde.ca.gov/cacs/history,,"Standard Identifier: HSS-4.1.1
Grade: 4
Course: California: A Changing State, Grade 4

Overarching Standard:
HSS-4.1 Students demonstrate an understanding of the physical and human geographic features that define places and regions in California.

Standard:
Explain and use the coordinate grid system of latitude and longitude to determine the absolute locations of places in California and on Earth.
"
CA-HSS-2016,HSS-4.1.2,4,"California: A Changing State, Grade 4",HSS-4.1,HSS-4.1 Students demonstrate an understanding of the physical and human geographic features that define places and regions in California.,"Distinguish between the North and South Poles; the equator and the prime meridian; the tropics; and the hemispheres, using coordinates to plot locations.",https://www2.cde.ca.gov/cacs/history,,"Standard Identifier: HSS-4.1.2
Grade: 4
Course: California: A Changing State, Grade 4

Overarching Standard:
HSS-4.1 Students demonstrate an understanding of the physical and human geographic features that define places and regions in California.

Standard:
Distinguish between the North and South Poles; the equator and the prime meridian; the tropics; and the hemispheres, using coordinates to plot locations.
"
CA-HSS-2016,HSS-4.1.3,4,"California: A Changing State, Grade 4",HSS-4.1,HSS-4.1 Students demonstrate an understanding of the physical and human geographic features that define places and regions in California.,"Identify the state capital and describe the various regions of California, including how their characteristics and physical environments (e.g., water, landforms, vegetation, climate) affect human activity.",https://www2.cde.ca.gov/cacs/history,,"Standard Identifier: HSS-4.1.3
Grade: 4
Course: California: A Changing State, Grade 4

Overarching Standard:
HSS-4.1 Students demonstrate an understanding of the physical and human geographic features that define places and regions in California.

Standard:
Identify the state capital and describe the various regions of California, including how their characteristics and physical environments (e.g., water, landforms, vegetation, climate) affect human activity.
"
CA-HSS-2016,HSS-4.1.4,4,"California: A Changing State, Grade 4",HSS-4.1,HSS-4.1 Students demonstrate an understanding of the physical and human geographic features that define places and regions in California.,"Identify the locations of the Pacific Ocean, rivers, valleys, and mountain passes and explain their effects on the growth of towns.",https://www2.cde.ca.gov/cacs/history,,"Standard Identifier: HSS-4.1.4
Grade: 4
Course: California: A Changing State, Grade 4

Overarching Standard:
HSS-4.1 Students demonstrate an understanding of the physical and human geographic features that define places and regions in California.

Standard:
Identify the locations of the Pacific Ocean, rivers, valleys, and mountain passes and explain their effects on the growth of towns.
"
CA-HSS-2016,HSS-4.1.5,4,"California: A Changing State, Grade 4",HSS-4.1,HSS-4.1 Students demonstrate an understanding of the physical and human geographic features that define places and regions in California.,"Use maps, charts, and pictures to describe how communities in California vary in land use, vegetation, wildlife, climate, population density, architecture, services, and transportation.",https://www2.cde.ca.gov/cacs/history,,"Standard Identifier: HSS-4.1.5
Grade: 4
Course: California: A Changing State, Grade 4

Overarching Standard:
HSS-4.1 Students demonstrate an understanding of the physical and human geographic features that define places and regions in California.

Standard:
Use maps, charts, and pictures to describe how communities in California vary in land use, vegetation, wildlife, climate, population density, architecture, services, and transportation.
"
CA-HSS-2016,HSS-4.2,4,"California: A Changing State, Grade 4",,,"Students describe the social, political, cultural, and economic life and interactions among people of California from the pre-Columbian societies to the Spanish mission and Mexican rancho periods.",https://www2.cde.ca.gov/cacs/history,,"Standard Identifier: HSS-4.2
Grade: 4
Course: California: A Changing State, Grade 4

Standard:
Students describe the social, political, cultural, and economic life and interactions among people of California from the pre-Columbian societies to the Spanish mission and Mexican rancho periods.
"
CA-HSS-2016,HSS-4.2.1,4,"California: A Changing State, Grade 4",HSS-4.2,"HSS-4.2 Students describe the social, political, cultural, and economic life and interactions among people of California from the pre-Columbian societies to the Spanish mission and Mexican rancho periods.","Discuss the major nations of California Indians, including their geographic distribution, economic activities, legends, and religious beliefs; and describe how they depended on, adapted to, and modified the physical environment by cultivation of land and use of sea resources.",https://www2.cde.ca.gov/cacs/history,,"Standard Identifier: HSS-4.2.1
Grade: 4
Course: California: A Changing State, Grade 4

Overarching Standard:
HSS-4.2 Students describe the social, political, cultural, and economic life and interactions among people of California from the pre-Columbian societies to the Spanish mission and Mexican rancho periods.

Standard:
Discuss the major nations of California Indians, including their geographic distribution, economic activities, legends, and religious beliefs; and describe how they depended on, adapted to, and modified the physical environment by cultivation of land and use of sea resources.
"
CA-HSS-2016,HSS-4.2.2,4,"California: A Changing State, Grade 4",HSS-4.2,"HSS-4.2 Students describe the social, political, cultural, and economic life and interactions among people of California from the pre-Columbian societies to the Spanish mission and Mexican rancho periods.","Identify the early land and sea routes to, and European settlements in, California with a focus on the exploration of the North Pacific (e.g., by Captain James Cook, Vitus Bering, Juan Cabrillo), noting especially the importance of mountains, deserts, ocean currents, and wind patterns.",https://www2.cde.ca.gov/cacs/history,,"Standard Identifier: HSS-4.2.2
Grade: 4
Course: California: A Changing State, Grade 4

Overarching Standard:
HSS-4.2 Students describe the social, political, cultural, and economic life and interactions among people of California from the pre-Columbian societies to the Spanish mission and Mexican rancho periods.

Standard:
Identify the early land and sea routes to, and European settlements in, California with a focus on the exploration of the North Pacific (e.g., by Captain James Cook, Vitus Bering, Juan Cabrillo), noting especially the importance of mountains, deserts, ocean currents, and wind patterns.
"
CA-HSS-2016,HSS-4.2.3,4,"California: A Changing State, Grade 4",HSS-4.2,"HSS-4.2 Students describe the social, political, cultural, and economic life and interactions among people of California from the pre-Columbian societies to the Spanish mission and Mexican rancho periods.","Describe the Spanish exploration and colonization of California, including the relationships among soldiers, missionaries, and Indians (e.g., Juan Crespi, Junipero Serra, Gaspar de Portola).",https://www2.cde.ca.gov/cacs/history,,"Standard Identifier: HSS-4.2.3
Grade: 4
Course: California: A Changing State, Grade 4

Overarching Standard:
HSS-4.2 Students describe the social, political, cultural, and economic life and interactions among people of California from the pre-Columbian societies to the Spanish mission and Mexican rancho periods.

Standard:
Describe the Spanish exploration and colonization of California, including the relationships among soldiers, missionaries, and Indians (e.g., Juan Crespi, Junipero Serra, Gaspar de Portola).
"
CA-HSS-2016,HSS-4.2.4,4,"California: A Changing State, Grade 4",HSS-4.2,"HSS-4.2 Students describe the social, political, cultural, and economic life and interactions among people of California from the pre-Columbian societies to the Spanish mission and Mexican rancho periods.","Describe the mapping of, geographic basis of, and economic factors in the placement and function of the Spanish missions; and understand how the mission system expanded the influence of Spain and Catholicism throughout New Spain and Latin America.",https://www2.cde.ca.gov/cacs/history,,"Standard Identifier: HSS-4.2.4
Grade: 4
Course: California: A Changing State, Grade 4

Overarching Standard:
HSS-4.2 Students describe the social, political, cultural, and economic life and interactions among people of California from the pre-Columbian societies to the Spanish mission and Mexican rancho periods.

Standard:
Describe the mapping of, geographic basis of, and economic factors in the placement and function of the Spanish missions; and understand how the mission system expanded the influence of Spain and Catholicism throughout New Spain and Latin America.
"
CA-HSS-2016,HSS-4.2.5,4,"California: A Changing State, Grade 4",HSS-4.2,"HSS-4.2 Students describe the social, political, cultural, and economic life and interactions among people of California from the pre-Columbian societies to the Spanish mission and Mexican rancho periods.","Describe the daily lives of the people, native and nonnative, who occupied the presidios, missions, ranchos, and pueblos.",https://www2.cde.ca.gov/cacs/history,,"Standard Identifier: HSS-4.2.5
Grade: 4
Course: California: A Changing State, Grade 4

Overarching Standard:
HSS-4.2 Students describe the social, political, cultural, and economic life and interactions among people of California from the pre-Columbian societies to the Spanish mission and Mexican rancho periods.

Standard:
Describe the daily lives of the people, native and nonnative, who occupied the presidios, missions, ranchos, and pueblos.
"
CA-HSS-2016,HSS-4.2.6,4,"California: A Changing State, Grade 4",HSS-4.2,"HSS-4.2 Students describe the social, political, cultural, and economic life and interactions among people of California from the pre-Columbian societies to the Spanish mission and Mexican rancho periods.",Discuss the role of the Franciscans in changing the economy of California from a hunter-gatherer economy to an agricultural economy.,https://www2.cde.ca.gov/cacs/history,,"Standard Identifier: HSS-4.2.6
Grade: 4
Course: California: A Changing State, Grade 4

Overarching Standard:
HSS-4.2 Students describe the social, political, cultural, and economic life and interactions among people of California from the pre-Columbian societies to the Spanish mission and Mexican rancho periods.

Standard:
Discuss the role of the Franciscans in changing the economy of California from a hunter-gatherer economy to an agricultural economy.
"
CA-HSS-2016,HSS-4.2.7,4,"California: A Changing State, Grade 4",HSS-4.2,"HSS-4.2 Students describe the social, political, cultural, and economic life and interactions among people of California from the pre-Columbian societies to the Spanish mission and Mexican rancho periods.","Describe the effects of the Mexican War for Independence on Alta California, including its effects on the territorial boundaries of North America.",https://www2.cde.ca.gov/cacs/history,,"Standard Identifier: HSS-4.2.7
Grade: 4
Course: California: A Changing State, Grade 4

Overarching Standard:
HSS-4.2 Students describe the social, political, cultural, and economic life and interactions among people of California from the pre-Columbian societies to the Spanish mission and Mexican rancho periods.

Standard:
Describe the effects of the Mexican War for Independence on Alta California, including its effects on the territorial boundaries of North America.
"
CA-HSS-2016,HSS-4.2.8,4,"California: A Changing State, Grade 4",HSS-4.2,"HSS-4.2 Students describe the social, political, cultural, and economic life and interactions among people of California from the pre-Columbian societies to the Spanish mission and Mexican rancho periods.","Discuss the period of Mexican rule in California and its attributes, including land grants, secularization of the missions, and the rise of the rancho economy.",https://www2.cde.ca.gov/cacs/history,,"Standard Identifier: HSS-4.2.8
Grade: 4
Course: California: A Changing State, Grade 4

Overarching Standard:
HSS-4.2 Students describe the social, political, cultural, and economic life and interactions among people of California from the pre-Columbian societies to the Spanish mission and Mexican rancho periods.

Standard:
Discuss the period of Mexican rule in California and its attributes, including land grants, secularization of the missions, and the rise of the rancho economy.
"
CA-HSS-2016,HSS-4.3,4,"California: A Changing State, Grade 4",,,"Students explain the economic, social, and political life in California from the establishment of the Bear Flag Republic through the Mexican-American War, the Gold Rush, and the granting of statehood.",https://www2.cde.ca.gov/cacs/history,,"Standard Identifier: HSS-4.3
Grade: 4
Course: California: A Changing State, Grade 4

Standard:
Students explain the economic, social, and political life in California from the establishment of the Bear Flag Republic through the Mexican-American War, the Gold Rush, and the granting of statehood.
"
CA-HSS-2016,HSS-4.3.1,4,"California: A Changing State, Grade 4",HSS-4.3,"HSS-4.3 Students explain the economic, social, and political life in California from the establishment of the Bear Flag Republic through the Mexican-American War, the Gold Rush, and the granting of statehood.","Identify the locations of Mexican settlements in California and those of other settlements, including Fort Ross and Sutter’s Fort.",https://www2.cde.ca.gov/cacs/history,,"Standard Identifier: HSS-4.3.1
Grade: 4
Course: California: A Changing State, Grade 4

Overarching Standard:
HSS-4.3 Students explain the economic, social, and political life in California from the establishment of the Bear Flag Republic through the Mexican-American War, the Gold Rush, and the granting of statehood.

Standard:
Identify the locations of Mexican settlements in California and those of other settlements, including Fort Ross and Sutter’s Fort.
"
CA-HSS-2016,HSS-4.3.2,4,"California: A Changing State, Grade 4",HSS-4.3,"HSS-4.3 Students explain the economic, social, and political life in California from the establishment of the Bear Flag Republic through the Mexican-American War, the Gold Rush, and the granting of statehood.","Compare how and why people traveled to California and the routes they traveled (e.g., James Beckwourth, John Bidwell, John C. Fremont, Pio Pico).",https://www2.cde.ca.gov/cacs/history,,"Standard Identifier: HSS-4.3.2
Grade: 4
Course: California: A Changing State, Grade 4

Overarching Standard:
HSS-4.3 Students explain the economic, social, and political life in California from the establishment of the Bear Flag Republic through the Mexican-American War, the Gold Rush, and the granting of statehood.

Standard:
Compare how and why people traveled to California and the routes they traveled (e.g., James Beckwourth, John Bidwell, John C. Fremont, Pio Pico).
"
CA-HSS-2016,HSS-4.3.3,4,"California: A Changing State, Grade 4",HSS-4.3,"HSS-4.3 Students explain the economic, social, and political life in California from the establishment of the Bear Flag Republic through the Mexican-American War, the Gold Rush, and the granting of statehood.","Analyze the effects of the Gold Rush on settlements, daily life, politics, and the physical environment (e.g., using biographies of John Sutter, Mariano Guadalupe Vallejo, Louise Clapp).",https://www2.cde.ca.gov/cacs/history,,"Standard Identifier: HSS-4.3.3
Grade: 4
Course: California: A Changing State, Grade 4

Overarching Standard:
HSS-4.3 Students explain the economic, social, and political life in California from the establishment of the Bear Flag Republic through the Mexican-American War, the Gold Rush, and the granting of statehood.

Standard:
Analyze the effects of the Gold Rush on settlements, daily life, politics, and the physical environment (e.g., using biographies of John Sutter, Mariano Guadalupe Vallejo, Louise Clapp).

"
CA-HSS-2016,HSS-4.3.4,4,"California: A Changing State, Grade 4",HSS-4.3,"HSS-4.3 Students explain the economic, social, and political life in California from the establishment of the Bear Flag Republic through the Mexican-American War, the Gold Rush, and the granting of statehood.","Study the lives of women who helped build early California (e.g., Biddy Mason).",https://www2.cde.ca.gov/cacs/history,,"Standard Identifier: HSS-4.3.4
Grade: 4
Course: California: A Changing State, Grade 4

Overarching Standard:
HSS-4.3 Students explain the economic, social, and political life in California from the establishment of the Bear Flag Republic through the Mexican-American War, the Gold Rush, and the granting of statehood.

Standard:
Study the lives of women who helped build early California (e.g., Biddy Mason).
"
CA-HSS-2016,HSS-4.3.5,4,"California: A Changing State, Grade 4",HSS-4.3,"HSS-4.3 Students explain the economic, social, and political life in California from the establishment of the Bear Flag Republic through the Mexican-American War, the Gold Rush, and the granting of statehood.",Discuss how California became a state and how its new government differed from those during the Spanish and Mexican periods.,https://www2.cde.ca.gov/cacs/history,,"Standard Identifier: HSS-4.3.5
Grade: 4
Course: California: A Changing State, Grade 4

Overarching Standard:
HSS-4.3 Students explain the economic, social, and political life in California from the establishment of the Bear Flag Republic through the Mexican-American War, the Gold Rush, and the granting of statehood.

Standard:
Discuss how California became a state and how its new government differed from those during the Spanish and Mexican periods.
"
CA-HSS-2016,HSS-4.4,4,"California: A Changing State, Grade 4",,,"Students explain how California became an agricultural and industrial power, tracing the transformation of the California economy and its political and cultural development since the 1850s.",https://www2.cde.ca.gov/cacs/history,,"Standard Identifier: HSS-4.4
Grade: 4
Course: California: A Changing State, Grade 4

Standard:
Students explain how California became an agricultural and industrial power, tracing the transformation of the California economy and its political and cultural development since the 1850s.
"
CA-HSS-2016,HSS-4.4.1,4,"California: A Changing State, Grade 4",HSS-4.4,"HSS-4.4 Students explain how California became an agricultural and industrial power, tracing the transformation of the California economy and its political and cultural development since the 1850s.","Understand the story and lasting influence of the Pony Express, Overland Mail Service, Western Union, and the building of the transcontinental railroad, including the contributions of Chinese workers to its construction.",https://www2.cde.ca.gov/cacs/history,,"Standard Identifier: HSS-4.4.1
Grade: 4
Course: California: A Changing State, Grade 4

Overarching Standard:
HSS-4.4 Students explain how California became an agricultural and industrial power, tracing the transformation of the California economy and its political and cultural development since the 1850s.

Standard:
Understand the story and lasting influence of the Pony Express, Overland Mail Service, Western Union, and the building of the transcontinental railroad, including the contributions of Chinese workers to its construction.
"
CA-HSS-2016,HSS-4.4.2,4,"California: A Changing State, Grade 4",HSS-4.4,"HSS-4.4 Students explain how California became an agricultural and industrial power, tracing the transformation of the California economy and its political and cultural development since the 1850s.","Explain how the Gold Rush transformed the economy of California, including the types of products produced and consumed, changes in towns (e.g., Sacramento, San Francisco), and economic conflicts between diverse groups of people.",https://www2.cde.ca.gov/cacs/history,,"Standard Identifier: HSS-4.4.2
Grade: 4
Course: California: A Changing State, Grade 4

Overarching Standard:
HSS-4.4 Students explain how California became an agricultural and industrial power, tracing the transformation of the California economy and its political and cultural development since the 1850s.

Standard:
Explain how the Gold Rush transformed the economy of California, including the types of products produced and consumed, changes in towns (e.g., Sacramento, San Francisco), and economic conflicts between diverse groups of people.
"
CA-HSS-2016,HSS-4.4.3,4,"California: A Changing State, Grade 4",HSS-4.4,"HSS-4.4 Students explain how California became an agricultural and industrial power, tracing the transformation of the California economy and its political and cultural development since the 1850s.","Discuss immigration and migration to California between 1850 and 1900, including the diverse composition of those who came; the countries of origin and their relative locations; and conflicts and accords among the diverse groups (e.g., the 1882 Chinese Exclusion Act).",https://www2.cde.ca.gov/cacs/history,,"Standard Identifier: HSS-4.4.3
Grade: 4
Course: California: A Changing State, Grade 4

Overarching Standard:
HSS-4.4 Students explain how California became an agricultural and industrial power, tracing the transformation of the California economy and its political and cultural development since the 1850s.

Standard:
Discuss immigration and migration to California between 1850 and 1900, including the diverse composition of those who came; the countries of origin and their relative locations; and conflicts and accords among the diverse groups (e.g., the 1882 Chinese Exclusion Act).
"
CA-HSS-2016,HSS-4.4.4,4,"California: A Changing State, Grade 4",HSS-4.4,"HSS-4.4 Students explain how California became an agricultural and industrial power, tracing the transformation of the California economy and its political and cultural development since the 1850s.","Describe rapid American immigration, internal migration, settlement, and the growth of towns and cities (e.g., Los Angeles).",https://www2.cde.ca.gov/cacs/history,,"Standard Identifier: HSS-4.4.4
Grade: 4
Course: California: A Changing State, Grade 4

Overarching Standard:
HSS-4.4 Students explain how California became an agricultural and industrial power, tracing the transformation of the California economy and its political and cultural development since the 1850s.

Standard:
Describe rapid American immigration, internal migration, settlement, and the growth of towns and cities (e.g., Los Angeles).
"
CA-HSS-2016,HSS-4.4.5,4,"California: A Changing State, Grade 4",HSS-4.4,"HSS-4.4 Students explain how California became an agricultural and industrial power, tracing the transformation of the California economy and its political and cultural development since the 1850s.","Discuss the effects of the Great Depression, the Dust Bowl, and World War II on California.",https://www2.cde.ca.gov/cacs/history,,"Standard Identifier: HSS-4.4.5
Grade: 4
Course: California: A Changing State, Grade 4

Overarching Standard:
HSS-4.4 Students explain how California became an agricultural and industrial power, tracing the transformation of the California economy and its political and cultural development since the 1850s.

Standard:
Discuss the effects of the Great Depression, the Dust Bowl, and World War II on California.
"
CA-HSS-2016,HSS-4.4.6,4,"California: A Changing State, Grade 4",HSS-4.4,"HSS-4.4 Students explain how California became an agricultural and industrial power, tracing the transformation of the California economy and its political and cultural development since the 1850s.","Describe the development and locations of new industries since the turn of the century, such as the aerospace industry, electronics industry, large-scale commercial agriculture and irrigation projects, the oil and automobile industries, communications and defense industries, and important trade links with the Pacific Basin.",https://www2.cde.ca.gov/cacs/history,,"Standard Identifier: HSS-4.4.6
Grade: 4
Course: California: A Changing State, Grade 4

Overarching Standard:
HSS-4.4 Students explain how California became an agricultural and industrial power, tracing the transformation of the California economy and its political and cultural development since the 1850s.

Standard:
Describe the development and locations of new industries since the turn of the century, such as the aerospace industry, electronics industry, large-scale commercial agriculture and irrigation projects, the oil and automobile industries, communications and defense industries, and important trade links with the Pacific Basin.
"
CA-HSS-2016,HSS-4.4.7,4,"California: A Changing State, Grade 4",HSS-4.4,"HSS-4.4 Students explain how California became an agricultural and industrial power, tracing the transformation of the California economy and its political and cultural development since the 1850s.","Trace the evolution of California’s water system into a network of dams, aqueducts, and reservoirs.",https://www2.cde.ca.gov/cacs/history,,"Standard Identifier: HSS-4.4.7
Grade: 4
Course: California: A Changing State, Grade 4

Overarching Standard:
HSS-4.4 Students explain how California became an agricultural and industrial power, tracing the transformation of the California economy and its political and cultural development since the 1850s.

Standard:
Trace the evolution of California’s water system into a network of dams, aqueducts, and reservoirs.
"
CA-HSS-2016,HSS-4.4.8,4,"California: A Changing State, Grade 4",HSS-4.4,"HSS-4.4 Students explain how California became an agricultural and industrial power, tracing the transformation of the California economy and its political and cultural development since the 1850s.","Describe the history and development of California’s public education system, including universities and community colleges.",https://www2.cde.ca.gov/cacs/history,,"Standard Identifier: HSS-4.4.8
Grade: 4
Course: California: A Changing State, Grade 4

Overarching Standard:
HSS-4.4 Students explain how California became an agricultural and industrial power, tracing the transformation of the California economy and its political and cultural development since the 1850s.

Standard:
Describe the history and development of California’s public education system, including universities and community colleges.
"
CA-HSS-2016,HSS-4.4.9,4,"California: A Changing State, Grade 4",HSS-4.4,"HSS-4.4 Students explain how California became an agricultural and industrial power, tracing the transformation of the California economy and its political and cultural development since the 1850s.","Analyze the impact of twentieth-century Californians on the nation’s artistic and cultural development, including the rise of the entertainment industry (e.g., Louis B. Meyer, Walt Disney, John Steinbeck, Ansel Adams, Dorothea Lange, John Wayne).",https://www2.cde.ca.gov/cacs/history,,"Standard Identifier: HSS-4.4.9
Grade: 4
Course: California: A Changing State, Grade 4

Overarching Standard:
HSS-4.4 Students explain how California became an agricultural and industrial power, tracing the transformation of the California economy and its political and cultural development since the 1850s.

Standard:
Analyze the impact of twentieth-century Californians on the nation’s artistic and cultural development, including the rise of the entertainment industry (e.g., Louis B. Meyer, Walt Disney, John Steinbeck, Ansel Adams, Dorothea Lange, John Wayne).
"
CA-HSS-2016,HSS-4.5,4,"California: A Changing State, Grade 4",,,"Students understand the structures, functions, and powers of the local, state, and federal governments as described in the U.S. Constitution.",https://www2.cde.ca.gov/cacs/history,,"Standard Identifier: HSS-4.5
Grade: 4
Course: California: A Changing State, Grade 4

Standard:
Students understand the structures, functions, and powers of the local, state, and federal governments as described in the U.S. Constitution.
"
CA-HSS-2016,HSS-4.5.1,4,"California: A Changing State, Grade 4",HSS-4.5,"HSS-4.5 Students understand the structures, functions, and powers of the local, state, and federal governments as described in the U.S. Constitution.","Discuss what the U.S. Constitution is and why it is important (i.e., a written document that defines the structure and purpose of the U.S. government and describes the shared powers of federal, state, and local governments).",https://www2.cde.ca.gov/cacs/history,,"Standard Identifier: HSS-4.5.1
Grade: 4
Course: California: A Changing State, Grade 4

Overarching Standard:
HSS-4.5 Students understand the structures, functions, and powers of the local, state, and federal governments as described in the U.S. Constitution.

Standard:
Discuss what the U.S. Constitution is and why it is important (i.e., a written document that defines the structure and purpose of the U.S. government and describes the shared powers of federal, state, and local governments).
"
CA-HSS-2016,HSS-4.5.2,4,"California: A Changing State, Grade 4",HSS-4.5,"HSS-4.5 Students understand the structures, functions, and powers of the local, state, and federal governments as described in the U.S. Constitution.","Understand the purpose of the California Constitution, its key principles, and its relationship to the U.S. Constitution.",https://www2.cde.ca.gov/cacs/history,,"Standard Identifier: HSS-4.5.2
Grade: 4
Course: California: A Changing State, Grade 4

Overarching Standard:
HSS-4.5 Students understand the structures, functions, and powers of the local, state, and federal governments as described in the U.S. Constitution.

Standard:
Understand the purpose of the California Constitution, its key principles, and its relationship to the U.S. Constitution.
"
CA-HSS-2016,HSS-4.5.3,4,"California: A Changing State, Grade 4",HSS-4.5,"HSS-4.5 Students understand the structures, functions, and powers of the local, state, and federal governments as described in the U.S. Constitution.","Describe the similarities (e.g., written documents, rule of law, consent of the governed, three separate branches) and differences (e.g., scope of jurisdiction, limits on government powers, use of the military) among federal, state, and local governments.",https://www2.cde.ca.gov/cacs/history,,"Standard Identifier: HSS-4.5.3
Grade: 4
Course: California: A Changing State, Grade 4

Overarching Standard:
HSS-4.5 Students understand the structures, functions, and powers of the local, state, and federal governments as described in the U.S. Constitution.

Standard:
Describe the similarities (e.g., written documents, rule of law, consent of the governed, three separate branches) and differences (e.g., scope of jurisdiction, limits on government powers, use of the military) among federal, state, and local governments.
"
CA-HSS-2016,HSS-4.5.4,4,"California: A Changing State, Grade 4",HSS-4.5,"HSS-4.5 Students understand the structures, functions, and powers of the local, state, and federal governments as described in the U.S. Constitution.","Explain the structures and functions of state governments, including the roles and responsibilities of their elected officials.",https://www2.cde.ca.gov/cacs/history,,"Standard Identifier: HSS-4.5.4
Grade: 4
Course: California: A Changing State, Grade 4

Overarching Standard:
HSS-4.5 Students understand the structures, functions, and powers of the local, state, and federal governments as described in the U.S. Constitution.

Standard:
Explain the structures and functions of state governments, including the roles and responsibilities of their elected officials.
"
CA-HSS-2016,HSS-4.5.5,4,"California: A Changing State, Grade 4",HSS-4.5,"HSS-4.5 Students understand the structures, functions, and powers of the local, state, and federal governments as described in the U.S. Constitution.","Describe the components of California’s governance structure (e.g., cities and towns, Indian rancherias and reservations, counties, school districts).",https://www2.cde.ca.gov/cacs/history,,"Standard Identifier: HSS-4.5.5
Grade: 4
Course: California: A Changing State, Grade 4

Overarching Standard:
HSS-4.5 Students understand the structures, functions, and powers of the local, state, and federal governments as described in the U.S. Constitution.

Standard:
Describe the components of California’s governance structure (e.g., cities and towns, Indian rancherias and reservations, counties, school districts).
"
CA-HSS-2016,HSS-5.1,5,"United States History and Geography: Making a New Nation, Grade 5",,,"Students describe the major pre-Columbian settlements, including the cliff dwellers and pueblo people of the desert Southwest, the American Indians of the Pacific Northwest, the nomadic nations of the Great Plains, and the woodland peoples east of the Mississippi River.",https://www2.cde.ca.gov/cacs/history,,"Standard Identifier: HSS-5.1
Grade: 5
Course: United States History and Geography: Making a New Nation, Grade 5

Standard:
Students describe the major pre-Columbian settlements, including the cliff dwellers and pueblo people of the desert Southwest, the American Indians of the Pacific Northwest, the nomadic nations of the Great Plains, and the woodland peoples east of the Mississippi River.
"
CA-HSS-2016,HSS-5.1.1,5,"United States History and Geography: Making a New Nation, Grade 5",HSS-5.1,"HSS-5.1 Students describe the major pre-Columbian settlements, including the cliff dwellers and pueblo people of the desert Southwest, the American Indians of the Pacific Northwest, the nomadic nations of the Great Plains, and the woodland peoples east of the Mississippi River.","Describe how geography and climate influenced the way various nations lived and adjusted to the natural environment, including locations of villages, the distinct structures that they built, and how they obtained food, clothing, tools, and utensils.",https://www2.cde.ca.gov/cacs/history,,"Standard Identifier: HSS-5.1.1
Grade: 5
Course: United States History and Geography: Making a New Nation, Grade 5

Overarching Standard:
HSS-5.1 Students describe the major pre-Columbian settlements, including the cliff dwellers and pueblo people of the desert Southwest, the American Indians of the Pacific Northwest, the nomadic nations of the Great Plains, and the woodland peoples east of the Mississippi River.

Standard:
Describe how geography and climate influenced the way various nations lived and adjusted to the natural environment, including locations of villages, the distinct structures that they built, and how they obtained food, clothing, tools, and utensils.
"
CA-HSS-2016,HSS-5.1.2,5,"United States History and Geography: Making a New Nation, Grade 5",HSS-5.1,"HSS-5.1 Students describe the major pre-Columbian settlements, including the cliff dwellers and pueblo people of the desert Southwest, the American Indians of the Pacific Northwest, the nomadic nations of the Great Plains, and the woodland peoples east of the Mississippi River.",Describe their varied customs and folklore traditions.,https://www2.cde.ca.gov/cacs/history,,"Standard Identifier: HSS-5.1.2
Grade: 5
Course: United States History and Geography: Making a New Nation, Grade 5

Overarching Standard:
HSS-5.1 Students describe the major pre-Columbian settlements, including the cliff dwellers and pueblo people of the desert Southwest, the American Indians of the Pacific Northwest, the nomadic nations of the Great Plains, and the woodland peoples east of the Mississippi River.

Standard:
Describe their varied customs and folklore traditions.
"
CA-HSS-2016,HSS-5.1.3,5,"United States History and Geography: Making a New Nation, Grade 5",HSS-5.1,"HSS-5.1 Students describe the major pre-Columbian settlements, including the cliff dwellers and pueblo people of the desert Southwest, the American Indians of the Pacific Northwest, the nomadic nations of the Great Plains, and the woodland peoples east of the Mississippi River.",Explain their varied economies and systems of government.,https://www2.cde.ca.gov/cacs/history,,"Standard Identifier: HSS-5.1.3
Grade: 5
Course: United States History and Geography: Making a New Nation, Grade 5

Overarching Standard:
HSS-5.1 Students describe the major pre-Columbian settlements, including the cliff dwellers and pueblo people of the desert Southwest, the American Indians of the Pacific Northwest, the nomadic nations of the Great Plains, and the woodland peoples east of the Mississippi River.

Standard:
Explain their varied economies and systems of government.
"
CA-HSS-2016,HSS-5.2,5,"United States History and Geography: Making a New Nation, Grade 5",,,Students trace the routes of early explorers and describe the early explorations of the Americas.,https://www2.cde.ca.gov/cacs/history,,"Standard Identifier: HSS-5.2
Grade: 5
Course: United States History and Geography: Making a New Nation, Grade 5

Standard:
Students trace the routes of early explorers and describe the early explorations of the Americas.
"
CA-HSS-2016,HSS-5.2.1,5,"United States History and Geography: Making a New Nation, Grade 5",HSS-5.2,HSS-5.2 Students trace the routes of early explorers and describe the early explorations of the Americas.,"Describe the entrepreneurial characteristics of early explorers (e.g., Christopher Columbus, Francisco Vásquez de Coronado) and the technological developments that made sea exploration by latitude and longitude possible (e.g., compass, sextant, astrolabe, seaworthy ships, chronometers, gunpowder).",https://www2.cde.ca.gov/cacs/history,,"Standard Identifier: HSS-5.2.1
Grade: 5
Course: United States History and Geography: Making a New Nation, Grade 5

Overarching Standard:
HSS-5.2 Students trace the routes of early explorers and describe the early explorations of the Americas.

Standard:
Describe the entrepreneurial characteristics of early explorers (e.g., Christopher Columbus, Francisco Vásquez de Coronado) and the technological developments that made sea exploration by latitude and longitude possible (e.g., compass, sextant, astrolabe, seaworthy ships, chronometers, gunpowder).
"
CA-HSS-2016,HSS-5.2.2,5,"United States History and Geography: Making a New Nation, Grade 5",HSS-5.2,HSS-5.2 Students trace the routes of early explorers and describe the early explorations of the Americas.,"Explain the aims, obstacles, and accomplishments of the explorers, sponsors, and leaders of key European expeditions and the reasons Europeans chose to explore and colonize the world (e.g., the Spanish Reconquista, the Protestant Reformation, the Counter Reformation).",https://www2.cde.ca.gov/cacs/history,,"Standard Identifier: HSS-5.2.2
Grade: 5
Course: United States History and Geography: Making a New Nation, Grade 5

Overarching Standard:
HSS-5.2 Students trace the routes of early explorers and describe the early explorations of the Americas.

Standard:
Explain the aims, obstacles, and accomplishments of the explorers, sponsors, and leaders of key European expeditions and the reasons Europeans chose to explore and colonize the world (e.g., the Spanish Reconquista, the Protestant Reformation, the Counter Reformation).
"
CA-HSS-2016,HSS-5.2.3,5,"United States History and Geography: Making a New Nation, Grade 5",HSS-5.2,HSS-5.2 Students trace the routes of early explorers and describe the early explorations of the Americas.,"Trace the routes of the major land explorers of the United States, the distances traveled by explorers, and the Atlantic trade routes that linked Africa, the West Indies, the British colonies, and Europe.",https://www2.cde.ca.gov/cacs/history,,"Standard Identifier: HSS-5.2.3
Grade: 5
Course: United States History and Geography: Making a New Nation, Grade 5

Overarching Standard:
HSS-5.2 Students trace the routes of early explorers and describe the early explorations of the Americas.

Standard:
Trace the routes of the major land explorers of the United States, the distances traveled by explorers, and the Atlantic trade routes that linked Africa, the West Indies, the British colonies, and Europe.
"
CA-HSS-2016,HSS-5.2.4,5,"United States History and Geography: Making a New Nation, Grade 5",HSS-5.2,HSS-5.2 Students trace the routes of early explorers and describe the early explorations of the Americas.,"Locate on maps of North and South America land claimed by Spain, France, England, Portugal, the Netherlands, Sweden, and Russia.",https://www2.cde.ca.gov/cacs/history,,"Standard Identifier: HSS-5.2.4
Grade: 5
Course: United States History and Geography: Making a New Nation, Grade 5

Overarching Standard:
HSS-5.2 Students trace the routes of early explorers and describe the early explorations of the Americas.

Standard:
Locate on maps of North and South America land claimed by Spain, France, England, Portugal, the Netherlands, Sweden, and Russia.
"
CA-HSS-2016,HSS-5.3,5,"United States History and Geography: Making a New Nation, Grade 5",,,Students describe the cooperation and conflict that existed among the American Indians and between the Indian nations and the new settlers.,https://www2.cde.ca.gov/cacs/history,,"Standard Identifier: HSS-5.3
Grade: 5
Course: United States History and Geography: Making a New Nation, Grade 5

Standard:
Students describe the cooperation and conflict that existed among the American Indians and between the Indian nations and the new settlers.
"
CA-HSS-2016,HSS-5.3.1,5,"United States History and Geography: Making a New Nation, Grade 5",HSS-5.3,HSS-5.3 Students describe the cooperation and conflict that existed among the American Indians and between the Indian nations and the new settlers.,"Describe the competition among the English, French, Spanish, Dutch, and Indian nations for control of North America.",https://www2.cde.ca.gov/cacs/history,,"Standard Identifier: HSS-5.3.1
Grade: 5
Course: United States History and Geography: Making a New Nation, Grade 5

Overarching Standard:
HSS-5.3 Students describe the cooperation and conflict that existed among the American Indians and between the Indian nations and the new settlers.

Standard:
Describe the competition among the English, French, Spanish, Dutch, and Indian nations for control of North America.
"
CA-HSS-2016,HSS-5.3.2,5,"United States History and Geography: Making a New Nation, Grade 5",HSS-5.3,HSS-5.3 Students describe the cooperation and conflict that existed among the American Indians and between the Indian nations and the new settlers.,"Describe the cooperation that existed between the colonists and Indians during the 1600s and 1700s (e.g., in agriculture, the fur trade, military alliances, treaties, cultural interchanges).",https://www2.cde.ca.gov/cacs/history,,"Standard Identifier: HSS-5.3.2
Grade: 5
Course: United States History and Geography: Making a New Nation, Grade 5

Overarching Standard:
HSS-5.3 Students describe the cooperation and conflict that existed among the American Indians and between the Indian nations and the new settlers.

Standard:
Describe the cooperation that existed between the colonists and Indians during the 1600s and 1700s (e.g., in agriculture, the fur trade, military alliances, treaties, cultural interchanges).
"
CA-HSS-2016,HSS-5.3.3,5,"United States History and Geography: Making a New Nation, Grade 5",HSS-5.3,HSS-5.3 Students describe the cooperation and conflict that existed among the American Indians and between the Indian nations and the new settlers.,"Examine the conflicts before the Revolutionary War (e.g., the Pequot and King Philip’s Wars in New England, the Powhatan Wars in Virginia, the French and Indian War).",https://www2.cde.ca.gov/cacs/history,,"Standard Identifier: HSS-5.3.3
Grade: 5
Course: United States History and Geography: Making a New Nation, Grade 5

Overarching Standard:
HSS-5.3 Students describe the cooperation and conflict that existed among the American Indians and between the Indian nations and the new settlers.

Standard:
Examine the conflicts before the Revolutionary War (e.g., the Pequot and King Philip’s Wars in New England, the Powhatan Wars in Virginia, the French and Indian War).
"
CA-HSS-2016,HSS-5.3.4,5,"United States History and Geography: Making a New Nation, Grade 5",HSS-5.3,HSS-5.3 Students describe the cooperation and conflict that existed among the American Indians and between the Indian nations and the new settlers.,"Discuss the role of broken treaties and massacres and the factors that led to the Indians’ defeat, including the resistance of Indian nations to encroachments and assimilation (e.g., the story of the Trail of Tears).",https://www2.cde.ca.gov/cacs/history,,"Standard Identifier: HSS-5.3.4
Grade: 5
Course: United States History and Geography: Making a New Nation, Grade 5

Overarching Standard:
HSS-5.3 Students describe the cooperation and conflict that existed among the American Indians and between the Indian nations and the new settlers.

Standard:
Discuss the role of broken treaties and massacres and the factors that led to the Indians’ defeat, including the resistance of Indian nations to encroachments and assimilation (e.g., the story of the Trail of Tears).
"
CA-HSS-2016,HSS-5.3.5,5,"United States History and Geography: Making a New Nation, Grade 5",HSS-5.3,HSS-5.3 Students describe the cooperation and conflict that existed among the American Indians and between the Indian nations and the new settlers.,"Describe the internecine Indian conflicts, including the competing claims for control of lands (e.g., actions of the Iroquois, Huron, Lakota [Sioux]).",https://www2.cde.ca.gov/cacs/history,,"Standard Identifier: HSS-5.3.5
Grade: 5
Course: United States History and Geography: Making a New Nation, Grade 5

Overarching Standard:
HSS-5.3 Students describe the cooperation and conflict that existed among the American Indians and between the Indian nations and the new settlers.

Standard:
Describe the internecine Indian conflicts, including the competing claims for control of lands (e.g., actions of the Iroquois, Huron, Lakota [Sioux]).
"
CA-HSS-2016,HSS-5.3.6,5,"United States History and Geography: Making a New Nation, Grade 5",HSS-5.3,HSS-5.3 Students describe the cooperation and conflict that existed among the American Indians and between the Indian nations and the new settlers.,"Explain the influence and achievements of significant leaders of the time (e.g., John Marshall, Andrew Jackson, Chief Tecumseh, Chief Logan, Chief John Ross, Sequoyah).",https://www2.cde.ca.gov/cacs/history,,"Standard Identifier: HSS-5.3.6
Grade: 5
Course: United States History and Geography: Making a New Nation, Grade 5

Overarching Standard:
HSS-5.3 Students describe the cooperation and conflict that existed among the American Indians and between the Indian nations and the new settlers.

Standard:
Explain the influence and achievements of significant leaders of the time (e.g., John Marshall, Andrew Jackson, Chief Tecumseh, Chief Logan, Chief John Ross, Sequoyah).
"
CA-HSS-2016,HSS-5.4,5,"United States History and Geography: Making a New Nation, Grade 5",,,"Students understand the political, religious, social, and economic institutions that evolved in the colonial era.",https://www2.cde.ca.gov/cacs/history,,"Standard Identifier: HSS-5.4
Grade: 5
Course: United States History and Geography: Making a New Nation, Grade 5

Standard:
Students understand the political, religious, social, and economic institutions that evolved in the colonial era.
"
CA-HSS-2016,HSS-5.4.1,5,"United States History and Geography: Making a New Nation, Grade 5",HSS-5.4,"HSS-5.4 Students understand the political, religious, social, and economic institutions that evolved in the colonial era.","Understand the influence of location and physical setting on the founding of the original 13 colonies, and identify on a map the locations of the colonies and of the American Indian nations already inhabiting these areas.",https://www2.cde.ca.gov/cacs/history,,"Standard Identifier: HSS-5.4.1
Grade: 5
Course: United States History and Geography: Making a New Nation, Grade 5

Overarching Standard:
HSS-5.4 Students understand the political, religious, social, and economic institutions that evolved in the colonial era.

Standard:
Understand the influence of location and physical setting on the founding of the original 13 colonies, and identify on a map the locations of the colonies and of the American Indian nations already inhabiting these areas.
"
CA-HSS-2016,HSS-5.4.2,5,"United States History and Geography: Making a New Nation, Grade 5",HSS-5.4,"HSS-5.4 Students understand the political, religious, social, and economic institutions that evolved in the colonial era.","Identify the major individuals and groups responsible for the founding of the various colonies and the reasons for their founding (e.g., John Smith, Virginia; Roger Williams, Rhode Island; William Penn, Pennsylvania; Lord Baltimore, Maryland; William Bradford, Plymouth; John Winthrop, Massachusetts).",https://www2.cde.ca.gov/cacs/history,,"Standard Identifier: HSS-5.4.2
Grade: 5
Course: United States History and Geography: Making a New Nation, Grade 5

Overarching Standard:
HSS-5.4 Students understand the political, religious, social, and economic institutions that evolved in the colonial era.

Standard:
Identify the major individuals and groups responsible for the founding of the various colonies and the reasons for their founding (e.g., John Smith, Virginia; Roger Williams, Rhode Island; William Penn, Pennsylvania; Lord Baltimore, Maryland; William Bradford, Plymouth; John Winthrop, Massachusetts).
"
CA-HSS-2016,HSS-5.4.3,5,"United States History and Geography: Making a New Nation, Grade 5",HSS-5.4,"HSS-5.4 Students understand the political, religious, social, and economic institutions that evolved in the colonial era.","Describe the religious aspects of the earliest colonies (e.g., Puritanism in Massachusetts, Anglicanism in Virginia, Catholicism in Maryland, Quakerism in Pennsylvania).",https://www2.cde.ca.gov/cacs/history,,"Standard Identifier: HSS-5.4.3
Grade: 5
Course: United States History and Geography: Making a New Nation, Grade 5

Overarching Standard:
HSS-5.4 Students understand the political, religious, social, and economic institutions that evolved in the colonial era.

Standard:
Describe the religious aspects of the earliest colonies (e.g., Puritanism in Massachusetts, Anglicanism in Virginia, Catholicism in Maryland, Quakerism in Pennsylvania).
"
CA-HSS-2016,HSS-5.4.4,5,"United States History and Geography: Making a New Nation, Grade 5",HSS-5.4,"HSS-5.4 Students understand the political, religious, social, and economic institutions that evolved in the colonial era.","Identify the significance and leaders of the First Great Awakening, which marked a shift in religious ideas, practices, and allegiances in the colonial period, the growth of religious toleration, and free exercise of religion.",https://www2.cde.ca.gov/cacs/history,,"Standard Identifier: HSS-5.4.4
Grade: 5
Course: United States History and Geography: Making a New Nation, Grade 5

Overarching Standard:
HSS-5.4 Students understand the political, religious, social, and economic institutions that evolved in the colonial era.

Standard:
Identify the significance and leaders of the First Great Awakening, which marked a shift in religious ideas, practices, and allegiances in the colonial period, the growth of religious toleration, and free exercise of religion.
"
CA-HSS-2016,HSS-5.4.5,5,"United States History and Geography: Making a New Nation, Grade 5",HSS-5.4,"HSS-5.4 Students understand the political, religious, social, and economic institutions that evolved in the colonial era.","Understand how the British colonial period created the basis for the development of political self-government and a free-market economic system and the differences between the British, Spanish, and French colonial systems.",https://www2.cde.ca.gov/cacs/history,,"Standard Identifier: HSS-5.4.5
Grade: 5
Course: United States History and Geography: Making a New Nation, Grade 5

Overarching Standard:
HSS-5.4 Students understand the political, religious, social, and economic institutions that evolved in the colonial era.

Standard:
Understand how the British colonial period created the basis for the development of political self-government and a free-market economic system and the differences between the British, Spanish, and French colonial systems.
"
CA-HSS-2016,HSS-5.4.6,5,"United States History and Geography: Making a New Nation, Grade 5",HSS-5.4,"HSS-5.4 Students understand the political, religious, social, and economic institutions that evolved in the colonial era.","Describe the introduction of slavery into America, the responses of slave families to their condition, the ongoing struggle between proponents and opponents of slavery, and the gradual institutionalization of slavery in the South.",https://www2.cde.ca.gov/cacs/history,,"Standard Identifier: HSS-5.4.6
Grade: 5
Course: United States History and Geography: Making a New Nation, Grade 5

Overarching Standard:
HSS-5.4 Students understand the political, religious, social, and economic institutions that evolved in the colonial era.

Standard:
Describe the introduction of slavery into America, the responses of slave families to their condition, the ongoing struggle between proponents and opponents of slavery, and the gradual institutionalization of slavery in the South.
"
CA-HSS-2016,HSS-5.4.7,5,"United States History and Geography: Making a New Nation, Grade 5",HSS-5.4,"HSS-5.4 Students understand the political, religious, social, and economic institutions that evolved in the colonial era.","Explain the early democratic ideas and practices that emerged during the colonial period, including the significance of representative assemblies and town meetings.",https://www2.cde.ca.gov/cacs/history,,"Standard Identifier: HSS-5.4.7
Grade: 5
Course: United States History and Geography: Making a New Nation, Grade 5

Overarching Standard:
HSS-5.4 Students understand the political, religious, social, and economic institutions that evolved in the colonial era.

Standard:
Explain the early democratic ideas and practices that emerged during the colonial period, including the significance of representative assemblies and town meetings.
"
CA-HSS-2016,HSS-5.5,5,"United States History and Geography: Making a New Nation, Grade 5",,,Students explain the causes of the American Revolution.,https://www2.cde.ca.gov/cacs/history,,"Standard Identifier: HSS-5.5
Grade: 5
Course: United States History and Geography: Making a New Nation, Grade 5

Standard:
Students explain the causes of the American Revolution.
"
CA-HSS-2016,HSS-5.5.1,5,"United States History and Geography: Making a New Nation, Grade 5",HSS-5.5,HSS-5.5 Students explain the causes of the American Revolution.,"Understand how political, religious, and economic ideas and interests brought about the Revolution (e.g., resistance to imperial policy, the Stamp Act, the Townshend Acts, taxes on tea, Coercive Acts).",https://www2.cde.ca.gov/cacs/history,,"Standard Identifier: HSS-5.5.1
Grade: 5
Course: United States History and Geography: Making a New Nation, Grade 5

Overarching Standard:
HSS-5.5 Students explain the causes of the American Revolution.

Standard:
Understand how political, religious, and economic ideas and interests brought about the Revolution (e.g., resistance to imperial policy, the Stamp Act, the Townshend Acts, taxes on tea, Coercive Acts).
"
CA-HSS-2016,HSS-5.5.2,5,"United States History and Geography: Making a New Nation, Grade 5",HSS-5.5,HSS-5.5 Students explain the causes of the American Revolution.,Know the significance of the first and second Continental Congresses and of the Committees of Correspondence.,https://www2.cde.ca.gov/cacs/history,,"Standard Identifier: HSS-5.5.2
Grade: 5
Course: United States History and Geography: Making a New Nation, Grade 5

Overarching Standard:
HSS-5.5 Students explain the causes of the American Revolution.

Standard:
Know the significance of the first and second Continental Congresses and of the Committees of Correspondence.
"
CA-HSS-2016,HSS-5.5.3,5,"United States History and Geography: Making a New Nation, Grade 5",HSS-5.5,HSS-5.5 Students explain the causes of the American Revolution.,"Understand the people and events associated with the drafting and signing of the Declaration of Independence and the document’s significance, including the key political concepts it embodies, the origins of those concepts, and its role in severing ties with Great Britain.",https://www2.cde.ca.gov/cacs/history,,"Standard Identifier: HSS-5.5.3
Grade: 5
Course: United States History and Geography: Making a New Nation, Grade 5

Overarching Standard:
HSS-5.5 Students explain the causes of the American Revolution.

Standard:
Understand the people and events associated with the drafting and signing of the Declaration of Independence and the document’s significance, including the key political concepts it embodies, the origins of those concepts, and its role in severing ties with Great Britain.
"
CA-HSS-2016,HSS-5.5.4,5,"United States History and Geography: Making a New Nation, Grade 5",HSS-5.5,HSS-5.5 Students explain the causes of the American Revolution.,"Describe the views, lives, and impact of key individuals during this period (e.g., King George III, Patrick Henry, Thomas Jefferson, George Washington, Benjamin Franklin, John Adams).",https://www2.cde.ca.gov/cacs/history,,"Standard Identifier: HSS-5.5.4
Grade: 5
Course: United States History and Geography: Making a New Nation, Grade 5

Overarching Standard:
HSS-5.5 Students explain the causes of the American Revolution.

Standard:
Describe the views, lives, and impact of key individuals during this period (e.g., King George III, Patrick Henry, Thomas Jefferson, George Washington, Benjamin Franklin, John Adams).
"
CA-HSS-2016,HSS-5.6,5,"United States History and Geography: Making a New Nation, Grade 5",,,Students understand the course and consequences of the American Revolution.,https://www2.cde.ca.gov/cacs/history,,"Standard Identifier: HSS-5.6
Grade: 5
Course: United States History and Geography: Making a New Nation, Grade 5

Standard:
Students understand the course and consequences of the American Revolution.
"
CA-HSS-2016,HSS-5.6.1,5,"United States History and Geography: Making a New Nation, Grade 5",HSS-5.6,HSS-5.6 Students understand the course and consequences of the American Revolution.,"Identify and map the major military battles, campaigns, and turning points of the Revolutionary War, the roles of the American and British leaders, and the Indian leaders’ alliances on both sides.",https://www2.cde.ca.gov/cacs/history,,"Standard Identifier: HSS-5.6.1
Grade: 5
Course: United States History and Geography: Making a New Nation, Grade 5

Overarching Standard:
HSS-5.6 Students understand the course and consequences of the American Revolution.

Standard:
Identify and map the major military battles, campaigns, and turning points of the Revolutionary War, the roles of the American and British leaders, and the Indian leaders’ alliances on both sides.
"
CA-HSS-2016,HSS-5.6.2,5,"United States History and Geography: Making a New Nation, Grade 5",HSS-5.6,HSS-5.6 Students understand the course and consequences of the American Revolution.,"Describe the contributions of France and other nations and of individuals to the outcome of the Revolution (e.g., Benjamin Franklin’s negotiations with the French, the French navy, the Treaty of Paris, The Netherlands, Russia, the Marquis Marie Joseph de Lafayette, Tadeusz Kościuszko, Baron Friedrich Wilhelm von Steuben).",https://www2.cde.ca.gov/cacs/history,,"Standard Identifier: HSS-5.6.2
Grade: 5
Course: United States History and Geography: Making a New Nation, Grade 5

Overarching Standard:
HSS-5.6 Students understand the course and consequences of the American Revolution.

Standard:
Describe the contributions of France and other nations and of individuals to the outcome of the Revolution (e.g., Benjamin Franklin’s negotiations with the French, the French navy, the Treaty of Paris, The Netherlands, Russia, the Marquis Marie Joseph de Lafayette, Tadeusz Kościuszko, Baron Friedrich Wilhelm von Steuben).
"
CA-HSS-2016,HSS-5.6.3,5,"United States History and Geography: Making a New Nation, Grade 5",HSS-5.6,HSS-5.6 Students understand the course and consequences of the American Revolution.,"Identify the different roles women played during the Revolution (e.g., Abigail Adams, Martha Washington, Molly Pitcher, Phillis Wheatley, Mercy Otis Warren).",https://www2.cde.ca.gov/cacs/history,,"Standard Identifier: HSS-5.6.3
Grade: 5
Course: United States History and Geography: Making a New Nation, Grade 5

Overarching Standard:
HSS-5.6 Students understand the course and consequences of the American Revolution.

Standard:
Identify the different roles women played during the Revolution (e.g., Abigail Adams, Martha Washington, Molly Pitcher, Phillis Wheatley, Mercy Otis Warren).
"
CA-HSS-2016,HSS-5.6.4,5,"United States History and Geography: Making a New Nation, Grade 5",HSS-5.6,HSS-5.6 Students understand the course and consequences of the American Revolution.,"Understand the personal impact and economic hardship of the war on families, problems of financing the war, wartime inflation, and laws against hoarding goods and materials and profiteering.",https://www2.cde.ca.gov/cacs/history,,"Standard Identifier: HSS-5.6.4
Grade: 5
Course: United States History and Geography: Making a New Nation, Grade 5

Overarching Standard:
HSS-5.6 Students understand the course and consequences of the American Revolution.

Standard:
Understand the personal impact and economic hardship of the war on families, problems of financing the war, wartime inflation, and laws against hoarding goods and materials and profiteering.
"
CA-HSS-2016,HSS-5.6.5,5,"United States History and Geography: Making a New Nation, Grade 5",HSS-5.6,HSS-5.6 Students understand the course and consequences of the American Revolution.,Explain how state constitutions that were established after 1776 embodied the ideals of the American Revolution and helped serve as models for the U.S. Constitution.,https://www2.cde.ca.gov/cacs/history,,"Standard Identifier: HSS-5.6.5
Grade: 5
Course: United States History and Geography: Making a New Nation, Grade 5

Overarching Standard:
HSS-5.6 Students understand the course and consequences of the American Revolution.

Standard:
Explain how state constitutions that were established after 1776 embodied the ideals of the American Revolution and helped serve as models for the U.S. Constitution.
"
CA-HSS-2016,HSS-5.6.6,5,"United States History and Geography: Making a New Nation, Grade 5",HSS-5.6,HSS-5.6 Students understand the course and consequences of the American Revolution.,"Demonstrate knowledge of the significance of land policies developed under the Continental Congress (e.g., sale of western lands, the Northwest Ordinance of 1787) and those policies’ impact on American Indians’ land.",https://www2.cde.ca.gov/cacs/history,,"Standard Identifier: HSS-5.6.6
Grade: 5
Course: United States History and Geography: Making a New Nation, Grade 5

Overarching Standard:
HSS-5.6 Students understand the course and consequences of the American Revolution.

Standard:
Demonstrate knowledge of the significance of land policies developed under the Continental Congress (e.g., sale of western lands, the Northwest Ordinance of 1787) and those policies’ impact on American Indians’ land.
"
CA-HSS-2016,HSS-5.6.7,5,"United States History and Geography: Making a New Nation, Grade 5",HSS-5.6,HSS-5.6 Students understand the course and consequences of the American Revolution.,Understand how the ideals set forth in the Declaration of Independence changed the way people viewed slavery.,https://www2.cde.ca.gov/cacs/history,,"Standard Identifier: HSS-5.6.7
Grade: 5
Course: United States History and Geography: Making a New Nation, Grade 5

Overarching Standard:
HSS-5.6 Students understand the course and consequences of the American Revolution.

Standard:
Understand how the ideals set forth in the Declaration of Independence changed the way people viewed slavery.
"
CA-HSS-2016,HSS-5.7,5,"United States History and Geography: Making a New Nation, Grade 5",,,Students describe the people and events associated with the development of the U.S. Constitution and analyze the Constitution’s significance as the foundation of the American republic.,https://www2.cde.ca.gov/cacs/history,,"Standard Identifier: HSS-5.7
Grade: 5
Course: United States History and Geography: Making a New Nation, Grade 5

Standard:
Students describe the people and events associated with the development of the U.S. Constitution and analyze the Constitution’s significance as the foundation of the American republic.
"
CA-HSS-2016,HSS-5.7.1,5,"United States History and Geography: Making a New Nation, Grade 5",HSS-5.7,HSS-5.7 Students describe the people and events associated with the development of the U.S. Constitution and analyze the Constitution’s significance as the foundation of the American republic.,List the shortcomings of the Articles of Confederation as set forth by their critics.,https://www2.cde.ca.gov/cacs/history,,"Standard Identifier: HSS-5.7.1
Grade: 5
Course: United States History and Geography: Making a New Nation, Grade 5

Overarching Standard:
HSS-5.7 Students describe the people and events associated with the development of the U.S. Constitution and analyze the Constitution’s significance as the foundation of the American republic.

Standard:
List the shortcomings of the Articles of Confederation as set forth by their critics.
"
CA-HSS-2016,HSS-5.7.2,5,"United States History and Geography: Making a New Nation, Grade 5",HSS-5.7,HSS-5.7 Students describe the people and events associated with the development of the U.S. Constitution and analyze the Constitution’s significance as the foundation of the American republic.,"Explain the significance of the new Constitution of 1787, including the struggles over its ratification and the reasons for the addition of the Bill of Rights.",https://www2.cde.ca.gov/cacs/history,,"Standard Identifier: HSS-5.7.2
Grade: 5
Course: United States History and Geography: Making a New Nation, Grade 5

Overarching Standard:
HSS-5.7 Students describe the people and events associated with the development of the U.S. Constitution and analyze the Constitution’s significance as the foundation of the American republic.

Standard:
Explain the significance of the new Constitution of 1787, including the struggles over its ratification and the reasons for the addition of the Bill of Rights.
"
CA-HSS-2016,HSS-5.7.3,5,"United States History and Geography: Making a New Nation, Grade 5",HSS-5.7,HSS-5.7 Students describe the people and events associated with the development of the U.S. Constitution and analyze the Constitution’s significance as the foundation of the American republic.,"Understand the fundamental principles of American constitutional democracy, including how the government derives its power from the people and the primacy of individual liberty.",https://www2.cde.ca.gov/cacs/history,,"Standard Identifier: HSS-5.7.3
Grade: 5
Course: United States History and Geography: Making a New Nation, Grade 5

Overarching Standard:
HSS-5.7 Students describe the people and events associated with the development of the U.S. Constitution and analyze the Constitution’s significance as the foundation of the American republic.

Standard:
Understand the fundamental principles of American constitutional democracy, including how the government derives its power from the people and the primacy of individual liberty.
"
CA-HSS-2016,HSS-5.7.4,5,"United States History and Geography: Making a New Nation, Grade 5",HSS-5.7,HSS-5.7 Students describe the people and events associated with the development of the U.S. Constitution and analyze the Constitution’s significance as the foundation of the American republic.,"Understand how the Constitution is designed to secure our liberty by both empowering and limiting central government and compare the powers granted to citizens, Congress, the president, and the Supreme Court with those reserved to the states.",https://www2.cde.ca.gov/cacs/history,,"Standard Identifier: HSS-5.7.4
Grade: 5
Course: United States History and Geography: Making a New Nation, Grade 5

Overarching Standard:
HSS-5.7 Students describe the people and events associated with the development of the U.S. Constitution and analyze the Constitution’s significance as the foundation of the American republic.

Standard:
Understand how the Constitution is designed to secure our liberty by both empowering and limiting central government and compare the powers granted to citizens, Congress, the president, and the Supreme Court with those reserved to the states.
"
CA-HSS-2016,HSS-5.7.5,5,"United States History and Geography: Making a New Nation, Grade 5",HSS-5.7,HSS-5.7 Students describe the people and events associated with the development of the U.S. Constitution and analyze the Constitution’s significance as the foundation of the American republic.,"Discuss the meaning of the American creed that calls on citizens to safeguard the liberty of individual Americans within a unified nation, to respect the rule of law, and to preserve the Constitution.",https://www2.cde.ca.gov/cacs/history,,"Standard Identifier: HSS-5.7.5
Grade: 5
Course: United States History and Geography: Making a New Nation, Grade 5

Overarching Standard:
HSS-5.7 Students describe the people and events associated with the development of the U.S. Constitution and analyze the Constitution’s significance as the foundation of the American republic.

Standard:
Discuss the meaning of the American creed that calls on citizens to safeguard the liberty of individual Americans within a unified nation, to respect the rule of law, and to preserve the Constitution.
"
CA-HSS-2016,HSS-5.7.6,5,"United States History and Geography: Making a New Nation, Grade 5",HSS-5.7,HSS-5.7 Students describe the people and events associated with the development of the U.S. Constitution and analyze the Constitution’s significance as the foundation of the American republic.,"Know the songs that express American ideals (e.g., “America the Beautiful,” “The Star Spangled Banner”).",https://www2.cde.ca.gov/cacs/history,,"Standard Identifier: HSS-5.7.6
Grade: 5
Course: United States History and Geography: Making a New Nation, Grade 5

Overarching Standard:
HSS-5.7 Students describe the people and events associated with the development of the U.S. Constitution and analyze the Constitution’s significance as the foundation of the American republic.

Standard:
Know the songs that express American ideals (e.g., “America the Beautiful,” “The Star Spangled Banner”).
"
CA-HSS-2016,HSS-5.8,5,"United States History and Geography: Making a New Nation, Grade 5",,,"Students trace the colonization, immigration, and settlement patterns of the American people from 1789 to the mid-1800s, with emphasis on the role of economic incentives, effects of the physical and political geography, and transportation systems.",https://www2.cde.ca.gov/cacs/history,,"Standard Identifier: HSS-5.8
Grade: 5
Course: United States History and Geography: Making a New Nation, Grade 5

Standard:
Students trace the colonization, immigration, and settlement patterns of the American people from 1789 to the mid-1800s, with emphasis on the role of economic incentives, effects of the physical and political geography, and transportation systems.
"
CA-HSS-2016,HSS-5.8.1,5,"United States History and Geography: Making a New Nation, Grade 5",HSS-5.8,"HSS-5.8 Students trace the colonization, immigration, and settlement patterns of the American people from 1789 to the mid-1800s, with emphasis on the role of economic incentives, effects of the physical and political geography, and transportation systems.","Discuss the waves of immigrants from Europe between 1789 and 1850 and their modes of transportation into the Ohio and Mississippi Valleys and through the Cumberland Gap (e.g., overland wagons, canals, flatboats, steamboats).",https://www2.cde.ca.gov/cacs/history,,"Standard Identifier: HSS-5.8.1
Grade: 5
Course: United States History and Geography: Making a New Nation, Grade 5

Overarching Standard:
HSS-5.8 Students trace the colonization, immigration, and settlement patterns of the American people from 1789 to the mid-1800s, with emphasis on the role of economic incentives, effects of the physical and political geography, and transportation systems.

Standard:
Discuss the waves of immigrants from Europe between 1789 and 1850 and their modes of transportation into the Ohio and Mississippi Valleys and through the Cumberland Gap (e.g., overland wagons, canals, flatboats, steamboats).
"
CA-HSS-2016,HSS-5.8.2,5,"United States History and Geography: Making a New Nation, Grade 5",HSS-5.8,"HSS-5.8 Students trace the colonization, immigration, and settlement patterns of the American people from 1789 to the mid-1800s, with emphasis on the role of economic incentives, effects of the physical and political geography, and transportation systems.","Name the states and territories that existed in 1850 and identify their locations and major geographical features (e.g., mountain ranges, principal rivers, dominant plant regions).",https://www2.cde.ca.gov/cacs/history,,"Standard Identifier: HSS-5.8.2
Grade: 5
Course: United States History and Geography: Making a New Nation, Grade 5

Overarching Standard:
HSS-5.8 Students trace the colonization, immigration, and settlement patterns of the American people from 1789 to the mid-1800s, with emphasis on the role of economic incentives, effects of the physical and political geography, and transportation systems.

Standard:
Name the states and territories that existed in 1850 and identify their locations and major geographical features (e.g., mountain ranges, principal rivers, dominant plant regions).
"
CA-HSS-2016,HSS-5.8.3,5,"United States History and Geography: Making a New Nation, Grade 5",HSS-5.8,"HSS-5.8 Students trace the colonization, immigration, and settlement patterns of the American people from 1789 to the mid-1800s, with emphasis on the role of economic incentives, effects of the physical and political geography, and transportation systems.","Demonstrate knowledge of the explorations of the trans-Mississippi West following the Louisiana Purchase (e.g., Meriwether Lewis and William Clark, Zebulon Pike, John Fremont).",https://www2.cde.ca.gov/cacs/history,,"Standard Identifier: HSS-5.8.3
Grade: 5
Course: United States History and Geography: Making a New Nation, Grade 5

Overarching Standard:
HSS-5.8 Students trace the colonization, immigration, and settlement patterns of the American people from 1789 to the mid-1800s, with emphasis on the role of economic incentives, effects of the physical and political geography, and transportation systems.

Standard:
Demonstrate knowledge of the explorations of the trans-Mississippi West following the Louisiana Purchase (e.g., Meriwether Lewis and William Clark, Zebulon Pike, John Fremont).
"
CA-HSS-2016,HSS-5.8.4,5,"United States History and Geography: Making a New Nation, Grade 5",HSS-5.8,"HSS-5.8 Students trace the colonization, immigration, and settlement patterns of the American people from 1789 to the mid-1800s, with emphasis on the role of economic incentives, effects of the physical and political geography, and transportation systems.","Discuss the experiences of settlers on the overland trails to the West (e.g., location of the routes; purpose of the journeys; the influence of the terrain, rivers, vegetation, and climate; life in the territories at the end of these trails).",https://www2.cde.ca.gov/cacs/history,,"Standard Identifier: HSS-5.8.4
Grade: 5
Course: United States History and Geography: Making a New Nation, Grade 5

Overarching Standard:
HSS-5.8 Students trace the colonization, immigration, and settlement patterns of the American people from 1789 to the mid-1800s, with emphasis on the role of economic incentives, effects of the physical and political geography, and transportation systems.

Standard:
Discuss the experiences of settlers on the overland trails to the West (e.g., location of the routes; purpose of the journeys; the influence of the terrain, rivers, vegetation, and climate; life in the territories at the end of these trails).
"
CA-HSS-2016,HSS-5.8.5,5,"United States History and Geography: Making a New Nation, Grade 5",HSS-5.8,"HSS-5.8 Students trace the colonization, immigration, and settlement patterns of the American people from 1789 to the mid-1800s, with emphasis on the role of economic incentives, effects of the physical and political geography, and transportation systems.",Describe the continued migration of Mexican settlers into Mexican territories of the West and Southwest.,https://www2.cde.ca.gov/cacs/history,,"Standard Identifier: HSS-5.8.5
Grade: 5
Course: United States History and Geography: Making a New Nation, Grade 5

Overarching Standard:
HSS-5.8 Students trace the colonization, immigration, and settlement patterns of the American people from 1789 to the mid-1800s, with emphasis on the role of economic incentives, effects of the physical and political geography, and transportation systems.

Standard:
Describe the continued migration of Mexican settlers into Mexican territories of the West and Southwest.
"
CA-HSS-2016,HSS-5.8.6,5,"United States History and Geography: Making a New Nation, Grade 5",HSS-5.8,"HSS-5.8 Students trace the colonization, immigration, and settlement patterns of the American people from 1789 to the mid-1800s, with emphasis on the role of economic incentives, effects of the physical and political geography, and transportation systems.","Relate how and when California, Texas, Oregon, and other western lands became part of the United States, including the significance of the Texas War for Independence and the Mexican-American War.",https://www2.cde.ca.gov/cacs/history,,"Standard Identifier: HSS-5.8.6
Grade: 5
Course: United States History and Geography: Making a New Nation, Grade 5

Overarching Standard:
HSS-5.8 Students trace the colonization, immigration, and settlement patterns of the American people from 1789 to the mid-1800s, with emphasis on the role of economic incentives, effects of the physical and political geography, and transportation systems.

Standard:
Relate how and when California, Texas, Oregon, and other western lands became part of the United States, including the significance of the Texas War for Independence and the Mexican-American War.
"
CA-HSS-2016,HSS-5.9,5,"United States History and Geography: Making a New Nation, Grade 5",,,Students know the location of the current 50 states and the names of their capitals.,https://www2.cde.ca.gov/cacs/history,,"Standard Identifier: HSS-5.9
Grade: 5
Course: United States History and Geography: Making a New Nation, Grade 5

Standard:
Students know the location of the current 50 states and the names of their capitals.

"
