framework_id,code,grade,cluster,overarching_standard_code,overarching_standard,text,source_url,page,raw_text
CA-PE-2005,PE-K.1,0,,,,Students demonstrate the motor skills and movement patterns needed to perform a variety of physical activities.,https://www2.cde.ca.gov/cacs/pe,,"Standard Identifier: PE-K.1
Grade: K

Standard:
Students demonstrate the motor skills and movement patterns needed to perform a variety of physical activities.
"
CA-PE-2005,PE-K.1.1,0,Movement Concepts,PE-K.1,Students demonstrate the motor skills and movement patterns needed to perform a variety of physical activities.,"Travel within a large group, without bumping into others or falling, while using locomotor skills.",https://www2.cde.ca.gov/cacs/pe,,"Standard Identifier: PE-K.1.1
Grade: K
Cluster: Movement Concepts

Overarching Standard:
Students demonstrate the motor skills and movement patterns needed to perform a variety of physical activities.

Standard:
Travel within a large group, without bumping into others or falling, while using locomotor skills.
"
CA-PE-2005,PE-K.1.10,0,Locomotor Movement,PE-K.1,Students demonstrate the motor skills and movement patterns needed to perform a variety of physical activities.,"Travel in straight, curved, and zigzag pathways.",https://www2.cde.ca.gov/cacs/pe,,"Standard Identifier: PE-K.1.10
Grade: K
Cluster: Locomotor Movement

Overarching Standard:
Students demonstrate the motor skills and movement patterns needed to perform a variety of physical activities.

Standard:
Travel in straight, curved, and zigzag pathways.
"
CA-PE-2005,PE-K.1.11,0,Locomotor Movement,PE-K.1,Students demonstrate the motor skills and movement patterns needed to perform a variety of physical activities.,"Jump over a stationary rope several times in succession, using forward-and-back and side-to-side movement patterns.",https://www2.cde.ca.gov/cacs/pe,,"Standard Identifier: PE-K.1.11
Grade: K
Cluster: Locomotor Movement

Overarching Standard:
Students demonstrate the motor skills and movement patterns needed to perform a variety of physical activities.

Standard:
Jump over a stationary rope several times in succession, using forward-and-back and side-to-side movement patterns.
"
CA-PE-2005,PE-K.1.12,0,Manipulative Skills,PE-K.1,Students demonstrate the motor skills and movement patterns needed to perform a variety of physical activities.,"Strike a stationary ball or balloon with the hands, arms, and feet.",https://www2.cde.ca.gov/cacs/pe,,"Standard Identifier: PE-K.1.12
Grade: K
Cluster: Manipulative Skills

Overarching Standard:
Students demonstrate the motor skills and movement patterns needed to perform a variety of physical activities.

Standard:
Strike a stationary ball or balloon with the hands, arms, and feet.
"
CA-PE-2005,PE-K.1.13,0,Manipulative Skills,PE-K.1,Students demonstrate the motor skills and movement patterns needed to perform a variety of physical activities.,"Toss a ball to oneself, using the underhand throw pattern, and catch it before it bounces twice.",https://www2.cde.ca.gov/cacs/pe,,"Standard Identifier: PE-K.1.13
Grade: K
Cluster: Manipulative Skills

Overarching Standard:
Students demonstrate the motor skills and movement patterns needed to perform a variety of physical activities.

Standard:
Toss a ball to oneself, using the underhand throw pattern, and catch it before it bounces twice.
"
CA-PE-2005,PE-K.1.14,0,Manipulative Skills,PE-K.1,Students demonstrate the motor skills and movement patterns needed to perform a variety of physical activities.,"Kick a stationary object, using a simple kicking pattern.",https://www2.cde.ca.gov/cacs/pe,,"Standard Identifier: PE-K.1.14
Grade: K
Cluster: Manipulative Skills

Overarching Standard:
Students demonstrate the motor skills and movement patterns needed to perform a variety of physical activities.

Standard:
Kick a stationary object, using a simple kicking pattern.
"
CA-PE-2005,PE-K.1.15,0,Manipulative Skills,PE-K.1,Students demonstrate the motor skills and movement patterns needed to perform a variety of physical activities.,"Bounce a ball continuously, using two hands.",https://www2.cde.ca.gov/cacs/pe,,"Standard Identifier: PE-K.1.15
Grade: K
Cluster: Manipulative Skills

Overarching Standard:
Students demonstrate the motor skills and movement patterns needed to perform a variety of physical activities.

Standard:
Bounce a ball continuously, using two hands.
"
CA-PE-2005,PE-K.1.16,0,Rhythmic Skills,PE-K.1,Students demonstrate the motor skills and movement patterns needed to perform a variety of physical activities.,Perform locomotor and nonlocomotor movements to a steady beat.,https://www2.cde.ca.gov/cacs/pe,,"Standard Identifier: PE-K.1.16
Grade: K
Cluster: Rhythmic Skills

Overarching Standard:
Students demonstrate the motor skills and movement patterns needed to perform a variety of physical activities.

Standard:
Perform locomotor and nonlocomotor movements to a steady beat.
"
CA-PE-2005,PE-K.1.17,0,Rhythmic Skills,PE-K.1,Students demonstrate the motor skills and movement patterns needed to perform a variety of physical activities.,"Clap in time to a simple, rhythmic beat.",https://www2.cde.ca.gov/cacs/pe,,"Standard Identifier: PE-K.1.17
Grade: K
Cluster: Rhythmic Skills

Overarching Standard:
Students demonstrate the motor skills and movement patterns needed to perform a variety of physical activities.

Standard:
Clap in time to a simple, rhythmic beat.
"
CA-PE-2005,PE-K.1.2,0,Movement Concepts,PE-K.1,Students demonstrate the motor skills and movement patterns needed to perform a variety of physical activities.,Travel forward and sideways while changing direction quickly in response to a signal.,https://www2.cde.ca.gov/cacs/pe,,"Standard Identifier: PE-K.1.2
Grade: K
Cluster: Movement Concepts

Overarching Standard:
Students demonstrate the motor skills and movement patterns needed to perform a variety of physical activities.

Standard:
Travel forward and sideways while changing direction quickly in response to a signal.
"
CA-PE-2005,PE-K.1.3,0,Movement Concepts,PE-K.1,Students demonstrate the motor skills and movement patterns needed to perform a variety of physical activities.,Demonstrate contrasts between slow and fast speeds while using locomotor skills.,https://www2.cde.ca.gov/cacs/pe,,"Standard Identifier: PE-K.1.3
Grade: K
Cluster: Movement Concepts

Overarching Standard:
Students demonstrate the motor skills and movement patterns needed to perform a variety of physical activities.

Standard:
Demonstrate contrasts between slow and fast speeds while using locomotor skills.
"
CA-PE-2005,PE-K.1.4,0,Movement Concepts,PE-K.1,Students demonstrate the motor skills and movement patterns needed to perform a variety of physical activities.,"Create shapes at high, medium, and low levels by using hands, arms, torso, feet, and legs in a variety of combinations.",https://www2.cde.ca.gov/cacs/pe,,"Standard Identifier: PE-K.1.4
Grade: K
Cluster: Movement Concepts

Overarching Standard:
Students demonstrate the motor skills and movement patterns needed to perform a variety of physical activities.

Standard:
Create shapes at high, medium, and low levels by using hands, arms, torso, feet, and legs in a variety of combinations.
"
CA-PE-2005,PE-K.1.5,0,Body Management,PE-K.1,Students demonstrate the motor skills and movement patterns needed to perform a variety of physical activities.,Create shapes by using nonlocomotor movements.,https://www2.cde.ca.gov/cacs/pe,,"Standard Identifier: PE-K.1.5
Grade: K
Cluster: Body Management

Overarching Standard:
Students demonstrate the motor skills and movement patterns needed to perform a variety of physical activities.

Standard:
Create shapes by using nonlocomotor movements.
"
CA-PE-2005,PE-K.1.6,0,Body Management,PE-K.1,Students demonstrate the motor skills and movement patterns needed to perform a variety of physical activities.,"Balance on one, two, three, four, and ﬁve body parts.",https://www2.cde.ca.gov/cacs/pe,,"Standard Identifier: PE-K.1.6
Grade: K
Cluster: Body Management

Overarching Standard:
Students demonstrate the motor skills and movement patterns needed to perform a variety of physical activities.

Standard:
Balance on one, two, three, four, and ﬁve body parts.
"
CA-PE-2005,PE-K.1.7,0,Body Management,PE-K.1,Students demonstrate the motor skills and movement patterns needed to perform a variety of physical activities.,"Balance while walking forward and sideways on a narrow, elevated surface.",https://www2.cde.ca.gov/cacs/pe,,"Standard Identifier: PE-K.1.7
Grade: K
Cluster: Body Management

Overarching Standard:
Students demonstrate the motor skills and movement patterns needed to perform a variety of physical activities.

Standard:
Balance while walking forward and sideways on a narrow, elevated surface.
"
CA-PE-2005,PE-K.1.8,0,Body Management,PE-K.1,Students demonstrate the motor skills and movement patterns needed to perform a variety of physical activities.,"Demonstrate the relationship of under, over, behind, next to, through, right, left, up, down, forward, backward, and in front of by using the body and an object.",https://www2.cde.ca.gov/cacs/pe,,"Standard Identifier: PE-K.1.8
Grade: K
Cluster: Body Management

Overarching Standard:
Students demonstrate the motor skills and movement patterns needed to perform a variety of physical activities.

Standard:
Demonstrate the relationship of under, over, behind, next to, through, right, left, up, down, forward, backward, and in front of by using the body and an object.
"
CA-PE-2005,PE-K.1.9,0,Locomotor Movement,PE-K.1,Students demonstrate the motor skills and movement patterns needed to perform a variety of physical activities.,Perform a continuous log roll.,https://www2.cde.ca.gov/cacs/pe,,"Standard Identifier: PE-K.1.9
Grade: K
Cluster: Locomotor Movement

Overarching Standard:
Students demonstrate the motor skills and movement patterns needed to perform a variety of physical activities.

Standard:
Perform a continuous log roll.
"
CA-PE-2005,PE-K.2,0,,,,"Students demonstrate knowledge of movement concepts, principles, and strategies that apply to the learning and performance of physical activities.",https://www2.cde.ca.gov/cacs/pe,,"Standard Identifier: PE-K.2
Grade: K

Standard:
Students demonstrate knowledge of movement concepts, principles, and strategies that apply to the learning and performance of physical activities.
"
CA-PE-2005,PE-K.2.1,0,Movement Concepts,PE-K.2,"Students demonstrate knowledge of movement concepts, principles, and strategies that apply to the learning and performance of physical activities.","Explain the difference between under and over, behind and in front of, next to and through, up and down, forward and backward, and sideways.",https://www2.cde.ca.gov/cacs/pe,,"Standard Identifier: PE-K.2.1
Grade: K
Cluster: Movement Concepts

Overarching Standard:
Students demonstrate knowledge of movement concepts, principles, and strategies that apply to the learning and performance of physical activities.

Standard:
Explain the difference between under and over, behind and in front of, next to and through, up and down, forward and backward, and sideways.
"
CA-PE-2005,PE-K.2.2,0,Movement Concepts,PE-K.2,"Students demonstrate knowledge of movement concepts, principles, and strategies that apply to the learning and performance of physical activities.","Identify and independently use personal space, general space, and boundaries and discuss why they are important.",https://www2.cde.ca.gov/cacs/pe,,"Standard Identifier: PE-K.2.2
Grade: K
Cluster: Movement Concepts

Overarching Standard:
Students demonstrate knowledge of movement concepts, principles, and strategies that apply to the learning and performance of physical activities.

Standard:
Identify and independently use personal space, general space, and boundaries and discuss why they are important.
"
CA-PE-2005,PE-K.2.3,0,Body Management,PE-K.2,"Students demonstrate knowledge of movement concepts, principles, and strategies that apply to the learning and performance of physical activities.","Identify and describe parts of the body: the head, shoulders, neck, back, chest, waist, hips, arms, elbows, wrists, hands, ﬁngers, legs, knees, ankles, feet, and toes.",https://www2.cde.ca.gov/cacs/pe,,"Standard Identifier: PE-K.2.3
Grade: K
Cluster: Body Management

Overarching Standard:
Students demonstrate knowledge of movement concepts, principles, and strategies that apply to the learning and performance of physical activities.

Standard:
Identify and describe parts of the body: the head, shoulders, neck, back, chest, waist, hips, arms, elbows, wrists, hands, ﬁngers, legs, knees, ankles, feet, and toes.
"
CA-PE-2005,PE-K.2.4,0,Body Management,PE-K.2,"Students demonstrate knowledge of movement concepts, principles, and strategies that apply to the learning and performance of physical activities.",Explain base of support.,https://www2.cde.ca.gov/cacs/pe,,"Standard Identifier: PE-K.2.4
Grade: K
Cluster: Body Management

Overarching Standard:
Students demonstrate knowledge of movement concepts, principles, and strategies that apply to the learning and performance of physical activities.

Standard:
Explain base of support.
"
CA-PE-2005,PE-K.2.5,0,Locomotor Movement,PE-K.2,"Students demonstrate knowledge of movement concepts, principles, and strategies that apply to the learning and performance of physical activities.","Identify the locomotor skills of walk, jog, run, hop, jump, slide, and gallop.",https://www2.cde.ca.gov/cacs/pe,,"Standard Identifier: PE-K.2.5
Grade: K
Cluster: Locomotor Movement

Overarching Standard:
Students demonstrate knowledge of movement concepts, principles, and strategies that apply to the learning and performance of physical activities.

Standard:
Identify the locomotor skills of walk, jog, run, hop, jump, slide, and gallop.
"
CA-PE-2005,PE-K.2.6,0,Manipulative Skills,PE-K.2,"Students demonstrate knowledge of movement concepts, principles, and strategies that apply to the learning and performance of physical activities.","Explain the role of the eyes when striking objects with the hands, arms, and feet.",https://www2.cde.ca.gov/cacs/pe,,"Standard Identifier: PE-K.2.6
Grade: K
Cluster: Manipulative Skills

Overarching Standard:
Students demonstrate knowledge of movement concepts, principles, and strategies that apply to the learning and performance of physical activities.

Standard:
Explain the role of the eyes when striking objects with the hands, arms, and feet.
"
CA-PE-2005,PE-K.2.7,0,Manipulative Skills,PE-K.2,"Students demonstrate knowledge of movement concepts, principles, and strategies that apply to the learning and performance of physical activities.",Identify the point of contact for kicking a ball in a straight line.,https://www2.cde.ca.gov/cacs/pe,,"Standard Identifier: PE-K.2.7
Grade: K
Cluster: Manipulative Skills

Overarching Standard:
Students demonstrate knowledge of movement concepts, principles, and strategies that apply to the learning and performance of physical activities.

Standard:
Identify the point of contact for kicking a ball in a straight line.
"
CA-PE-2005,PE-K.2.8,0,Manipulative Skills,PE-K.2,"Students demonstrate knowledge of movement concepts, principles, and strategies that apply to the learning and performance of physical activities.",Describe the position of the fingers in the follow-through phase of bouncing a ball continuously.,https://www2.cde.ca.gov/cacs/pe,,"Standard Identifier: PE-K.2.8
Grade: K
Cluster: Manipulative Skills

Overarching Standard:
Students demonstrate knowledge of movement concepts, principles, and strategies that apply to the learning and performance of physical activities.

Standard:
Describe the position of the fingers in the follow-through phase of bouncing a ball continuously.
"
CA-PE-2005,PE-K.3,0,,,,Students assess and maintain a level of physical fitness to improve health and performance.,https://www2.cde.ca.gov/cacs/pe,,"Standard Identifier: PE-K.3
Grade: K

Standard:
Students assess and maintain a level of physical fitness to improve health and performance.
"
CA-PE-2005,PE-K.3.1,0,Fitness Concepts,PE-K.3,Students assess and maintain a level of physical fitness to improve health and performance.,Participate in physical activities that are enjoyable and challenging.,https://www2.cde.ca.gov/cacs/pe,,"Standard Identifier: PE-K.3.1
Grade: K
Cluster: Fitness Concepts

Overarching Standard:
Students assess and maintain a level of physical fitness to improve health and performance.

Standard:
Participate in physical activities that are enjoyable and challenging.
"
CA-PE-2005,PE-K.3.2,0,Aerobic Capacity,PE-K.3,Students assess and maintain a level of physical fitness to improve health and performance.,Participate three to four days each week in moderate to vigorous physical activities that increase breathing and heart rate.,https://www2.cde.ca.gov/cacs/pe,,"Standard Identifier: PE-K.3.2
Grade: K
Cluster: Aerobic Capacity

Overarching Standard:
Students assess and maintain a level of physical fitness to improve health and performance.

Standard:
Participate three to four days each week in moderate to vigorous physical activities that increase breathing and heart rate.
"
CA-PE-2005,PE-K.3.3,0,Muscular Strength/Endurance,PE-K.3,Students assess and maintain a level of physical fitness to improve health and performance.,Hang from overhead bars for increasing periods of time.,https://www2.cde.ca.gov/cacs/pe,,"Standard Identifier: PE-K.3.3
Grade: K
Cluster: Muscular Strength/Endurance

Overarching Standard:
Students assess and maintain a level of physical fitness to improve health and performance.

Standard:
Hang from overhead bars for increasing periods of time.
"
CA-PE-2005,PE-K.3.4,0,Muscular Strength/Endurance,PE-K.3,Students assess and maintain a level of physical fitness to improve health and performance.,"Climb a ladder, jungle gym, or apparatus.",https://www2.cde.ca.gov/cacs/pe,,"Standard Identifier: PE-K.3.4
Grade: K
Cluster: Muscular Strength/Endurance

Overarching Standard:
Students assess and maintain a level of physical fitness to improve health and performance.

Standard:
Climb a ladder, jungle gym, or apparatus.
"
CA-PE-2005,PE-K.3.5,0,Flexibility,PE-K.3,Students assess and maintain a level of physical fitness to improve health and performance.,"Stretch shoulders, legs, arms, and back without bouncing.",https://www2.cde.ca.gov/cacs/pe,,"Standard Identifier: PE-K.3.5
Grade: K
Cluster: Flexibility

Overarching Standard:
Students assess and maintain a level of physical fitness to improve health and performance.

Standard:
Stretch shoulders, legs, arms, and back without bouncing.
"
CA-PE-2005,PE-K.3.6,0,Body Composition,PE-K.3,Students assess and maintain a level of physical fitness to improve health and performance.,Sustain continuous movement for increasing periods of time while participating in moderate to vigorous physical activity.,https://www2.cde.ca.gov/cacs/pe,,"Standard Identifier: PE-K.3.6
Grade: K
Cluster: Body Composition

Overarching Standard:
Students assess and maintain a level of physical fitness to improve health and performance.

Standard:
Sustain continuous movement for increasing periods of time while participating in moderate to vigorous physical activity.
"
CA-PE-2005,PE-K.3.7,0,Assessment,PE-K.3,Students assess and maintain a level of physical fitness to improve health and performance.,Identify indicators of increased capacity to participate in vigorous physical activity.,https://www2.cde.ca.gov/cacs/pe,,"Standard Identifier: PE-K.3.7
Grade: K
Cluster: Assessment

Overarching Standard:
Students assess and maintain a level of physical fitness to improve health and performance.

Standard:
Identify indicators of increased capacity to participate in vigorous physical activity.
"
CA-PE-2005,PE-K.4,0,,,,"Students demonstrate knowledge of physical fitness concepts, principles, and strategies to improve health and performance.",https://www2.cde.ca.gov/cacs/pe,,"Standard Identifier: PE-K.4
Grade: K

Standard:
Students demonstrate knowledge of physical fitness concepts, principles, and strategies to improve health and performance.
"
CA-PE-2005,PE-K.4.1,0,Fitness Concepts,PE-K.4,"Students demonstrate knowledge of physical fitness concepts, principles, and strategies to improve health and performance.",Identify physical activities that are enjoyable and challenging.,https://www2.cde.ca.gov/cacs/pe,,"Standard Identifier: PE-K.4.1
Grade: K
Cluster: Fitness Concepts

Overarching Standard:
Students demonstrate knowledge of physical fitness concepts, principles, and strategies to improve health and performance.

Standard:
Identify physical activities that are enjoyable and challenging.
"
CA-PE-2005,PE-K.4.10,0,Body Composition,PE-K.4,"Students demonstrate knowledge of physical fitness concepts, principles, and strategies to improve health and performance.","Explain that the body is composed of bones, organs, fat, and other tissues.",https://www2.cde.ca.gov/cacs/pe,,"Standard Identifier: PE-K.4.10
Grade: K
Cluster: Body Composition

Overarching Standard:
Students demonstrate knowledge of physical fitness concepts, principles, and strategies to improve health and performance.

Standard:
Explain that the body is composed of bones, organs, fat, and other tissues.
"
CA-PE-2005,PE-K.4.2,0,Fitness Concepts,PE-K.4,"Students demonstrate knowledge of physical fitness concepts, principles, and strategies to improve health and performance.",Describe the role of water as an essential nutrient for the body.,https://www2.cde.ca.gov/cacs/pe,,"Standard Identifier: PE-K.4.2
Grade: K
Cluster: Fitness Concepts

Overarching Standard:
Students demonstrate knowledge of physical fitness concepts, principles, and strategies to improve health and performance.

Standard:
Describe the role of water as an essential nutrient for the body.
"
CA-PE-2005,PE-K.4.3,0,Fitness Concepts,PE-K.4,"Students demonstrate knowledge of physical fitness concepts, principles, and strategies to improve health and performance.",Explain that nutritious food provides energy for physical activity.,https://www2.cde.ca.gov/cacs/pe,,"Standard Identifier: PE-K.4.3
Grade: K
Cluster: Fitness Concepts

Overarching Standard:
Students demonstrate knowledge of physical fitness concepts, principles, and strategies to improve health and performance.

Standard:
Explain that nutritious food provides energy for physical activity.
"
CA-PE-2005,PE-K.4.4,0,Aerobic Capacity,PE-K.4,"Students demonstrate knowledge of physical fitness concepts, principles, and strategies to improve health and performance.",Identify the location of the heart and explain that it is a muscle.,https://www2.cde.ca.gov/cacs/pe,,"Standard Identifier: PE-K.4.4
Grade: K
Cluster: Aerobic Capacity

Overarching Standard:
Students demonstrate knowledge of physical fitness concepts, principles, and strategies to improve health and performance.

Standard:
Identify the location of the heart and explain that it is a muscle.
"
CA-PE-2005,PE-K.4.5,0,Aerobic Capacity,PE-K.4,"Students demonstrate knowledge of physical fitness concepts, principles, and strategies to improve health and performance.",Explain that physical activity increases the heart rate.,https://www2.cde.ca.gov/cacs/pe,,"Standard Identifier: PE-K.4.5
Grade: K
Cluster: Aerobic Capacity

Overarching Standard:
Students demonstrate knowledge of physical fitness concepts, principles, and strategies to improve health and performance.

Standard:
Explain that physical activity increases the heart rate.
"
CA-PE-2005,PE-K.4.6,0,Aerobic Capacity,PE-K.4,"Students demonstrate knowledge of physical fitness concepts, principles, and strategies to improve health and performance.",Identify the location of the lungs and explain the role of the lungs in the collection of oxygen.,https://www2.cde.ca.gov/cacs/pe,,"Standard Identifier: PE-K.4.6
Grade: K
Cluster: Aerobic Capacity

Overarching Standard:
Students demonstrate knowledge of physical fitness concepts, principles, and strategies to improve health and performance.

Standard:
Identify the location of the lungs and explain the role of the lungs in the collection of oxygen.
"
CA-PE-2005,PE-K.4.7,0,Muscular Strength/Endurance,PE-K.4,"Students demonstrate knowledge of physical fitness concepts, principles, and strategies to improve health and performance.","Explain that strong muscles help the body to climb, hang, push, and pull.",https://www2.cde.ca.gov/cacs/pe,,"Standard Identifier: PE-K.4.7
Grade: K
Cluster: Muscular Strength/Endurance

Overarching Standard:
Students demonstrate knowledge of physical fitness concepts, principles, and strategies to improve health and performance.

Standard:
Explain that strong muscles help the body to climb, hang, push, and pull.
"
CA-PE-2005,PE-K.4.8,0,Muscular Strength/Endurance,PE-K.4,"Students demonstrate knowledge of physical fitness concepts, principles, and strategies to improve health and performance.",Describe the role of muscles in moving the bones.,https://www2.cde.ca.gov/cacs/pe,,"Standard Identifier: PE-K.4.8
Grade: K
Cluster: Muscular Strength/Endurance

Overarching Standard:
Students demonstrate knowledge of physical fitness concepts, principles, and strategies to improve health and performance.

Standard:
Describe the role of muscles in moving the bones.
"
CA-PE-2005,PE-K.4.9,0,Flexibility,PE-K.4,"Students demonstrate knowledge of physical fitness concepts, principles, and strategies to improve health and performance.",Identify the body part involved when stretching.,https://www2.cde.ca.gov/cacs/pe,,"Standard Identifier: PE-K.4.9
Grade: K
Cluster: Flexibility

Overarching Standard:
Students demonstrate knowledge of physical fitness concepts, principles, and strategies to improve health and performance.

Standard:
Identify the body part involved when stretching.
"
CA-PE-2005,PE-K.5,0,,,,"Students demonstrate and utilize knowledge of psychological and sociological concepts, principles, and strategies that apply to the learning and performance of physical activity.",https://www2.cde.ca.gov/cacs/pe,,"Standard Identifier: PE-K.5
Grade: K

Standard:
Students demonstrate and utilize knowledge of psychological and sociological concepts, principles, and strategies that apply to the learning and performance of physical activity.
"
CA-PE-2005,PE-K.5.1,0,Self-Responsibility,PE-K.5,"Students demonstrate and utilize knowledge of psychological and sociological concepts, principles, and strategies that apply to the learning and performance of physical activity.",Identify the feelings that result from participation in physical activity.,https://www2.cde.ca.gov/cacs/pe,,"Standard Identifier: PE-K.5.1
Grade: K
Cluster: Self-Responsibility

Overarching Standard:
Students demonstrate and utilize knowledge of psychological and sociological concepts, principles, and strategies that apply to the learning and performance of physical activity.

Standard:
Identify the feelings that result from participation in physical activity.
"
CA-PE-2005,PE-K.5.2,0,Self-Responsibility,PE-K.5,"Students demonstrate and utilize knowledge of psychological and sociological concepts, principles, and strategies that apply to the learning and performance of physical activity.",Participate willingly in physical activities.,https://www2.cde.ca.gov/cacs/pe,,"Standard Identifier: PE-K.5.2
Grade: K
Cluster: Self-Responsibility

Overarching Standard:
Students demonstrate and utilize knowledge of psychological and sociological concepts, principles, and strategies that apply to the learning and performance of physical activity.

Standard:
Participate willingly in physical activities.
"
CA-PE-2005,PE-K.5.3,0,Social Interaction,PE-K.5,"Students demonstrate and utilize knowledge of psychological and sociological concepts, principles, and strategies that apply to the learning and performance of physical activity.",Demonstrate the characteristics of sharing in a physical activity.,https://www2.cde.ca.gov/cacs/pe,,"Standard Identifier: PE-K.5.3
Grade: K
Cluster: Social Interaction

Overarching Standard:
Students demonstrate and utilize knowledge of psychological and sociological concepts, principles, and strategies that apply to the learning and performance of physical activity.

Standard:
Demonstrate the characteristics of sharing in a physical activity.
"
CA-PE-2005,PE-K.5.4,0,Social Interaction,PE-K.5,"Students demonstrate and utilize knowledge of psychological and sociological concepts, principles, and strategies that apply to the learning and performance of physical activity.",Describe how positive social interaction can make physical activity with others more fun.,https://www2.cde.ca.gov/cacs/pe,,"Standard Identifier: PE-K.5.4
Grade: K
Cluster: Social Interaction

Overarching Standard:
Students demonstrate and utilize knowledge of psychological and sociological concepts, principles, and strategies that apply to the learning and performance of physical activity.

Standard:
Describe how positive social interaction can make physical activity with others more fun.
"
CA-PE-2005,PE-K.5.5,0,Group Dynamics,PE-K.5,"Students demonstrate and utilize knowledge of psychological and sociological concepts, principles, and strategies that apply to the learning and performance of physical activity.",Participate as a leader and a follower during physical activities.,https://www2.cde.ca.gov/cacs/pe,,"Standard Identifier: PE-K.5.5
Grade: K
Cluster: Group Dynamics

Overarching Standard:
Students demonstrate and utilize knowledge of psychological and sociological concepts, principles, and strategies that apply to the learning and performance of physical activity.

Standard:
Participate as a leader and a follower during physical activities.
"
CA-PE-2005,PE-1.1,1,,,,Students demonstrate the motor skills and movement patterns needed to perform a variety of physical activities.,https://www2.cde.ca.gov/cacs/pe,,"Standard Identifier: PE-1.1
Grade: 1

Standard:
Students demonstrate the motor skills and movement patterns needed to perform a variety of physical activities.
"
CA-PE-2005,PE-1.1.1,1,Movement Concepts,PE-1.1,Students demonstrate the motor skills and movement patterns needed to perform a variety of physical activities.,"Demonstrate an awareness of personal space, general space, and boundaries while moving in different directions and at high, medium, and low levels in space.",https://www2.cde.ca.gov/cacs/pe,,"Standard Identifier: PE-1.1.1
Grade: 1
Cluster: Movement Concepts

Overarching Standard:
Students demonstrate the motor skills and movement patterns needed to perform a variety of physical activities.

Standard:
Demonstrate an awareness of personal space, general space, and boundaries while moving in different directions and at high, medium, and low levels in space.
"
CA-PE-2005,PE-1.1.10,1,Manipulative Skills,PE-1.1,Students demonstrate the motor skills and movement patterns needed to perform a variety of physical activities.,Demonstrate the underhand movement (throw) pattern.,https://www2.cde.ca.gov/cacs/pe,,"Standard Identifier: PE-1.1.10
Grade: 1
Cluster: Manipulative Skills

Overarching Standard:
Students demonstrate the motor skills and movement patterns needed to perform a variety of physical activities.

Standard:
Demonstrate the underhand movement (throw) pattern.
"
CA-PE-2005,PE-1.1.11,1,Manipulative Skills,PE-1.1,Students demonstrate the motor skills and movement patterns needed to perform a variety of physical activities.,Demonstrate the overhand movement (throw) pattern.,https://www2.cde.ca.gov/cacs/pe,,"Standard Identifier: PE-1.1.11
Grade: 1
Cluster: Manipulative Skills

Overarching Standard:
Students demonstrate the motor skills and movement patterns needed to perform a variety of physical activities.

Standard:
Demonstrate the overhand movement (throw) pattern.
"
CA-PE-2005,PE-1.1.12,1,Manipulative Skills,PE-1.1,Students demonstrate the motor skills and movement patterns needed to perform a variety of physical activities.,Demonstrate the two-handed overhead (throw) pattern.,https://www2.cde.ca.gov/cacs/pe,,"Standard Identifier: PE-1.1.12
Grade: 1
Cluster: Manipulative Skills

Overarching Standard:
Students demonstrate the motor skills and movement patterns needed to perform a variety of physical activities.

Standard:
Demonstrate the two-handed overhead (throw) pattern.
"
CA-PE-2005,PE-1.1.13,1,Manipulative Skills,PE-1.1,Students demonstrate the motor skills and movement patterns needed to perform a variety of physical activities.,"Catch, showing proper form, a gently thrown ball.",https://www2.cde.ca.gov/cacs/pe,,"Standard Identifier: PE-1.1.13
Grade: 1
Cluster: Manipulative Skills

Overarching Standard:
Students demonstrate the motor skills and movement patterns needed to perform a variety of physical activities.

Standard:
Catch, showing proper form, a gently thrown ball.
"
CA-PE-2005,PE-1.1.14,1,Manipulative Skills,PE-1.1,Students demonstrate the motor skills and movement patterns needed to perform a variety of physical activities.,Catch a self-tossed ball.,https://www2.cde.ca.gov/cacs/pe,,"Standard Identifier: PE-1.1.14
Grade: 1
Cluster: Manipulative Skills

Overarching Standard:
Students demonstrate the motor skills and movement patterns needed to perform a variety of physical activities.

Standard:
Catch a self-tossed ball.
"
CA-PE-2005,PE-1.1.15,1,Manipulative Skills,PE-1.1,Students demonstrate the motor skills and movement patterns needed to perform a variety of physical activities.,Catch a self-bounced ball.,https://www2.cde.ca.gov/cacs/pe,,"Standard Identifier: PE-1.1.15
Grade: 1
Cluster: Manipulative Skills

Overarching Standard:
Students demonstrate the motor skills and movement patterns needed to perform a variety of physical activities.

Standard:
Catch a self-bounced ball.
"
CA-PE-2005,PE-1.1.16,1,Manipulative Skills,PE-1.1,Students demonstrate the motor skills and movement patterns needed to perform a variety of physical activities.,Kick a rolled ball from a stationary position.,https://www2.cde.ca.gov/cacs/pe,,"Standard Identifier: PE-1.1.16
Grade: 1
Cluster: Manipulative Skills

Overarching Standard:
Students demonstrate the motor skills and movement patterns needed to perform a variety of physical activities.

Standard:
Kick a rolled ball from a stationary position.
"
CA-PE-2005,PE-1.1.17,1,Manipulative Skills,PE-1.1,Students demonstrate the motor skills and movement patterns needed to perform a variety of physical activities.,"Kick a stationary ball, using a smooth, continuous running approach.",https://www2.cde.ca.gov/cacs/pe,,"Standard Identifier: PE-1.1.17
Grade: 1
Cluster: Manipulative Skills

Overarching Standard:
Students demonstrate the motor skills and movement patterns needed to perform a variety of physical activities.

Standard:
Kick a stationary ball, using a smooth, continuous running approach.
"
CA-PE-2005,PE-1.1.18,1,Manipulative Skills,PE-1.1,Students demonstrate the motor skills and movement patterns needed to perform a variety of physical activities.,"Strike a balloon upward continuously, using arms, hands, and feet.",https://www2.cde.ca.gov/cacs/pe,,"Standard Identifier: PE-1.1.18
Grade: 1
Cluster: Manipulative Skills

Overarching Standard:
Students demonstrate the motor skills and movement patterns needed to perform a variety of physical activities.

Standard:
Strike a balloon upward continuously, using arms, hands, and feet.
"
CA-PE-2005,PE-1.1.19,1,Manipulative Skills,PE-1.1,Students demonstrate the motor skills and movement patterns needed to perform a variety of physical activities.,"Strike a balloon upward continuously, using a large, short-handled paddle.",https://www2.cde.ca.gov/cacs/pe,,"Standard Identifier: PE-1.1.19
Grade: 1
Cluster: Manipulative Skills

Overarching Standard:
Students demonstrate the motor skills and movement patterns needed to perform a variety of physical activities.

Standard:
Strike a balloon upward continuously, using a large, short-handled paddle.
"
CA-PE-2005,PE-1.1.2,1,Movement Concepts,PE-1.1,Students demonstrate the motor skills and movement patterns needed to perform a variety of physical activities.,"Travel over, under, in front of, behind, and through objects and over, under, in front of, and behind partners, using locomotor skills.",https://www2.cde.ca.gov/cacs/pe,,"Standard Identifier: PE-1.1.2
Grade: 1
Cluster: Movement Concepts

Overarching Standard:
Students demonstrate the motor skills and movement patterns needed to perform a variety of physical activities.

Standard:
Travel over, under, in front of, behind, and through objects and over, under, in front of, and behind partners, using locomotor skills.
"
CA-PE-2005,PE-1.1.20,1,Manipulative Skills,PE-1.1,Students demonstrate the motor skills and movement patterns needed to perform a variety of physical activities.,"Dribble a ball in a forward direction, using the inside of the foot.",https://www2.cde.ca.gov/cacs/pe,,"Standard Identifier: PE-1.1.20
Grade: 1
Cluster: Manipulative Skills

Overarching Standard:
Students demonstrate the motor skills and movement patterns needed to perform a variety of physical activities.

Standard:
Dribble a ball in a forward direction, using the inside of the foot.
"
CA-PE-2005,PE-1.1.21,1,Manipulative Skills,PE-1.1,Students demonstrate the motor skills and movement patterns needed to perform a variety of physical activities.,Dribble a ball continuously with one hand.,https://www2.cde.ca.gov/cacs/pe,,"Standard Identifier: PE-1.1.21
Grade: 1
Cluster: Manipulative Skills

Overarching Standard:
Students demonstrate the motor skills and movement patterns needed to perform a variety of physical activities.

Standard:
Dribble a ball continuously with one hand.
"
CA-PE-2005,PE-1.1.22,1,Rhythmic Skills,PE-1.1,Students demonstrate the motor skills and movement patterns needed to perform a variety of physical activities.,Create or imitate movement in response to rhythms and musics.,https://www2.cde.ca.gov/cacs/pe,,"Standard Identifier: PE-1.1.22
Grade: 1
Cluster: Rhythmic Skills

Overarching Standard:
Students demonstrate the motor skills and movement patterns needed to perform a variety of physical activities.

Standard:
Create or imitate movement in response to rhythms and musics.
"
CA-PE-2005,PE-1.1.3,1,Movement Concepts,PE-1.1,Students demonstrate the motor skills and movement patterns needed to perform a variety of physical activities.,"Change speeds in response to tempos, rhythms, and signals while traveling in straight, curved, and zigzag pathways, using the following locomotor movements: walking, running, leaping, hopping, jumping, galloping, sliding, and skipping.",https://www2.cde.ca.gov/cacs/pe,,"Standard Identifier: PE-1.1.3
Grade: 1
Cluster: Movement Concepts

Overarching Standard:
Students demonstrate the motor skills and movement patterns needed to perform a variety of physical activities.

Standard:
Change speeds in response to tempos, rhythms, and signals while traveling in straight, curved, and zigzag pathways, using the following locomotor movements: walking, running, leaping, hopping, jumping, galloping, sliding, and skipping.
"
CA-PE-2005,PE-1.1.4,1,Movement Concepts,PE-1.1,Students demonstrate the motor skills and movement patterns needed to perform a variety of physical activities.,"Change direction from forward and back and right and left in response to tempos, rhythms, and signals while walking, running, hopping, and jumping (i.e., locomotor skills).",https://www2.cde.ca.gov/cacs/pe,,"Standard Identifier: PE-1.1.4
Grade: 1
Cluster: Movement Concepts

Overarching Standard:
Students demonstrate the motor skills and movement patterns needed to perform a variety of physical activities.

Standard:
Change direction from forward and back and right and left in response to tempos, rhythms, and signals while walking, running, hopping, and jumping (i.e., locomotor skills).
"
CA-PE-2005,PE-1.1.5,1,Movement Concepts,PE-1.1,Students demonstrate the motor skills and movement patterns needed to perform a variety of physical activities.,"Demonstrate the difference between slow and fast, heavy and light, and hard and soft while moving.",https://www2.cde.ca.gov/cacs/pe,,"Standard Identifier: PE-1.1.5
Grade: 1
Cluster: Movement Concepts

Overarching Standard:
Students demonstrate the motor skills and movement patterns needed to perform a variety of physical activities.

Standard:
Demonstrate the difference between slow and fast, heavy and light, and hard and soft while moving.
"
CA-PE-2005,PE-1.1.6,1,Body Management,PE-1.1,Students demonstrate the motor skills and movement patterns needed to perform a variety of physical activities.,"Balance oneself, demonstrating momentary stillness, in symmetrical and asymmetrical shapes using body parts other than both feet as a base of support.",https://www2.cde.ca.gov/cacs/pe,,"Standard Identifier: PE-1.1.6
Grade: 1
Cluster: Body Management

Overarching Standard:
Students demonstrate the motor skills and movement patterns needed to perform a variety of physical activities.

Standard:
Balance oneself, demonstrating momentary stillness, in symmetrical and asymmetrical shapes using body parts other than both feet as a base of support.
"
CA-PE-2005,PE-1.1.7,1,Locomotor Movement,PE-1.1,Students demonstrate the motor skills and movement patterns needed to perform a variety of physical activities.,"Roll smoothly in a forward direction, without stopping or hesitating, emphasizing a rounded form.",https://www2.cde.ca.gov/cacs/pe,,"Standard Identifier: PE-1.1.7
Grade: 1
Cluster: Locomotor Movement

Overarching Standard:
Students demonstrate the motor skills and movement patterns needed to perform a variety of physical activities.

Standard:
Roll smoothly in a forward direction, without stopping or hesitating, emphasizing a rounded form.
"
CA-PE-2005,PE-1.1.8,1,Locomotor Movement,PE-1.1,Students demonstrate the motor skills and movement patterns needed to perform a variety of physical activities.,Land on both feet after taking off on one foot and on both feet.,https://www2.cde.ca.gov/cacs/pe,,"Standard Identifier: PE-1.1.8
Grade: 1
Cluster: Locomotor Movement

Overarching Standard:
Students demonstrate the motor skills and movement patterns needed to perform a variety of physical activities.

Standard:
Land on both feet after taking off on one foot and on both feet.
"
CA-PE-2005,PE-1.1.9,1,Locomotor Movement,PE-1.1,Students demonstrate the motor skills and movement patterns needed to perform a variety of physical activities.,Jump a swinging rope held by others.,https://www2.cde.ca.gov/cacs/pe,,"Standard Identifier: PE-1.1.9
Grade: 1
Cluster: Locomotor Movement

Overarching Standard:
Students demonstrate the motor skills and movement patterns needed to perform a variety of physical activities.

Standard:
Jump a swinging rope held by others.
"
CA-PE-2005,PE-1.2,1,,,,"Students demonstrate knowledge of movement concepts, principles, and strategies that apply to the learning and performance of physical activities.",https://www2.cde.ca.gov/cacs/pe,,"Standard Identifier: PE-1.2
Grade: 1

Standard:
Students demonstrate knowledge of movement concepts, principles, and strategies that apply to the learning and performance of physical activities.
"
CA-PE-2005,PE-1.2.1,1,Movement Concepts,PE-1.2,"Students demonstrate knowledge of movement concepts, principles, and strategies that apply to the learning and performance of physical activities.",Identify the right and left sides of the body and movement from right to left and left to right.,https://www2.cde.ca.gov/cacs/pe,,"Standard Identifier: PE-1.2.1
Grade: 1
Cluster: Movement Concepts

Overarching Standard:
Students demonstrate knowledge of movement concepts, principles, and strategies that apply to the learning and performance of physical activities.

Standard:
Identify the right and left sides of the body and movement from right to left and left to right.
"
CA-PE-2005,PE-1.2.10,1,Manipulative Skills,PE-1.2,"Students demonstrate knowledge of movement concepts, principles, and strategies that apply to the learning and performance of physical activities.",Demonstrate and explain how to reduce the impact force while catching an object.,https://www2.cde.ca.gov/cacs/pe,,"Standard Identifier: PE-1.2.10
Grade: 1
Cluster: Manipulative Skills

Overarching Standard:
Students demonstrate knowledge of movement concepts, principles, and strategies that apply to the learning and performance of physical activities.

Standard:
Demonstrate and explain how to reduce the impact force while catching an object.
"
CA-PE-2005,PE-1.2.11,1,Manipulative Skills,PE-1.2,"Students demonstrate knowledge of movement concepts, principles, and strategies that apply to the learning and performance of physical activities.","Identify the placement of the nonkicking foot when kicking with a smooth, running approach.",https://www2.cde.ca.gov/cacs/pe,,"Standard Identifier: PE-1.2.11
Grade: 1
Cluster: Manipulative Skills

Overarching Standard:
Students demonstrate knowledge of movement concepts, principles, and strategies that apply to the learning and performance of physical activities.

Standard:
Identify the placement of the nonkicking foot when kicking with a smooth, running approach.
"
CA-PE-2005,PE-1.2.12,1,Manipulative Skills,PE-1.2,"Students demonstrate knowledge of movement concepts, principles, and strategies that apply to the learning and performance of physical activities.",Identify the location of the contact point to strike an object upward.,https://www2.cde.ca.gov/cacs/pe,,"Standard Identifier: PE-1.2.12
Grade: 1
Cluster: Manipulative Skills

Overarching Standard:
Students demonstrate knowledge of movement concepts, principles, and strategies that apply to the learning and performance of physical activities.

Standard:
Identify the location of the contact point to strike an object upward.
"
CA-PE-2005,PE-1.2.13,1,Manipulative Skills,PE-1.2,"Students demonstrate knowledge of movement concepts, principles, and strategies that apply to the learning and performance of physical activities.",Determine and analyze how much force is needed to move the ball forward while dribbling with the hand and with the foot.,https://www2.cde.ca.gov/cacs/pe,,"Standard Identifier: PE-1.2.13
Grade: 1
Cluster: Manipulative Skills

Overarching Standard:
Students demonstrate knowledge of movement concepts, principles, and strategies that apply to the learning and performance of physical activities.

Standard:
Determine and analyze how much force is needed to move the ball forward while dribbling with the hand and with the foot.
"
CA-PE-2005,PE-1.2.2,1,Movement Concepts,PE-1.2,"Students demonstrate knowledge of movement concepts, principles, and strategies that apply to the learning and performance of physical activities.",Identify people/objects that are within personal space and within boundaries.,https://www2.cde.ca.gov/cacs/pe,,"Standard Identifier: PE-1.2.2
Grade: 1
Cluster: Movement Concepts

Overarching Standard:
Students demonstrate knowledge of movement concepts, principles, and strategies that apply to the learning and performance of physical activities.

Standard:
Identify people/objects that are within personal space and within boundaries.
"
CA-PE-2005,PE-1.2.3,1,Body Management,PE-1.2,"Students demonstrate knowledge of movement concepts, principles, and strategies that apply to the learning and performance of physical activities.",Identify the base of support of balanced objects.,https://www2.cde.ca.gov/cacs/pe,,"Standard Identifier: PE-1.2.3
Grade: 1
Cluster: Body Management

Overarching Standard:
Students demonstrate knowledge of movement concepts, principles, and strategies that apply to the learning and performance of physical activities.

Standard:
Identify the base of support of balanced objects.
"
CA-PE-2005,PE-1.2.4,1,Locomotor Movement,PE-1.2,"Students demonstrate knowledge of movement concepts, principles, and strategies that apply to the learning and performance of physical activities.","Distinguish between a jog and a run, a hop and a jump, and a gallop and a slide and explain the key differences and similarities in those movements.",https://www2.cde.ca.gov/cacs/pe,,"Standard Identifier: PE-1.2.4
Grade: 1
Cluster: Locomotor Movement

Overarching Standard:
Students demonstrate knowledge of movement concepts, principles, and strategies that apply to the learning and performance of physical activities.

Standard:
Distinguish between a jog and a run, a hop and a jump, and a gallop and a slide and explain the key differences and similarities in those movements.
"
CA-PE-2005,PE-1.2.5,1,Manipulative Skills,PE-1.2,"Students demonstrate knowledge of movement concepts, principles, and strategies that apply to the learning and performance of physical activities.",Identify examples of underhand and overhand movement patterns.,https://www2.cde.ca.gov/cacs/pe,,"Standard Identifier: PE-1.2.5
Grade: 1
Cluster: Manipulative Skills

Overarching Standard:
Students demonstrate knowledge of movement concepts, principles, and strategies that apply to the learning and performance of physical activities.

Standard:
Identify examples of underhand and overhand movement patterns.
"
CA-PE-2005,PE-1.2.6,1,Manipulative Skills,PE-1.2,"Students demonstrate knowledge of movement concepts, principles, and strategies that apply to the learning and performance of physical activities.","Explain that in the underhand throw, the position of the ﬁngers at the moment of release can inﬂuence the direction a tossed object and a thrown object travel.",https://www2.cde.ca.gov/cacs/pe,,"Standard Identifier: PE-1.2.6
Grade: 1
Cluster: Manipulative Skills

Overarching Standard:
Students demonstrate knowledge of movement concepts, principles, and strategies that apply to the learning and performance of physical activities.

Standard:
Explain that in the underhand throw, the position of the ﬁngers at the moment of release can inﬂuence the direction a tossed object and a thrown object travel.
"
CA-PE-2005,PE-1.2.7,1,Manipulative Skills,PE-1.2,"Students demonstrate knowledge of movement concepts, principles, and strategies that apply to the learning and performance of physical activities.",Explain that the nonthrowing arm and hand provide balance and can inﬂuence the direction a tossed object and a thrown object travel.,https://www2.cde.ca.gov/cacs/pe,,"Standard Identifier: PE-1.2.7
Grade: 1
Cluster: Manipulative Skills

Overarching Standard:
Students demonstrate knowledge of movement concepts, principles, and strategies that apply to the learning and performance of physical activities.

Standard:
Explain that the nonthrowing arm and hand provide balance and can inﬂuence the direction a tossed object and a thrown object travel.
"
CA-PE-2005,PE-1.2.8,1,Manipulative Skills,PE-1.2,"Students demonstrate knowledge of movement concepts, principles, and strategies that apply to the learning and performance of physical activities.",Explain that the point of release inﬂuences the direction of a tossed object and of a thrown object.,https://www2.cde.ca.gov/cacs/pe,,"Standard Identifier: PE-1.2.8
Grade: 1
Cluster: Manipulative Skills

Overarching Standard:
Students demonstrate knowledge of movement concepts, principles, and strategies that apply to the learning and performance of physical activities.

Standard:
Explain that the point of release inﬂuences the direction of a tossed object and of a thrown object.
"
CA-PE-2005,PE-1.2.9,1,Manipulative Skills,PE-1.2,"Students demonstrate knowledge of movement concepts, principles, and strategies that apply to the learning and performance of physical activities.",Describe the proper hand and ﬁnger position for catching a ball.,https://www2.cde.ca.gov/cacs/pe,,"Standard Identifier: PE-1.2.9
Grade: 1
Cluster: Manipulative Skills

Overarching Standard:
Students demonstrate knowledge of movement concepts, principles, and strategies that apply to the learning and performance of physical activities.

Standard:
Describe the proper hand and ﬁnger position for catching a ball.
"
CA-PE-2005,PE-1.3,1,,,,Students assess and maintain a level of physical fitness to improve health and performance.,https://www2.cde.ca.gov/cacs/pe,,"Standard Identifier: PE-1.3
Grade: 1

Standard:
Students assess and maintain a level of physical fitness to improve health and performance.
"
CA-PE-2005,PE-1.3.1,1,Fitness Concepts,PE-1.3,Students assess and maintain a level of physical fitness to improve health and performance.,Participate in physical activities that are enjoyable and challenging.,https://www2.cde.ca.gov/cacs/pe,,"Standard Identifier: PE-1.3.1
Grade: 1
Cluster: Fitness Concepts

Overarching Standard:
Students assess and maintain a level of physical fitness to improve health and performance.

Standard:
Participate in physical activities that are enjoyable and challenging.
"
CA-PE-2005,PE-1.3.2,1,Aerobic Capacity,PE-1.3,Students assess and maintain a level of physical fitness to improve health and performance.,"Participate three to four times each week, for increasing periods of time, in moderate to vigorous physical activities that increase breathing and heart rate.",https://www2.cde.ca.gov/cacs/pe,,"Standard Identifier: PE-1.3.2
Grade: 1
Cluster: Aerobic Capacity

Overarching Standard:
Students assess and maintain a level of physical fitness to improve health and performance.

Standard:
Participate three to four times each week, for increasing periods of time, in moderate to vigorous physical activities that increase breathing and heart rate.
"
CA-PE-2005,PE-1.3.3,1,Muscular Strength/Endurance,PE-1.3,Students assess and maintain a level of physical fitness to improve health and performance.,"Demonstrate, for increasing periods of time, a “v” sit position, a push-up position with arms extended, and a squat position.",https://www2.cde.ca.gov/cacs/pe,,"Standard Identifier: PE-1.3.3
Grade: 1
Cluster: Muscular Strength/Endurance

Overarching Standard:
Students assess and maintain a level of physical fitness to improve health and performance.

Standard:
Demonstrate, for increasing periods of time, a “v” sit position, a push-up position with arms extended, and a squat position.
"
CA-PE-2005,PE-1.3.4,1,Muscular Strength/Endurance,PE-1.3,Students assess and maintain a level of physical fitness to improve health and performance.,Move from a sitting to a standing position and from a lying to a sitting position without using arms to brace oneself while on the ﬂoor.,https://www2.cde.ca.gov/cacs/pe,,"Standard Identifier: PE-1.3.4
Grade: 1
Cluster: Muscular Strength/Endurance

Overarching Standard:
Students assess and maintain a level of physical fitness to improve health and performance.

Standard:
Move from a sitting to a standing position and from a lying to a sitting position without using arms to brace oneself while on the ﬂoor.
"
CA-PE-2005,PE-1.3.5,1,Muscular Strength/Endurance,PE-1.3,Students assess and maintain a level of physical fitness to improve health and performance.,Travel hand-over-hand along a horizontal ladder or hang from an overhead bar.,https://www2.cde.ca.gov/cacs/pe,,"Standard Identifier: PE-1.3.5
Grade: 1
Cluster: Muscular Strength/Endurance

Overarching Standard:
Students assess and maintain a level of physical fitness to improve health and performance.

Standard:
Travel hand-over-hand along a horizontal ladder or hang from an overhead bar.
"
CA-PE-2005,PE-1.3.6,1,Flexibility,PE-1.3,Students assess and maintain a level of physical fitness to improve health and performance.,"Stretch arms, shoulders, back, and legs without hyperﬂexing or hyperextending the joints.",https://www2.cde.ca.gov/cacs/pe,,"Standard Identifier: PE-1.3.6
Grade: 1
Cluster: Flexibility

Overarching Standard:
Students assess and maintain a level of physical fitness to improve health and performance.

Standard:
Stretch arms, shoulders, back, and legs without hyperﬂexing or hyperextending the joints.
"
CA-PE-2005,PE-1.3.7,1,Body Composition,PE-1.3,Students assess and maintain a level of physical fitness to improve health and performance.,Sustain continuous movement for increasing periods of time while participating in moderate to vigorous physical activity.,https://www2.cde.ca.gov/cacs/pe,,"Standard Identifier: PE-1.3.7
Grade: 1
Cluster: Body Composition

Overarching Standard:
Students assess and maintain a level of physical fitness to improve health and performance.

Standard:
Sustain continuous movement for increasing periods of time while participating in moderate to vigorous physical activity.
"
CA-PE-2005,PE-1.3.8,1,Assessment,PE-1.3,Students assess and maintain a level of physical fitness to improve health and performance.,Identify and use two indicators of increased capacity for vigorous physical activity to measure a change in activity levels.,https://www2.cde.ca.gov/cacs/pe,,"Standard Identifier: PE-1.3.8
Grade: 1
Cluster: Assessment

Overarching Standard:
Students assess and maintain a level of physical fitness to improve health and performance.

Standard:
Identify and use two indicators of increased capacity for vigorous physical activity to measure a change in activity levels.
"
CA-PE-2005,PE-1.4,1,,,,"Students demonstrate knowledge of physical fitness concepts, principles, and strategies to improve health and performance.",https://www2.cde.ca.gov/cacs/pe,,"Standard Identifier: PE-1.4
Grade: 1

Standard:
Students demonstrate knowledge of physical fitness concepts, principles, and strategies to improve health and performance.
"
CA-PE-2005,PE-1.4.1,1,Fitness Concepts,PE-1.4,"Students demonstrate knowledge of physical fitness concepts, principles, and strategies to improve health and performance.",Identify enjoyable and challenging physical activities that one can do for increasing periods of time without stopping.,https://www2.cde.ca.gov/cacs/pe,,"Standard Identifier: PE-1.4.1
Grade: 1
Cluster: Fitness Concepts

Overarching Standard:
Students demonstrate knowledge of physical fitness concepts, principles, and strategies to improve health and performance.

Standard:
Identify enjoyable and challenging physical activities that one can do for increasing periods of time without stopping.
"
CA-PE-2005,PE-1.4.10,1,Flexibility,PE-1.4,"Students demonstrate knowledge of physical fitness concepts, principles, and strategies to improve health and performance.",Explain that the proper body position while stretching and strengthening will help prevent injury.,https://www2.cde.ca.gov/cacs/pe,,"Standard Identifier: PE-1.4.10
Grade: 1
Cluster: Flexibility

Overarching Standard:
Students demonstrate knowledge of physical fitness concepts, principles, and strategies to improve health and performance.

Standard:
Explain that the proper body position while stretching and strengthening will help prevent injury.
"
CA-PE-2005,PE-1.4.11,1,Flexibility,PE-1.4,"Students demonstrate knowledge of physical fitness concepts, principles, and strategies to improve health and performance.",Diagram how ﬂexible muscles allow more range of motion in physical activity.,https://www2.cde.ca.gov/cacs/pe,,"Standard Identifier: PE-1.4.11
Grade: 1
Cluster: Flexibility

Overarching Standard:
Students demonstrate knowledge of physical fitness concepts, principles, and strategies to improve health and performance.

Standard:
Diagram how ﬂexible muscles allow more range of motion in physical activity.
"
CA-PE-2005,PE-1.4.12,1,Body Composition,PE-1.4,"Students demonstrate knowledge of physical fitness concepts, principles, and strategies to improve health and performance.","Identify the body components (e.g., bones, muscles, organs, fat, and other tissues).",https://www2.cde.ca.gov/cacs/pe,,"Standard Identifier: PE-1.4.12
Grade: 1
Cluster: Body Composition

Overarching Standard:
Students demonstrate knowledge of physical fitness concepts, principles, and strategies to improve health and performance.

Standard:
Identify the body components (e.g., bones, muscles, organs, fat, and other tissues).
"
CA-PE-2005,PE-1.4.2,1,Fitness Concepts,PE-1.4,"Students demonstrate knowledge of physical fitness concepts, principles, and strategies to improve health and performance.",Explain the importance of drinking water during and after physical activity.,https://www2.cde.ca.gov/cacs/pe,,"Standard Identifier: PE-1.4.2
Grade: 1
Cluster: Fitness Concepts

Overarching Standard:
Students demonstrate knowledge of physical fitness concepts, principles, and strategies to improve health and performance.

Standard:
Explain the importance of drinking water during and after physical activity.
"
CA-PE-2005,PE-1.4.3,1,Fitness Concepts,PE-1.4,"Students demonstrate knowledge of physical fitness concepts, principles, and strategies to improve health and performance.",Explain that nutritious food provides energy for alertness and mental concentration.,https://www2.cde.ca.gov/cacs/pe,,"Standard Identifier: PE-1.4.3
Grade: 1
Cluster: Fitness Concepts

Overarching Standard:
Students demonstrate knowledge of physical fitness concepts, principles, and strategies to improve health and performance.

Standard:
Explain that nutritious food provides energy for alertness and mental concentration.
"
CA-PE-2005,PE-1.4.4,1,Aerobic Capacity,PE-1.4,"Students demonstrate knowledge of physical fitness concepts, principles, and strategies to improve health and performance.",Recognize that the heart is the most important muscle in the body and is approximately the size of a ﬁst.,https://www2.cde.ca.gov/cacs/pe,,"Standard Identifier: PE-1.4.4
Grade: 1
Cluster: Aerobic Capacity

Overarching Standard:
Students demonstrate knowledge of physical fitness concepts, principles, and strategies to improve health and performance.

Standard:
Recognize that the heart is the most important muscle in the body and is approximately the size of a ﬁst.
"
CA-PE-2005,PE-1.4.5,1,Aerobic Capacity,PE-1.4,"Students demonstrate knowledge of physical fitness concepts, principles, and strategies to improve health and performance.",Explain that increasing the heart rate during physical activity strengthens the heart muscle.,https://www2.cde.ca.gov/cacs/pe,,"Standard Identifier: PE-1.4.5
Grade: 1
Cluster: Aerobic Capacity

Overarching Standard:
Students demonstrate knowledge of physical fitness concepts, principles, and strategies to improve health and performance.

Standard:
Explain that increasing the heart rate during physical activity strengthens the heart muscle.
"
CA-PE-2005,PE-1.4.6,1,Aerobic Capacity,PE-1.4,"Students demonstrate knowledge of physical fitness concepts, principles, and strategies to improve health and performance.",Identify physical activities that cause the heart to beat faster.,https://www2.cde.ca.gov/cacs/pe,,"Standard Identifier: PE-1.4.6
Grade: 1
Cluster: Aerobic Capacity

Overarching Standard:
Students demonstrate knowledge of physical fitness concepts, principles, and strategies to improve health and performance.

Standard:
Identify physical activities that cause the heart to beat faster.
"
CA-PE-2005,PE-1.4.7,1,Aerobic Capacity,PE-1.4,"Students demonstrate knowledge of physical fitness concepts, principles, and strategies to improve health and performance.",Describe the role of blood in transporting oxygen from the lungs.,https://www2.cde.ca.gov/cacs/pe,,"Standard Identifier: PE-1.4.7
Grade: 1
Cluster: Aerobic Capacity

Overarching Standard:
Students demonstrate knowledge of physical fitness concepts, principles, and strategies to improve health and performance.

Standard:
Describe the role of blood in transporting oxygen from the lungs.
"
CA-PE-2005,PE-1.4.8,1,Muscular Strength/Endurance,PE-1.4,"Students demonstrate knowledge of physical fitness concepts, principles, and strategies to improve health and performance.",Explain that strengthening muscles will help prevent injury and that strong muscles will produce more force.,https://www2.cde.ca.gov/cacs/pe,,"Standard Identifier: PE-1.4.8
Grade: 1
Cluster: Muscular Strength/Endurance

Overarching Standard:
Students demonstrate knowledge of physical fitness concepts, principles, and strategies to improve health and performance.

Standard:
Explain that strengthening muscles will help prevent injury and that strong muscles will produce more force.
"
CA-PE-2005,PE-1.4.9,1,Muscular Strength/Endurance,PE-1.4,"Students demonstrate knowledge of physical fitness concepts, principles, and strategies to improve health and performance.","Discuss how prolonged physical activity increases endurance, allowing movement to occur for longer periods of time.",https://www2.cde.ca.gov/cacs/pe,,"Standard Identifier: PE-1.4.9
Grade: 1
Cluster: Muscular Strength/Endurance

Overarching Standard:
Students demonstrate knowledge of physical fitness concepts, principles, and strategies to improve health and performance.

Standard:
Discuss how prolonged physical activity increases endurance, allowing movement to occur for longer periods of time.
"
CA-PE-2005,PE-1.5,1,,,,"Students demonstrate and utilize knowledge of psychological and sociological concepts, principles, and strategies that apply to the learning and performance of physical activity.",https://www2.cde.ca.gov/cacs/pe,,"Standard Identifier: PE-1.5
Grade: 1

Standard:
Students demonstrate and utilize knowledge of psychological and sociological concepts, principles, and strategies that apply to the learning and performance of physical activity.
"
CA-PE-2005,PE-1.5.1,1,Self-Responsibility,PE-1.5,"Students demonstrate and utilize knowledge of psychological and sociological concepts, principles, and strategies that apply to the learning and performance of physical activity.",Participate willingly in new physical activities.,https://www2.cde.ca.gov/cacs/pe,,"Standard Identifier: PE-1.5.1
Grade: 1
Cluster: Self-Responsibility

Overarching Standard:
Students demonstrate and utilize knowledge of psychological and sociological concepts, principles, and strategies that apply to the learning and performance of physical activity.

Standard:
Participate willingly in new physical activities.
"
CA-PE-2005,PE-1.5.2,1,Self-Responsibility,PE-1.5,"Students demonstrate and utilize knowledge of psychological and sociological concepts, principles, and strategies that apply to the learning and performance of physical activity.","Identify and demonstrate acceptable responses to challenges, successes, and failures in physical activity.",https://www2.cde.ca.gov/cacs/pe,,"Standard Identifier: PE-1.5.2
Grade: 1
Cluster: Self-Responsibility

Overarching Standard:
Students demonstrate and utilize knowledge of psychological and sociological concepts, principles, and strategies that apply to the learning and performance of physical activity.

Standard:
Identify and demonstrate acceptable responses to challenges, successes, and failures in physical activity.
"
CA-PE-2005,PE-1.5.3,1,Social Interaction,PE-1.5,"Students demonstrate and utilize knowledge of psychological and sociological concepts, principles, and strategies that apply to the learning and performance of physical activity.",Demonstrate the characteristics of sharing and cooperation in physical activity.,https://www2.cde.ca.gov/cacs/pe,,"Standard Identifier: PE-1.5.3
Grade: 1
Cluster: Social Interaction

Overarching Standard:
Students demonstrate and utilize knowledge of psychological and sociological concepts, principles, and strategies that apply to the learning and performance of physical activity.

Standard:
Demonstrate the characteristics of sharing and cooperation in physical activity.
"
CA-PE-2005,PE-1.5.4,1,Social Interaction,PE-1.5,"Students demonstrate and utilize knowledge of psychological and sociological concepts, principles, and strategies that apply to the learning and performance of physical activity.",Invite others to use equipment or apparatus before repeating a turn.,https://www2.cde.ca.gov/cacs/pe,,"Standard Identifier: PE-1.5.4
Grade: 1
Cluster: Social Interaction

Overarching Standard:
Students demonstrate and utilize knowledge of psychological and sociological concepts, principles, and strategies that apply to the learning and performance of physical activity.

Standard:
Invite others to use equipment or apparatus before repeating a turn.
"
CA-PE-2005,PE-1.5.5,1,Group Dynamics,PE-1.5,"Students demonstrate and utilize knowledge of psychological and sociological concepts, principles, and strategies that apply to the learning and performance of physical activity.",Identify and demonstrate the attributes of an effective partner in physical activity.,https://www2.cde.ca.gov/cacs/pe,,"Standard Identifier: PE-1.5.5
Grade: 1
Cluster: Group Dynamics

Overarching Standard:
Students demonstrate and utilize knowledge of psychological and sociological concepts, principles, and strategies that apply to the learning and performance of physical activity.

Standard:
Identify and demonstrate the attributes of an effective partner in physical activity.
"
CA-PE-2005,PE-1.5.6,1,Group Dynamics,PE-1.5,"Students demonstrate and utilize knowledge of psychological and sociological concepts, principles, and strategies that apply to the learning and performance of physical activity.",Identify and demonstrate effective practices for working with a group wothout interfering with others.,https://www2.cde.ca.gov/cacs/pe,,"Standard Identifier: PE-1.5.6
Grade: 1
Cluster: Group Dynamics

Overarching Standard:
Students demonstrate and utilize knowledge of psychological and sociological concepts, principles, and strategies that apply to the learning and performance of physical activity.

Standard:
Identify and demonstrate effective practices for working with a group wothout interfering with others.
"
CA-PE-2005,PE-2.1,2,,,,Students demonstrate the motor skills and movement patterns needed to perform a variety of physical activities.,https://www2.cde.ca.gov/cacs/pe,,"Standard Identifier: PE-2.1
Grade: 2

Standard:
Students demonstrate the motor skills and movement patterns needed to perform a variety of physical activities.
"
CA-PE-2005,PE-2.1.1,2,Movement Concepts,PE-2.1,Students demonstrate the motor skills and movement patterns needed to perform a variety of physical activities.,Move to open spaces within boundaries while traveling at increasing rates of speed.,https://www2.cde.ca.gov/cacs/pe,,"Standard Identifier: PE-2.1.1
Grade: 2
Cluster: Movement Concepts

Overarching Standard:
Students demonstrate the motor skills and movement patterns needed to perform a variety of physical activities.

Standard:
Move to open spaces within boundaries while traveling at increasing rates of speed.
"
CA-PE-2005,PE-2.1.10,2,Manipulative Skills,PE-2.1,Students demonstrate the motor skills and movement patterns needed to perform a variety of physical activities.,"Catch a gently thrown ball below the waist, reducing the impact force.",https://www2.cde.ca.gov/cacs/pe,,"Standard Identifier: PE-2.1.10
Grade: 2
Cluster: Manipulative Skills

Overarching Standard:
Students demonstrate the motor skills and movement patterns needed to perform a variety of physical activities.

Standard:
Catch a gently thrown ball below the waist, reducing the impact force.
"
CA-PE-2005,PE-2.1.11,2,Manipulative Skills,PE-2.1,Students demonstrate the motor skills and movement patterns needed to perform a variety of physical activities.,Kick a slowly rolling ball.,https://www2.cde.ca.gov/cacs/pe,,"Standard Identifier: PE-2.1.11
Grade: 2
Cluster: Manipulative Skills

Overarching Standard:
Students demonstrate the motor skills and movement patterns needed to perform a variety of physical activities.

Standard:
Kick a slowly rolling ball.
"
CA-PE-2005,PE-2.1.12,2,Manipulative Skills,PE-2.1,Students demonstrate the motor skills and movement patterns needed to perform a variety of physical activities.,"Strike a balloon consistently in an upward or forward motion, using a short-handled paddle.",https://www2.cde.ca.gov/cacs/pe,,"Standard Identifier: PE-2.1.12
Grade: 2
Cluster: Manipulative Skills

Overarching Standard:
Students demonstrate the motor skills and movement patterns needed to perform a variety of physical activities.

Standard:
Strike a balloon consistently in an upward or forward motion, using a short-handled paddle.
"
CA-PE-2005,PE-2.1.13,2,Manipulative Skills,PE-2.1,Students demonstrate the motor skills and movement patterns needed to perform a variety of physical activities.,"Strike a ball with a bat from a tee or cone, using correct grip and side orientation.",https://www2.cde.ca.gov/cacs/pe,,"Standard Identifier: PE-2.1.13
Grade: 2
Cluster: Manipulative Skills

Overarching Standard:
Students demonstrate the motor skills and movement patterns needed to perform a variety of physical activities.

Standard:
Strike a ball with a bat from a tee or cone, using correct grip and side orientation.
"
CA-PE-2005,PE-2.1.14,2,Manipulative Skills,PE-2.1,Students demonstrate the motor skills and movement patterns needed to perform a variety of physical activities.,"Hand-dribble, with control, a ball for a sustained period.",https://www2.cde.ca.gov/cacs/pe,,"Standard Identifier: PE-2.1.14
Grade: 2
Cluster: Manipulative Skills

Overarching Standard:
Students demonstrate the motor skills and movement patterns needed to perform a variety of physical activities.

Standard:
Hand-dribble, with control, a ball for a sustained period.
"
CA-PE-2005,PE-2.1.15,2,Manipulative Skills,PE-2.1,Students demonstrate the motor skills and movement patterns needed to perform a variety of physical activities.,"Foot-dribble, with control, a ball along the ground.",https://www2.cde.ca.gov/cacs/pe,,"Standard Identifier: PE-2.1.15
Grade: 2
Cluster: Manipulative Skills

Overarching Standard:
Students demonstrate the motor skills and movement patterns needed to perform a variety of physical activities.

Standard:
Foot-dribble, with control, a ball along the ground.
"
CA-PE-2005,PE-2.1.16,2,Manipulative Skills,PE-2.1,Students demonstrate the motor skills and movement patterns needed to perform a variety of physical activities.,Jump a rope turned repeatedly.,https://www2.cde.ca.gov/cacs/pe,,"Standard Identifier: PE-2.1.16
Grade: 2
Cluster: Manipulative Skills

Overarching Standard:
Students demonstrate the motor skills and movement patterns needed to perform a variety of physical activities.

Standard:
Jump a rope turned repeatedly.
"
CA-PE-2005,PE-2.1.17,2,Manipulative Skills,PE-2.1,Students demonstrate the motor skills and movement patterns needed to perform a variety of physical activities.,Demonstrate a smooth transition between even-beat locomotor skills and uneven-beat locomotor skills in response to music or an external beat.,https://www2.cde.ca.gov/cacs/pe,,"Standard Identifier: PE-2.1.17
Grade: 2
Cluster: Manipulative Skills

Overarching Standard:
Students demonstrate the motor skills and movement patterns needed to perform a variety of physical activities.

Standard:
Demonstrate a smooth transition between even-beat locomotor skills and uneven-beat locomotor skills in response to music or an external beat.
"
CA-PE-2005,PE-2.1.18,2,Manipulative Skills,PE-2.1,Students demonstrate the motor skills and movement patterns needed to perform a variety of physical activities.,Perform rhythmic sequences related to simple folk dance or ribbon routines.,https://www2.cde.ca.gov/cacs/pe,,"Standard Identifier: PE-2.1.18
Grade: 2
Cluster: Manipulative Skills

Overarching Standard:
Students demonstrate the motor skills and movement patterns needed to perform a variety of physical activities.

Standard:
Perform rhythmic sequences related to simple folk dance or ribbon routines.
"
CA-PE-2005,PE-2.1.19,2,Manipulative Skills,PE-2.1,Students demonstrate the motor skills and movement patterns needed to perform a variety of physical activities.,Perform with a partner rhythmic sequences related to simple folk dance or ribbon routines.,https://www2.cde.ca.gov/cacs/pe,,"Standard Identifier: PE-2.1.19
Grade: 2
Cluster: Manipulative Skills

Overarching Standard:
Students demonstrate the motor skills and movement patterns needed to perform a variety of physical activities.

Standard:
Perform with a partner rhythmic sequences related to simple folk dance or ribbon routines.
"
CA-PE-2005,PE-2.1.2,2,Body Management,PE-2.1,Students demonstrate the motor skills and movement patterns needed to perform a variety of physical activities.,"Transfer weight from feet to hands and from hands to feet, landing with control.",https://www2.cde.ca.gov/cacs/pe,,"Standard Identifier: PE-2.1.2
Grade: 2
Cluster: Body Management

Overarching Standard:
Students demonstrate the motor skills and movement patterns needed to perform a variety of physical activities.

Standard:
Transfer weight from feet to hands and from hands to feet, landing with control.
"
CA-PE-2005,PE-2.1.3,2,Body Management,PE-2.1,Students demonstrate the motor skills and movement patterns needed to perform a variety of physical activities.,"Demonstrate balance on the ground and on objects, using bases of support other than both feet.",https://www2.cde.ca.gov/cacs/pe,,"Standard Identifier: PE-2.1.3
Grade: 2
Cluster: Body Management

Overarching Standard:
Students demonstrate the motor skills and movement patterns needed to perform a variety of physical activities.

Standard:
Demonstrate balance on the ground and on objects, using bases of support other than both feet.
"
CA-PE-2005,PE-2.1.4,2,Body Management,PE-2.1,Students demonstrate the motor skills and movement patterns needed to perform a variety of physical activities.,"Create a routine that includes two types of body rolls (e.g., log roll, egg roll, shoulder roll, forward roll) and a stationary balance position after each roll.",https://www2.cde.ca.gov/cacs/pe,,"Standard Identifier: PE-2.1.4
Grade: 2
Cluster: Body Management

Overarching Standard:
Students demonstrate the motor skills and movement patterns needed to perform a variety of physical activities.

Standard:
Create a routine that includes two types of body rolls (e.g., log roll, egg roll, shoulder roll, forward roll) and a stationary balance position after each roll.
"
CA-PE-2005,PE-2.1.5,2,Locomotor Movement,PE-2.1,Students demonstrate the motor skills and movement patterns needed to perform a variety of physical activities.,"Jump for distance, landing on both feet and bending the hips, knees, and ankles to reduce the impact force.",https://www2.cde.ca.gov/cacs/pe,,"Standard Identifier: PE-2.1.5
Grade: 2
Cluster: Locomotor Movement

Overarching Standard:
Students demonstrate the motor skills and movement patterns needed to perform a variety of physical activities.

Standard:
Jump for distance, landing on both feet and bending the hips, knees, and ankles to reduce the impact force.
"
CA-PE-2005,PE-2.1.6,2,Locomotor Movement,PE-2.1,Students demonstrate the motor skills and movement patterns needed to perform a variety of physical activities.,"Skip and leap, using proper form.",https://www2.cde.ca.gov/cacs/pe,,"Standard Identifier: PE-2.1.6
Grade: 2
Cluster: Locomotor Movement

Overarching Standard:
Students demonstrate the motor skills and movement patterns needed to perform a variety of physical activities.

Standard:
Skip and leap, using proper form.
"
CA-PE-2005,PE-2.1.7,2,Manipulative Skills,PE-2.1,Students demonstrate the motor skills and movement patterns needed to perform a variety of physical activities.,"Roll a ball for distance, using proper form.",https://www2.cde.ca.gov/cacs/pe,,"Standard Identifier: PE-2.1.7
Grade: 2
Cluster: Manipulative Skills

Overarching Standard:
Students demonstrate the motor skills and movement patterns needed to perform a variety of physical activities.

Standard:
Roll a ball for distance, using proper form.
"
CA-PE-2005,PE-2.1.8,2,Manipulative Skills,PE-2.1,Students demonstrate the motor skills and movement patterns needed to perform a variety of physical activities.,"Throw a ball for distance, using proper form.",https://www2.cde.ca.gov/cacs/pe,,"Standard Identifier: PE-2.1.8
Grade: 2
Cluster: Manipulative Skills

Overarching Standard:
Students demonstrate the motor skills and movement patterns needed to perform a variety of physical activities.

Standard:
Throw a ball for distance, using proper form.
"
CA-PE-2005,PE-2.1.9,2,Manipulative Skills,PE-2.1,Students demonstrate the motor skills and movement patterns needed to perform a variety of physical activities.,"Catch a gently thrown ball above the waist, reducing the impact force.",https://www2.cde.ca.gov/cacs/pe,,"Standard Identifier: PE-2.1.9
Grade: 2
Cluster: Manipulative Skills

Overarching Standard:
Students demonstrate the motor skills and movement patterns needed to perform a variety of physical activities.

Standard:
Catch a gently thrown ball above the waist, reducing the impact force.
"
CA-PE-2005,PE-2.2,2,,,,"Students demonstrate knowledge of movement concepts, principles, and strategies that apply to the learning and performance of physical activities.",https://www2.cde.ca.gov/cacs/pe,,"Standard Identifier: PE-2.2
Grade: 2

Standard:
Students demonstrate knowledge of movement concepts, principles, and strategies that apply to the learning and performance of physical activities.
"
CA-PE-2005,PE-2.2.1,2,Movement Concepts,PE-2.2,"Students demonstrate knowledge of movement concepts, principles, and strategies that apply to the learning and performance of physical activities.",Deﬁne open space.,https://www2.cde.ca.gov/cacs/pe,,"Standard Identifier: PE-2.2.1
Grade: 2
Cluster: Movement Concepts

Overarching Standard:
Students demonstrate knowledge of movement concepts, principles, and strategies that apply to the learning and performance of physical activities.

Standard:
Deﬁne open space.
"
CA-PE-2005,PE-2.2.10,2,Manipulative Skills,PE-2.2,"Students demonstrate knowledge of movement concepts, principles, and strategies that apply to the learning and performance of physical activities.",Identify the roles of body parts not directly involved in catching objects.,https://www2.cde.ca.gov/cacs/pe,,"Standard Identifier: PE-2.2.10
Grade: 2
Cluster: Manipulative Skills

Overarching Standard:
Students demonstrate knowledge of movement concepts, principles, and strategies that apply to the learning and performance of physical activities.

Standard:
Identify the roles of body parts not directly involved in catching objects.
"
CA-PE-2005,PE-2.2.11,2,Manipulative Skills,PE-2.2,"Students demonstrate knowledge of movement concepts, principles, and strategies that apply to the learning and performance of physical activities.",Identify when to begin the kicking motion when kicking a slowly rolling ball.,https://www2.cde.ca.gov/cacs/pe,,"Standard Identifier: PE-2.2.11
Grade: 2
Cluster: Manipulative Skills

Overarching Standard:
Students demonstrate knowledge of movement concepts, principles, and strategies that apply to the learning and performance of physical activities.

Standard:
Identify when to begin the kicking motion when kicking a slowly rolling ball.
"
CA-PE-2005,PE-2.2.12,2,Manipulative Skills,PE-2.2,"Students demonstrate knowledge of movement concepts, principles, and strategies that apply to the learning and performance of physical activities.",Identify the different points of contact when striking a balloon upward and striking a balloon forward.,https://www2.cde.ca.gov/cacs/pe,,"Standard Identifier: PE-2.2.12
Grade: 2
Cluster: Manipulative Skills

Overarching Standard:
Students demonstrate knowledge of movement concepts, principles, and strategies that apply to the learning and performance of physical activities.

Standard:
Identify the different points of contact when striking a balloon upward and striking a balloon forward.
"
CA-PE-2005,PE-2.2.13,2,Manipulative Skills,PE-2.2,"Students demonstrate knowledge of movement concepts, principles, and strategies that apply to the learning and performance of physical activities.",Explain the purpose of using a side orientation when striking a ball from a batting tee.,https://www2.cde.ca.gov/cacs/pe,,"Standard Identifier: PE-2.2.13
Grade: 2
Cluster: Manipulative Skills

Overarching Standard:
Students demonstrate knowledge of movement concepts, principles, and strategies that apply to the learning and performance of physical activities.

Standard:
Explain the purpose of using a side orientation when striking a ball from a batting tee.
"
CA-PE-2005,PE-2.2.14,2,Manipulative Skills,PE-2.2,"Students demonstrate knowledge of movement concepts, principles, and strategies that apply to the learning and performance of physical activities.",Differentiate the effects of varying arm and hand speeds when hand-dribbling a ball.,https://www2.cde.ca.gov/cacs/pe,,"Standard Identifier: PE-2.2.14
Grade: 2
Cluster: Manipulative Skills

Overarching Standard:
Students demonstrate knowledge of movement concepts, principles, and strategies that apply to the learning and performance of physical activities.

Standard:
Differentiate the effects of varying arm and hand speeds when hand-dribbling a ball.
"
CA-PE-2005,PE-2.2.2,2,Movement Concepts,PE-2.2,"Students demonstrate knowledge of movement concepts, principles, and strategies that apply to the learning and performance of physical activities.",Explain how to reduce the impact force of an oncoming object.,https://www2.cde.ca.gov/cacs/pe,,"Standard Identifier: PE-2.2.2
Grade: 2
Cluster: Movement Concepts

Overarching Standard:
Students demonstrate knowledge of movement concepts, principles, and strategies that apply to the learning and performance of physical activities.

Standard:
Explain how to reduce the impact force of an oncoming object.
"
CA-PE-2005,PE-2.2.3,2,Body Management,PE-2.2,"Students demonstrate knowledge of movement concepts, principles, and strategies that apply to the learning and performance of physical activities.",Explain the importance of a wide rather than a narrow base of support in balance activities.,https://www2.cde.ca.gov/cacs/pe,,"Standard Identifier: PE-2.2.3
Grade: 2
Cluster: Body Management

Overarching Standard:
Students demonstrate knowledge of movement concepts, principles, and strategies that apply to the learning and performance of physical activities.

Standard:
Explain the importance of a wide rather than a narrow base of support in balance activities.
"
CA-PE-2005,PE-2.2.4,2,Body Management,PE-2.2,"Students demonstrate knowledge of movement concepts, principles, and strategies that apply to the learning and performance of physical activities.",Explain why one hand or foot is often preferred when practicing movement skills.,https://www2.cde.ca.gov/cacs/pe,,"Standard Identifier: PE-2.2.4
Grade: 2
Cluster: Body Management

Overarching Standard:
Students demonstrate knowledge of movement concepts, principles, and strategies that apply to the learning and performance of physical activities.

Standard:
Explain why one hand or foot is often preferred when practicing movement skills.
"
CA-PE-2005,PE-2.2.5,2,Locomotor Movement,PE-2.2,"Students demonstrate knowledge of movement concepts, principles, and strategies that apply to the learning and performance of physical activities.",Compare and contrast locomotor movements conducted to even and uneven beats.,https://www2.cde.ca.gov/cacs/pe,,"Standard Identifier: PE-2.2.5
Grade: 2
Cluster: Locomotor Movement

Overarching Standard:
Students demonstrate knowledge of movement concepts, principles, and strategies that apply to the learning and performance of physical activities.

Standard:
Compare and contrast locomotor movements conducted to even and uneven beats.
"
CA-PE-2005,PE-2.2.6,2,Manipulative Skills,PE-2.2,"Students demonstrate knowledge of movement concepts, principles, and strategies that apply to the learning and performance of physical activities.",Identify opportunities to use underhand and overhand movement (throw) patterns.,https://www2.cde.ca.gov/cacs/pe,,"Standard Identifier: PE-2.2.6
Grade: 2
Cluster: Manipulative Skills

Overarching Standard:
Students demonstrate knowledge of movement concepts, principles, and strategies that apply to the learning and performance of physical activities.

Standard:
Identify opportunities to use underhand and overhand movement (throw) patterns.
"
CA-PE-2005,PE-2.2.7,2,Manipulative Skills,PE-2.2,"Students demonstrate knowledge of movement concepts, principles, and strategies that apply to the learning and performance of physical activities.",Identify different opportunities to use striking skills.,https://www2.cde.ca.gov/cacs/pe,,"Standard Identifier: PE-2.2.7
Grade: 2
Cluster: Manipulative Skills

Overarching Standard:
Students demonstrate knowledge of movement concepts, principles, and strategies that apply to the learning and performance of physical activities.

Standard:
Identify different opportunities to use striking skills.
"
CA-PE-2005,PE-2.2.8,2,Manipulative Skills,PE-2.2,"Students demonstrate knowledge of movement concepts, principles, and strategies that apply to the learning and performance of physical activities.",Compare the changes in force applied to a ball and the ball speed when rolling a ball for various distances.,https://www2.cde.ca.gov/cacs/pe,,"Standard Identifier: PE-2.2.8
Grade: 2
Cluster: Manipulative Skills

Overarching Standard:
Students demonstrate knowledge of movement concepts, principles, and strategies that apply to the learning and performance of physical activities.

Standard:
Compare the changes in force applied to a ball and the ball speed when rolling a ball for various distances.
"
CA-PE-2005,PE-2.2.9,2,Manipulative Skills,PE-2.2,"Students demonstrate knowledge of movement concepts, principles, and strategies that apply to the learning and performance of physical activities.",Explain key elements of throwing for distance.,https://www2.cde.ca.gov/cacs/pe,,"Standard Identifier: PE-2.2.9
Grade: 2
Cluster: Manipulative Skills

Overarching Standard:
Students demonstrate knowledge of movement concepts, principles, and strategies that apply to the learning and performance of physical activities.

Standard:
Explain key elements of throwing for distance.
"
CA-PE-2005,PE-2.3,2,,,,Students assess and maintain a level of physical fitness to improve health and performance.,https://www2.cde.ca.gov/cacs/pe,,"Standard Identifier: PE-2.3
Grade: 2

Standard:
Students assess and maintain a level of physical fitness to improve health and performance.
"
CA-PE-2005,PE-2.3.1,2,Fitness Concepts,PE-2.3,Students assess and maintain a level of physical fitness to improve health and performance.,Participate in enjoyable and challenging physical activities for increasing periods of time.,https://www2.cde.ca.gov/cacs/pe,,"Standard Identifier: PE-2.3.1
Grade: 2
Cluster: Fitness Concepts

Overarching Standard:
Students assess and maintain a level of physical fitness to improve health and performance.

Standard:
Participate in enjoyable and challenging physical activities for increasing periods of time.
"
CA-PE-2005,PE-2.3.2,2,Aerobic Capacity,PE-2.3,Students assess and maintain a level of physical fitness to improve health and performance.,"Participate three to four times each week, for increasing periods of time, in moderate to vigorous physical activities that increase breathing and heart rate.",https://www2.cde.ca.gov/cacs/pe,,"Standard Identifier: PE-2.3.2
Grade: 2
Cluster: Aerobic Capacity

Overarching Standard:
Students assess and maintain a level of physical fitness to improve health and performance.

Standard:
Participate three to four times each week, for increasing periods of time, in moderate to vigorous physical activities that increase breathing and heart rate.
"
CA-PE-2005,PE-2.3.3,2,Muscular Strength/Endurance,PE-2.3,Students assess and maintain a level of physical fitness to improve health and performance.,"Perform abdominal curl-ups, modiﬁed push-ups, oblique curl-ups, forward and side lunges, squats, and triceps push-ups from a chair or bench to enhance endurance and increase muscle efﬁciency.",https://www2.cde.ca.gov/cacs/pe,,"Standard Identifier: PE-2.3.3
Grade: 2
Cluster: Muscular Strength/Endurance

Overarching Standard:
Students assess and maintain a level of physical fitness to improve health and performance.

Standard:
Perform abdominal curl-ups, modiﬁed push-ups, oblique curl-ups, forward and side lunges, squats, and triceps push-ups from a chair or bench to enhance endurance and increase muscle efﬁciency.
"
CA-PE-2005,PE-2.3.4,2,Muscular Strength/Endurance,PE-2.3,Students assess and maintain a level of physical fitness to improve health and performance.,Traverse the overhead ladder one bar at a time.,https://www2.cde.ca.gov/cacs/pe,,"Standard Identifier: PE-2.3.4
Grade: 2
Cluster: Muscular Strength/Endurance

Overarching Standard:
Students assess and maintain a level of physical fitness to improve health and performance.

Standard:
Traverse the overhead ladder one bar at a time.
"
CA-PE-2005,PE-2.3.5,2,Flexibility,PE-2.3,Students assess and maintain a level of physical fitness to improve health and performance.,"Demonstrate the proper form for stretching the hamstrings, quadriceps, shoulders, biceps, and triceps.",https://www2.cde.ca.gov/cacs/pe,,"Standard Identifier: PE-2.3.5
Grade: 2
Cluster: Flexibility

Overarching Standard:
Students assess and maintain a level of physical fitness to improve health and performance.

Standard:
Demonstrate the proper form for stretching the hamstrings, quadriceps, shoulders, biceps, and triceps.
"
CA-PE-2005,PE-2.3.6,2,Body Composition,PE-2.3,Students assess and maintain a level of physical fitness to improve health and performance.,Engage in moderate to vigorous physical activity for increasing periods of time.,https://www2.cde.ca.gov/cacs/pe,,"Standard Identifier: PE-2.3.6
Grade: 2
Cluster: Body Composition

Overarching Standard:
Students assess and maintain a level of physical fitness to improve health and performance.

Standard:
Engage in moderate to vigorous physical activity for increasing periods of time.
"
CA-PE-2005,PE-2.3.7,2,Assessment,PE-2.3,Students assess and maintain a level of physical fitness to improve health and performance.,Measure improvements in individual fitness levels.,https://www2.cde.ca.gov/cacs/pe,,"Standard Identifier: PE-2.3.7
Grade: 2
Cluster: Assessment

Overarching Standard:
Students assess and maintain a level of physical fitness to improve health and performance.

Standard:
Measure improvements in individual fitness levels.
"
CA-PE-2005,PE-2.4,2,,,,"Students demonstrate knowledge of physical fitness concepts, principles, and strategies to improve health and performance.",https://www2.cde.ca.gov/cacs/pe,,"Standard Identifier: PE-2.4
Grade: 2

Standard:
Students demonstrate knowledge of physical fitness concepts, principles, and strategies to improve health and performance.
"
CA-PE-2005,PE-2.4.1,2,Fitness Concepts,PE-2.4,"Students demonstrate knowledge of physical fitness concepts, principles, and strategies to improve health and performance.",Explain the fuel requirements of the body during physical activity and inactivity.,https://www2.cde.ca.gov/cacs/pe,,"Standard Identifier: PE-2.4.1
Grade: 2
Cluster: Fitness Concepts

Overarching Standard:
Students demonstrate knowledge of physical fitness concepts, principles, and strategies to improve health and performance.

Standard:
Explain the fuel requirements of the body during physical activity and inactivity.
"
CA-PE-2005,PE-2.4.10,2,Muscular Strength/Endurance,PE-2.4,"Students demonstrate knowledge of physical fitness concepts, principles, and strategies to improve health and performance.",Identify muscles being strengthened during the performance of particular physical activities.,https://www2.cde.ca.gov/cacs/pe,,"Standard Identifier: PE-2.4.10
Grade: 2
Cluster: Muscular Strength/Endurance

Overarching Standard:
Students demonstrate knowledge of physical fitness concepts, principles, and strategies to improve health and performance.

Standard:
Identify muscles being strengthened during the performance of particular physical activities.
"
CA-PE-2005,PE-2.4.11,2,Muscular Strength/Endurance,PE-2.4,"Students demonstrate knowledge of physical fitness concepts, principles, and strategies to improve health and performance.",Identify which activities or skills would be accomplished more efﬁciently with stronger muscles.,https://www2.cde.ca.gov/cacs/pe,,"Standard Identifier: PE-2.4.11
Grade: 2
Cluster: Muscular Strength/Endurance

Overarching Standard:
Students demonstrate knowledge of physical fitness concepts, principles, and strategies to improve health and performance.

Standard:
Identify which activities or skills would be accomplished more efﬁciently with stronger muscles.
"
CA-PE-2005,PE-2.4.12,2,Muscular Strength/Endurance,PE-2.4,"Students demonstrate knowledge of physical fitness concepts, principles, and strategies to improve health and performance.",Explain the role that weight-bearing activities play in bone strength.,https://www2.cde.ca.gov/cacs/pe,,"Standard Identifier: PE-2.4.12
Grade: 2
Cluster: Muscular Strength/Endurance

Overarching Standard:
Students demonstrate knowledge of physical fitness concepts, principles, and strategies to improve health and performance.

Standard:
Explain the role that weight-bearing activities play in bone strength.
"
CA-PE-2005,PE-2.4.13,2,Flexibility,PE-2.4,"Students demonstrate knowledge of physical fitness concepts, principles, and strategies to improve health and performance.",Identify the muscles being stretched during the performance of particular physical activities.,https://www2.cde.ca.gov/cacs/pe,,"Standard Identifier: PE-2.4.13
Grade: 2
Cluster: Flexibility

Overarching Standard:
Students demonstrate knowledge of physical fitness concepts, principles, and strategies to improve health and performance.

Standard:
Identify the muscles being stretched during the performance of particular physical activities.
"
CA-PE-2005,PE-2.4.14,2,Flexibility,PE-2.4,"Students demonstrate knowledge of physical fitness concepts, principles, and strategies to improve health and performance.",Explain why it is safer to stretch a warm muscle rather than a cold muscle.,https://www2.cde.ca.gov/cacs/pe,,"Standard Identifier: PE-2.4.14
Grade: 2
Cluster: Flexibility

Overarching Standard:
Students demonstrate knowledge of physical fitness concepts, principles, and strategies to improve health and performance.

Standard:
Explain why it is safer to stretch a warm muscle rather than a cold muscle.
"
CA-PE-2005,PE-2.4.15,2,Body Composition,PE-2.4,"Students demonstrate knowledge of physical fitness concepts, principles, and strategies to improve health and performance.","Describe the differences in density and weight between bones, muscles, organs, and fat.",https://www2.cde.ca.gov/cacs/pe,,"Standard Identifier: PE-2.4.15
Grade: 2
Cluster: Body Composition

Overarching Standard:
Students demonstrate knowledge of physical fitness concepts, principles, and strategies to improve health and performance.

Standard:
Describe the differences in density and weight between bones, muscles, organs, and fat.
"
CA-PE-2005,PE-2.4.2,2,Fitness Concepts,PE-2.4,"Students demonstrate knowledge of physical fitness concepts, principles, and strategies to improve health and performance.",Describe the role of moderate to vigorous physical activity in achieving or maintaining good health.,https://www2.cde.ca.gov/cacs/pe,,"Standard Identifier: PE-2.4.2
Grade: 2
Cluster: Fitness Concepts

Overarching Standard:
Students demonstrate knowledge of physical fitness concepts, principles, and strategies to improve health and performance.

Standard:
Describe the role of moderate to vigorous physical activity in achieving or maintaining good health.
"
CA-PE-2005,PE-2.4.3,2,Fitness Concepts,PE-2.4,"Students demonstrate knowledge of physical fitness concepts, principles, and strategies to improve health and performance.",Identify ways to increase time for physical activity outside of school.,https://www2.cde.ca.gov/cacs/pe,,"Standard Identifier: PE-2.4.3
Grade: 2
Cluster: Fitness Concepts

Overarching Standard:
Students demonstrate knowledge of physical fitness concepts, principles, and strategies to improve health and performance.

Standard:
Identify ways to increase time for physical activity outside of school.
"
CA-PE-2005,PE-2.4.4,2,Fitness Concepts,PE-2.4,"Students demonstrate knowledge of physical fitness concepts, principles, and strategies to improve health and performance.",Discuss how body temperature and blood volume are maintained during physical activity when an adequate amount of water is consumed.,https://www2.cde.ca.gov/cacs/pe,,"Standard Identifier: PE-2.4.4
Grade: 2
Cluster: Fitness Concepts

Overarching Standard:
Students demonstrate knowledge of physical fitness concepts, principles, and strategies to improve health and performance.

Standard:
Discuss how body temperature and blood volume are maintained during physical activity when an adequate amount of water is consumed.
"
CA-PE-2005,PE-2.4.5,2,Fitness Concepts,PE-2.4,"Students demonstrate knowledge of physical fitness concepts, principles, and strategies to improve health and performance.","Explain how the intensity and duration of exercise, as well as nutritional choices, affect fuel use during physical activity.",https://www2.cde.ca.gov/cacs/pe,,"Standard Identifier: PE-2.4.5
Grade: 2
Cluster: Fitness Concepts

Overarching Standard:
Students demonstrate knowledge of physical fitness concepts, principles, and strategies to improve health and performance.

Standard:
Explain how the intensity and duration of exercise, as well as nutritional choices, affect fuel use during physical activity.
"
CA-PE-2005,PE-2.4.6,2,Aerobic Capacity,PE-2.4,"Students demonstrate knowledge of physical fitness concepts, principles, and strategies to improve health and performance.",Compare and contrast the function of the heart during rest and during physical activity.,https://www2.cde.ca.gov/cacs/pe,,"Standard Identifier: PE-2.4.6
Grade: 2
Cluster: Aerobic Capacity

Overarching Standard:
Students demonstrate knowledge of physical fitness concepts, principles, and strategies to improve health and performance.

Standard:
Compare and contrast the function of the heart during rest and during physical activity.
"
CA-PE-2005,PE-2.4.7,2,Aerobic Capacity,PE-2.4,"Students demonstrate knowledge of physical fitness concepts, principles, and strategies to improve health and performance.",Describe the relationship between the heart and lungs during physical activity.,https://www2.cde.ca.gov/cacs/pe,,"Standard Identifier: PE-2.4.7
Grade: 2
Cluster: Aerobic Capacity

Overarching Standard:
Students demonstrate knowledge of physical fitness concepts, principles, and strategies to improve health and performance.

Standard:
Describe the relationship between the heart and lungs during physical activity.
"
CA-PE-2005,PE-2.4.8,2,Aerobic Capacity,PE-2.4,"Students demonstrate knowledge of physical fitness concepts, principles, and strategies to improve health and performance.","Compare and contrast changes in heart rate before, during, and after physical activity.",https://www2.cde.ca.gov/cacs/pe,,"Standard Identifier: PE-2.4.8
Grade: 2
Cluster: Aerobic Capacity

Overarching Standard:
Students demonstrate knowledge of physical fitness concepts, principles, and strategies to improve health and performance.

Standard:
Compare and contrast changes in heart rate before, during, and after physical activity.
"
CA-PE-2005,PE-2.4.9,2,Muscular Strength/Endurance,PE-2.4,"Students demonstrate knowledge of physical fitness concepts, principles, and strategies to improve health and performance.",Describe how muscle strength and muscle endurance enhance motor skill performance.,https://www2.cde.ca.gov/cacs/pe,,"Standard Identifier: PE-2.4.9
Grade: 2
Cluster: Muscular Strength/Endurance

Overarching Standard:
Students demonstrate knowledge of physical fitness concepts, principles, and strategies to improve health and performance.

Standard:
Describe how muscle strength and muscle endurance enhance motor skill performance.
"
CA-PE-2005,PE-2.5,2,,,,"Students demonstrate and utilize knowledge of psychological and sociological concepts, principles, and strategies that apply to the learning and performance of physical activity.",https://www2.cde.ca.gov/cacs/pe,,"Standard Identifier: PE-2.5
Grade: 2

Standard:
Students demonstrate and utilize knowledge of psychological and sociological concepts, principles, and strategies that apply to the learning and performance of physical activity.
"
CA-PE-2005,PE-2.5.1,2,Self-Responsibility,PE-2.5,"Students demonstrate and utilize knowledge of psychological and sociological concepts, principles, and strategies that apply to the learning and performance of physical activity.","Participate in a variety of group settings (e.g., partners, small groups, large groups) without interfering with others.",https://www2.cde.ca.gov/cacs/pe,,"Standard Identifier: PE-2.5.1
Grade: 2
Cluster: Self-Responsibility

Overarching Standard:
Students demonstrate and utilize knowledge of psychological and sociological concepts, principles, and strategies that apply to the learning and performance of physical activity.

Standard:
Participate in a variety of group settings (e.g., partners, small groups, large groups) without interfering with others.
"
CA-PE-2005,PE-2.5.2,2,Self-Responsibility,PE-2.5,"Students demonstrate and utilize knowledge of psychological and sociological concepts, principles, and strategies that apply to the learning and performance of physical activity.",Accept responsibility for one’s own behavior in a group activity.,https://www2.cde.ca.gov/cacs/pe,,"Standard Identifier: PE-2.5.2
Grade: 2
Cluster: Self-Responsibility

Overarching Standard:
Students demonstrate and utilize knowledge of psychological and sociological concepts, principles, and strategies that apply to the learning and performance of physical activity.

Standard:
Accept responsibility for one’s own behavior in a group activity.
"
CA-PE-2005,PE-2.5.3,2,Social Interaction,PE-2.5,"Students demonstrate and utilize knowledge of psychological and sociological concepts, principles, and strategies that apply to the learning and performance of physical activity.","Acknowledge one’s opponent or partner before, during, and after an activity or game and give positive feedback on the opponent’s or partner’s performance.",https://www2.cde.ca.gov/cacs/pe,,"Standard Identifier: PE-2.5.3
Grade: 2
Cluster: Social Interaction

Overarching Standard:
Students demonstrate and utilize knowledge of psychological and sociological concepts, principles, and strategies that apply to the learning and performance of physical activity.

Standard:
Acknowledge one’s opponent or partner before, during, and after an activity or game and give positive feedback on the opponent’s or partner’s performance.
"
CA-PE-2005,PE-2.5.4,2,Social Interaction,PE-2.5,"Students demonstrate and utilize knowledge of psychological and sociological concepts, principles, and strategies that apply to the learning and performance of physical activity.",Encourage others by using verbal and nonverbal communication.,https://www2.cde.ca.gov/cacs/pe,,"Standard Identifier: PE-2.5.4
Grade: 2
Cluster: Social Interaction

Overarching Standard:
Students demonstrate and utilize knowledge of psychological and sociological concepts, principles, and strategies that apply to the learning and performance of physical activity.

Standard:
Encourage others by using verbal and nonverbal communication.
"
CA-PE-2005,PE-2.5.5,2,Social Interaction,PE-2.5,"Students demonstrate and utilize knowledge of psychological and sociological concepts, principles, and strategies that apply to the learning and performance of physical activity.","Demonstrate respect for self, others, and equipment during physical activities.",https://www2.cde.ca.gov/cacs/pe,,"Standard Identifier: PE-2.5.5
Grade: 2
Cluster: Social Interaction

Overarching Standard:
Students demonstrate and utilize knowledge of psychological and sociological concepts, principles, and strategies that apply to the learning and performance of physical activity.

Standard:
Demonstrate respect for self, others, and equipment during physical activities.
"
CA-PE-2005,PE-2.5.6,2,Social Interaction,PE-2.5,"Students demonstrate and utilize knowledge of psychological and sociological concepts, principles, and strategies that apply to the learning and performance of physical activity.",Demonstrate how to solve a problem with another person during physical activity.,https://www2.cde.ca.gov/cacs/pe,,"Standard Identifier: PE-2.5.6
Grade: 2
Cluster: Social Interaction

Overarching Standard:
Students demonstrate and utilize knowledge of psychological and sociological concepts, principles, and strategies that apply to the learning and performance of physical activity.

Standard:
Demonstrate how to solve a problem with another person during physical activity.
"
CA-PE-2005,PE-2.5.7,2,Group Dynamics,PE-2.5,"Students demonstrate and utilize knowledge of psychological and sociological concepts, principles, and strategies that apply to the learning and performance of physical activity.",Participate positively in physical activities that rely on cooperation.,https://www2.cde.ca.gov/cacs/pe,,"Standard Identifier: PE-2.5.7
Grade: 2
Cluster: Group Dynamics

Overarching Standard:
Students demonstrate and utilize knowledge of psychological and sociological concepts, principles, and strategies that apply to the learning and performance of physical activity.

Standard:
Participate positively in physical activities that rely on cooperation.
"
CA-PE-2005,PE-3.1,3,,,,Students demonstrate the motor skills and movement patterns needed to perform a variety of physical activities.,https://www2.cde.ca.gov/cacs/pe,,"Standard Identifier: PE-3.1
Grade: 3

Standard:
Students demonstrate the motor skills and movement patterns needed to perform a variety of physical activities.
"
CA-PE-2005,PE-3.1.1,3,Movement Concepts,PE-3.1,Students demonstrate the motor skills and movement patterns needed to perform a variety of physical activities.,"Chase, ﬂee, and move away from others in a constantly changing environment.",https://www2.cde.ca.gov/cacs/pe,,"Standard Identifier: PE-3.1.1
Grade: 3
Cluster: Movement Concepts

Overarching Standard:
Students demonstrate the motor skills and movement patterns needed to perform a variety of physical activities.

Standard:
Chase, ﬂee, and move away from others in a constantly changing environment.
"
CA-PE-2005,PE-3.1.10,3,Manipulative Skills,PE-3.1,Students demonstrate the motor skills and movement patterns needed to perform a variety of physical activities.,"Throw and catch an object with a partner, increasing the distance from the partner and maintaining an accurate throw that can be easily caught.",https://www2.cde.ca.gov/cacs/pe,,"Standard Identifier: PE-3.1.10
Grade: 3
Cluster: Manipulative Skills

Overarching Standard:
Students demonstrate the motor skills and movement patterns needed to perform a variety of physical activities.

Standard:
Throw and catch an object with a partner, increasing the distance from the partner and maintaining an accurate throw that can be easily caught.
"
CA-PE-2005,PE-3.1.11,3,Manipulative Skills,PE-3.1,Students demonstrate the motor skills and movement patterns needed to perform a variety of physical activities.,"Kick a ball to a stationary partner, using the inside of the foot.",https://www2.cde.ca.gov/cacs/pe,,"Standard Identifier: PE-3.1.11
Grade: 3
Cluster: Manipulative Skills

Overarching Standard:
Students demonstrate the motor skills and movement patterns needed to perform a variety of physical activities.

Standard:
Kick a ball to a stationary partner, using the inside of the foot.
"
CA-PE-2005,PE-3.1.12,3,Manipulative Skills,PE-3.1,Students demonstrate the motor skills and movement patterns needed to perform a variety of physical activities.,"Strike a ball continuously upward, using a paddle or racket.",https://www2.cde.ca.gov/cacs/pe,,"Standard Identifier: PE-3.1.12
Grade: 3
Cluster: Manipulative Skills

Overarching Standard:
Students demonstrate the motor skills and movement patterns needed to perform a variety of physical activities.

Standard:
Strike a ball continuously upward, using a paddle or racket.
"
CA-PE-2005,PE-3.1.13,3,Manipulative Skills,PE-3.1,Students demonstrate the motor skills and movement patterns needed to perform a variety of physical activities.,Hand-dribble a ball continuously while moving around obstacles.,https://www2.cde.ca.gov/cacs/pe,,"Standard Identifier: PE-3.1.13
Grade: 3
Cluster: Manipulative Skills

Overarching Standard:
Students demonstrate the motor skills and movement patterns needed to perform a variety of physical activities.

Standard:
Hand-dribble a ball continuously while moving around obstacles.
"
CA-PE-2005,PE-3.1.14,3,Manipulative Skills,PE-3.1,Students demonstrate the motor skills and movement patterns needed to perform a variety of physical activities.,Foot-dribble a ball continuously while traveling and changing direction.,https://www2.cde.ca.gov/cacs/pe,,"Standard Identifier: PE-3.1.14
Grade: 3
Cluster: Manipulative Skills

Overarching Standard:
Students demonstrate the motor skills and movement patterns needed to perform a variety of physical activities.

Standard:
Foot-dribble a ball continuously while traveling and changing direction.
"
CA-PE-2005,PE-3.1.15,3,Rhythmic Skills,PE-3.1,Students demonstrate the motor skills and movement patterns needed to perform a variety of physical activities.,"Perform a line dance, a circle dance, and a folk dance with a partner.",https://www2.cde.ca.gov/cacs/pe,,"Standard Identifier: PE-3.1.15
Grade: 3
Cluster: Rhythmic Skills

Overarching Standard:
Students demonstrate the motor skills and movement patterns needed to perform a variety of physical activities.

Standard:
Perform a line dance, a circle dance, and a folk dance with a partner.
"
CA-PE-2005,PE-3.1.2,3,Body Management,PE-3.1,Students demonstrate the motor skills and movement patterns needed to perform a variety of physical activities.,Perform an inverted balance (tripod) by evenly distributing weight on body parts.,https://www2.cde.ca.gov/cacs/pe,,"Standard Identifier: PE-3.1.2
Grade: 3
Cluster: Body Management

Overarching Standard:
Students demonstrate the motor skills and movement patterns needed to perform a variety of physical activities.

Standard:
Perform an inverted balance (tripod) by evenly distributing weight on body parts.
"
CA-PE-2005,PE-3.1.3,3,Body Management,PE-3.1,Students demonstrate the motor skills and movement patterns needed to perform a variety of physical activities.,Perform a forward roll.,https://www2.cde.ca.gov/cacs/pe,,"Standard Identifier: PE-3.1.3
Grade: 3
Cluster: Body Management

Overarching Standard:
Students demonstrate the motor skills and movement patterns needed to perform a variety of physical activities.

Standard:
Perform a forward roll.
"
CA-PE-2005,PE-3.1.4,3,Body Management,PE-3.1,Students demonstrate the motor skills and movement patterns needed to perform a variety of physical activities.,Perform a straddle roll.,https://www2.cde.ca.gov/cacs/pe,,"Standard Identifier: PE-3.1.4
Grade: 3
Cluster: Body Management

Overarching Standard:
Students demonstrate the motor skills and movement patterns needed to perform a variety of physical activities.

Standard:
Perform a straddle roll.
"
CA-PE-2005,PE-3.1.5,3,Locomotor Movement,PE-3.1,Students demonstrate the motor skills and movement patterns needed to perform a variety of physical activities.,Jump continuously a forward-turning rope and a backward-turning rope.,https://www2.cde.ca.gov/cacs/pe,,"Standard Identifier: PE-3.1.5
Grade: 3
Cluster: Locomotor Movement

Overarching Standard:
Students demonstrate the motor skills and movement patterns needed to perform a variety of physical activities.

Standard:
Jump continuously a forward-turning rope and a backward-turning rope.
"
CA-PE-2005,PE-3.1.6,3,Manipulative Skills,PE-3.1,Students demonstrate the motor skills and movement patterns needed to perform a variety of physical activities.,Balance while traveling and manipulating an object on a ground-level balance beam.,https://www2.cde.ca.gov/cacs/pe,,"Standard Identifier: PE-3.1.6
Grade: 3
Cluster: Manipulative Skills

Overarching Standard:
Students demonstrate the motor skills and movement patterns needed to perform a variety of physical activities.

Standard:
Balance while traveling and manipulating an object on a ground-level balance beam.
"
CA-PE-2005,PE-3.1.7,3,Manipulative Skills,PE-3.1,Students demonstrate the motor skills and movement patterns needed to perform a variety of physical activities.,"Catch, while traveling, an object thrown by a stationary partner.",https://www2.cde.ca.gov/cacs/pe,,"Standard Identifier: PE-3.1.7
Grade: 3
Cluster: Manipulative Skills

Overarching Standard:
Students demonstrate the motor skills and movement patterns needed to perform a variety of physical activities.

Standard:
Catch, while traveling, an object thrown by a stationary partner.
"
CA-PE-2005,PE-3.1.8,3,Manipulative Skills,PE-3.1,Students demonstrate the motor skills and movement patterns needed to perform a variety of physical activities.,Roll a ball for accuracy toward a target.,https://www2.cde.ca.gov/cacs/pe,,"Standard Identifier: PE-3.1.8
Grade: 3
Cluster: Manipulative Skills

Overarching Standard:
Students demonstrate the motor skills and movement patterns needed to perform a variety of physical activities.

Standard:
Roll a ball for accuracy toward a target.
"
CA-PE-2005,PE-3.1.9,3,Manipulative Skills,PE-3.1,Students demonstrate the motor skills and movement patterns needed to perform a variety of physical activities.,"Throw a ball, using the overhand movement pattern with increasing accuracy.",https://www2.cde.ca.gov/cacs/pe,,"Standard Identifier: PE-3.1.9
Grade: 3
Cluster: Manipulative Skills

Overarching Standard:
Students demonstrate the motor skills and movement patterns needed to perform a variety of physical activities.

Standard:
Throw a ball, using the overhand movement pattern with increasing accuracy.
"
CA-PE-2005,PE-3.2,3,,,,"Students demonstrate knowledge of movement concepts, principles, and strategies that apply to the learning and performance of physical activities.",https://www2.cde.ca.gov/cacs/pe,,"Standard Identifier: PE-3.2
Grade: 3

Standard:
Students demonstrate knowledge of movement concepts, principles, and strategies that apply to the learning and performance of physical activities.
"
CA-PE-2005,PE-3.2.1,3,Movement Concepts,PE-3.2,"Students demonstrate knowledge of movement concepts, principles, and strategies that apply to the learning and performance of physical activities.",Describe how changing speed and changing direction can allow one person to move away from another.,https://www2.cde.ca.gov/cacs/pe,,"Standard Identifier: PE-3.2.1
Grade: 3
Cluster: Movement Concepts

Overarching Standard:
Students demonstrate knowledge of movement concepts, principles, and strategies that apply to the learning and performance of physical activities.

Standard:
Describe how changing speed and changing direction can allow one person to move away from another.
"
CA-PE-2005,PE-3.2.2,3,Manipulative Skills,PE-3.2,"Students demonstrate knowledge of movement concepts, principles, and strategies that apply to the learning and performance of physical activities.","Explain and demonstrate the correct hand position when catching a ball above the head, below the waist, near the middle of the body, and away from the body.",https://www2.cde.ca.gov/cacs/pe,,"Standard Identifier: PE-3.2.2
Grade: 3
Cluster: Manipulative Skills

Overarching Standard:
Students demonstrate knowledge of movement concepts, principles, and strategies that apply to the learning and performance of physical activities.

Standard:
Explain and demonstrate the correct hand position when catching a ball above the head, below the waist, near the middle of the body, and away from the body.
"
CA-PE-2005,PE-3.2.3,3,Manipulative Skills,PE-3.2,"Students demonstrate knowledge of movement concepts, principles, and strategies that apply to the learning and performance of physical activities.",Explain the difference between throwing to a stationary partner and throwing to a moving partner.,https://www2.cde.ca.gov/cacs/pe,,"Standard Identifier: PE-3.2.3
Grade: 3
Cluster: Manipulative Skills

Overarching Standard:
Students demonstrate knowledge of movement concepts, principles, and strategies that apply to the learning and performance of physical activities.

Standard:
Explain the difference between throwing to a stationary partner and throwing to a moving partner.
"
CA-PE-2005,PE-3.2.4,3,Manipulative Skills,PE-3.2,"Students demonstrate knowledge of movement concepts, principles, and strategies that apply to the learning and performance of physical activities.",Identify the key elements for increasing accuracy in rolling a ball and throwing a ball.,https://www2.cde.ca.gov/cacs/pe,,"Standard Identifier: PE-3.2.4
Grade: 3
Cluster: Manipulative Skills

Overarching Standard:
Students demonstrate knowledge of movement concepts, principles, and strategies that apply to the learning and performance of physical activities.

Standard:
Identify the key elements for increasing accuracy in rolling a ball and throwing a ball.
"
CA-PE-2005,PE-3.2.5,3,Manipulative Skills,PE-3.2,"Students demonstrate knowledge of movement concepts, principles, and strategies that apply to the learning and performance of physical activities.","Identify the differences between dribbling a ball (with the hand and the foot, separately) while moving forward and when changing direction.",https://www2.cde.ca.gov/cacs/pe,,"Standard Identifier: PE-3.2.5
Grade: 3
Cluster: Manipulative Skills

Overarching Standard:
Students demonstrate knowledge of movement concepts, principles, and strategies that apply to the learning and performance of physical activities.

Standard:
Identify the differences between dribbling a ball (with the hand and the foot, separately) while moving forward and when changing direction.
"
CA-PE-2005,PE-3.2.6,3,Rhythmic Skills,PE-3.2,"Students demonstrate knowledge of movement concepts, principles, and strategies that apply to the learning and performance of physical activities.","Deﬁne the terms folk dance, line dance, and circle dance.",https://www2.cde.ca.gov/cacs/pe,,"Standard Identifier: PE-3.2.6
Grade: 3
Cluster: Rhythmic Skills

Overarching Standard:
Students demonstrate knowledge of movement concepts, principles, and strategies that apply to the learning and performance of physical activities.

Standard:
Deﬁne the terms folk dance, line dance, and circle dance.
"
CA-PE-2005,PE-3.2.7,3,Rhythmic Skills,PE-3.2,"Students demonstrate knowledge of movement concepts, principles, and strategies that apply to the learning and performance of physical activities.","Compare and contrast folk dances, line dances, and circle dances.",https://www2.cde.ca.gov/cacs/pe,,"Standard Identifier: PE-3.2.7
Grade: 3
Cluster: Rhythmic Skills

Overarching Standard:
Students demonstrate knowledge of movement concepts, principles, and strategies that apply to the learning and performance of physical activities.

Standard:
Compare and contrast folk dances, line dances, and circle dances.
"
CA-PE-2005,PE-3.3,3,,,,Students assess and maintain a level of physical fitness to improve health and performance.,https://www2.cde.ca.gov/cacs/pe,,"Standard Identifier: PE-3.3
Grade: 3

Standard:
Students assess and maintain a level of physical fitness to improve health and performance.
"
CA-PE-2005,PE-3.3.1,3,Fitness Concepts,PE-3.3,Students assess and maintain a level of physical fitness to improve health and performance.,Demonstrate warm-up and cool-down exercises.,https://www2.cde.ca.gov/cacs/pe,,"Standard Identifier: PE-3.3.1
Grade: 3
Cluster: Fitness Concepts

Overarching Standard:
Students assess and maintain a level of physical fitness to improve health and performance.

Standard:
Demonstrate warm-up and cool-down exercises.
"
CA-PE-2005,PE-3.3.2,3,Fitness Concepts,PE-3.3,Students assess and maintain a level of physical fitness to improve health and performance.,Demonstrate how to lift and carry objects correctly.,https://www2.cde.ca.gov/cacs/pe,,"Standard Identifier: PE-3.3.2
Grade: 3
Cluster: Fitness Concepts

Overarching Standard:
Students assess and maintain a level of physical fitness to improve health and performance.

Standard:
Demonstrate how to lift and carry objects correctly.
"
CA-PE-2005,PE-3.3.3,3,Aerobic Capacity,PE-3.3,Students assess and maintain a level of physical fitness to improve health and performance.,"Participate three to four days each week, for increasing periods of time, in continuous moderate to vigorous physical activities that require sustained movement of the large- muscle groups to increase breathing and heart rate.",https://www2.cde.ca.gov/cacs/pe,,"Standard Identifier: PE-3.3.3
Grade: 3
Cluster: Aerobic Capacity

Overarching Standard:
Students assess and maintain a level of physical fitness to improve health and performance.

Standard:
Participate three to four days each week, for increasing periods of time, in continuous moderate to vigorous physical activities that require sustained movement of the large- muscle groups to increase breathing and heart rate.
"
CA-PE-2005,PE-3.3.4,3,Muscular Strength/Endurance,PE-3.3,Students assess and maintain a level of physical fitness to improve health and performance.,"Perform increasing numbers of each: abdominal curl-ups, oblique curl-ups on each side, modiﬁed push-ups or traditional push-ups with hands on a bench, forward lunges, side lunges, and triceps push-ups from a chair.",https://www2.cde.ca.gov/cacs/pe,,"Standard Identifier: PE-3.3.4
Grade: 3
Cluster: Muscular Strength/Endurance

Overarching Standard:
Students assess and maintain a level of physical fitness to improve health and performance.

Standard:
Perform increasing numbers of each: abdominal curl-ups, oblique curl-ups on each side, modiﬁed push-ups or traditional push-ups with hands on a bench, forward lunges, side lunges, and triceps push-ups from a chair.
"
CA-PE-2005,PE-3.3.5,3,Muscular Strength/Endurance,PE-3.3,Students assess and maintain a level of physical fitness to improve health and performance.,Climb a vertical pole or rope.,https://www2.cde.ca.gov/cacs/pe,,"Standard Identifier: PE-3.3.5
Grade: 3
Cluster: Muscular Strength/Endurance

Overarching Standard:
Students assess and maintain a level of physical fitness to improve health and performance.

Standard:
Climb a vertical pole or rope.
"
CA-PE-2005,PE-3.3.6,3,Flexibility,PE-3.3,Students assess and maintain a level of physical fitness to improve health and performance.,"Hold for an increasing period of time basic stretches for hips, shoulders, hamstrings, quadriceps, triceps, biceps, back, and neck.",https://www2.cde.ca.gov/cacs/pe,,"Standard Identifier: PE-3.3.6
Grade: 3
Cluster: Flexibility

Overarching Standard:
Students assess and maintain a level of physical fitness to improve health and performance.

Standard:
Hold for an increasing period of time basic stretches for hips, shoulders, hamstrings, quadriceps, triceps, biceps, back, and neck.
"
CA-PE-2005,PE-3.3.7,3,Body Composition,PE-3.3,Students assess and maintain a level of physical fitness to improve health and performance.,Sustain continuous movement for increasing periods of time while participating in moderate to vigorous physical activity.,https://www2.cde.ca.gov/cacs/pe,,"Standard Identifier: PE-3.3.7
Grade: 3
Cluster: Body Composition

Overarching Standard:
Students assess and maintain a level of physical fitness to improve health and performance.

Standard:
Sustain continuous movement for increasing periods of time while participating in moderate to vigorous physical activity.
"
CA-PE-2005,PE-3.3.8,3,Assessment,PE-3.3,Students assess and maintain a level of physical fitness to improve health and performance.,Measure and record improvement in individual fitness activities.,https://www2.cde.ca.gov/cacs/pe,,"Standard Identifier: PE-3.3.8
Grade: 3
Cluster: Assessment

Overarching Standard:
Students assess and maintain a level of physical fitness to improve health and performance.

Standard:
Measure and record improvement in individual fitness activities.
"
CA-PE-2005,PE-3.4,3,,,,"Students demonstrate knowledge of physical fitness concepts, principles, and strategies to improve health and performance.",https://www2.cde.ca.gov/cacs/pe,,"Standard Identifier: PE-3.4
Grade: 3

Standard:
Students demonstrate knowledge of physical fitness concepts, principles, and strategies to improve health and performance.
"
CA-PE-2005,PE-3.4.1,3,Fitness Concepts,PE-3.4,"Students demonstrate knowledge of physical fitness concepts, principles, and strategies to improve health and performance.",Identify the body’s normal reactions to moderate to vigorous physical activity.,https://www2.cde.ca.gov/cacs/pe,,"Standard Identifier: PE-3.4.1
Grade: 3
Cluster: Fitness Concepts

Overarching Standard:
Students demonstrate knowledge of physical fitness concepts, principles, and strategies to improve health and performance.

Standard:
Identify the body’s normal reactions to moderate to vigorous physical activity.
"
CA-PE-2005,PE-3.4.10,3,Muscular Strength/Endurance,PE-3.4,"Students demonstrate knowledge of physical fitness concepts, principles, and strategies to improve health and performance.",Identify which muscles are used in performing muscular endurance activities.,https://www2.cde.ca.gov/cacs/pe,,"Standard Identifier: PE-3.4.10
Grade: 3
Cluster: Muscular Strength/Endurance

Overarching Standard:
Students demonstrate knowledge of physical fitness concepts, principles, and strategies to improve health and performance.

Standard:
Identify which muscles are used in performing muscular endurance activities.
"
CA-PE-2005,PE-3.4.11,3,Muscular Strength/Endurance,PE-3.4,"Students demonstrate knowledge of physical fitness concepts, principles, and strategies to improve health and performance.",Name and locate the major muscles of the body.,https://www2.cde.ca.gov/cacs/pe,,"Standard Identifier: PE-3.4.11
Grade: 3
Cluster: Muscular Strength/Endurance

Overarching Standard:
Students demonstrate knowledge of physical fitness concepts, principles, and strategies to improve health and performance.

Standard:
Name and locate the major muscles of the body.
"
CA-PE-2005,PE-3.4.12,3,Muscular Strength/Endurance,PE-3.4,"Students demonstrate knowledge of physical fitness concepts, principles, and strategies to improve health and performance.",Describe and demonstrate how to relieve a muscle cramp.,https://www2.cde.ca.gov/cacs/pe,,"Standard Identifier: PE-3.4.12
Grade: 3
Cluster: Muscular Strength/Endurance

Overarching Standard:
Students demonstrate knowledge of physical fitness concepts, principles, and strategies to improve health and performance.

Standard:
Describe and demonstrate how to relieve a muscle cramp.
"
CA-PE-2005,PE-3.4.13,3,Muscular Strength/Endurance,PE-3.4,"Students demonstrate knowledge of physical fitness concepts, principles, and strategies to improve health and performance.",Describe the role of muscle strength and proper lifting in the prevention of back injuries.,https://www2.cde.ca.gov/cacs/pe,,"Standard Identifier: PE-3.4.13
Grade: 3
Cluster: Muscular Strength/Endurance

Overarching Standard:
Students demonstrate knowledge of physical fitness concepts, principles, and strategies to improve health and performance.

Standard:
Describe the role of muscle strength and proper lifting in the prevention of back injuries.
"
CA-PE-2005,PE-3.4.14,3,Flexibility,PE-3.4,"Students demonstrate knowledge of physical fitness concepts, principles, and strategies to improve health and performance.",Identify ﬂexibility exercises that are not safe for the joints and should be avoided.,https://www2.cde.ca.gov/cacs/pe,,"Standard Identifier: PE-3.4.14
Grade: 3
Cluster: Flexibility

Overarching Standard:
Students demonstrate knowledge of physical fitness concepts, principles, and strategies to improve health and performance.

Standard:
Identify ﬂexibility exercises that are not safe for the joints and should be avoided.
"
CA-PE-2005,PE-3.4.15,3,Flexibility,PE-3.4,"Students demonstrate knowledge of physical fitness concepts, principles, and strategies to improve health and performance.",Explain why a particular stretch is appropriate preparation for a particular physical activity.,https://www2.cde.ca.gov/cacs/pe,,"Standard Identifier: PE-3.4.15
Grade: 3
Cluster: Flexibility

Overarching Standard:
Students demonstrate knowledge of physical fitness concepts, principles, and strategies to improve health and performance.

Standard:
Explain why a particular stretch is appropriate preparation for a particular physical activity.
"
CA-PE-2005,PE-3.4.16,3,Body Composition,PE-3.4,"Students demonstrate knowledge of physical fitness concepts, principles, and strategies to improve health and performance.",Differentiate the body’s ability to consume calories and burn fat during periods of inactivity and during long periods of moderate physical activity.,https://www2.cde.ca.gov/cacs/pe,,"Standard Identifier: PE-3.4.16
Grade: 3
Cluster: Body Composition

Overarching Standard:
Students demonstrate knowledge of physical fitness concepts, principles, and strategies to improve health and performance.

Standard:
Differentiate the body’s ability to consume calories and burn fat during periods of inactivity and during long periods of moderate physical activity.
"
CA-PE-2005,PE-3.4.2,3,Fitness Concepts,PE-3.4,"Students demonstrate knowledge of physical fitness concepts, principles, and strategies to improve health and performance.",List and deﬁne the components of physical ﬁtness.,https://www2.cde.ca.gov/cacs/pe,,"Standard Identifier: PE-3.4.2
Grade: 3
Cluster: Fitness Concepts

Overarching Standard:
Students demonstrate knowledge of physical fitness concepts, principles, and strategies to improve health and performance.

Standard:
List and deﬁne the components of physical ﬁtness.
"
CA-PE-2005,PE-3.4.3,3,Fitness Concepts,PE-3.4,"Students demonstrate knowledge of physical fitness concepts, principles, and strategies to improve health and performance.",Explain the purpose of warming up before physical activity and cooling down after physical activity.,https://www2.cde.ca.gov/cacs/pe,,"Standard Identifier: PE-3.4.3
Grade: 3
Cluster: Fitness Concepts

Overarching Standard:
Students demonstrate knowledge of physical fitness concepts, principles, and strategies to improve health and performance.

Standard:
Explain the purpose of warming up before physical activity and cooling down after physical activity.
"
CA-PE-2005,PE-3.4.4,3,Fitness Concepts,PE-3.4,"Students demonstrate knowledge of physical fitness concepts, principles, and strategies to improve health and performance.",Recognize that the body will adapt to increased workloads.,https://www2.cde.ca.gov/cacs/pe,,"Standard Identifier: PE-3.4.4
Grade: 3
Cluster: Fitness Concepts

Overarching Standard:
Students demonstrate knowledge of physical fitness concepts, principles, and strategies to improve health and performance.

Standard:
Recognize that the body will adapt to increased workloads.
"
CA-PE-2005,PE-3.4.5,3,Fitness Concepts,PE-3.4,"Students demonstrate knowledge of physical fitness concepts, principles, and strategies to improve health and performance.",Explain that ﬂuid needs are linked to energy expenditure.,https://www2.cde.ca.gov/cacs/pe,,"Standard Identifier: PE-3.4.5
Grade: 3
Cluster: Fitness Concepts

Overarching Standard:
Students demonstrate knowledge of physical fitness concepts, principles, and strategies to improve health and performance.

Standard:
Explain that ﬂuid needs are linked to energy expenditure.
"
CA-PE-2005,PE-3.4.6,3,Fitness Concepts,PE-3.4,"Students demonstrate knowledge of physical fitness concepts, principles, and strategies to improve health and performance.",Discuss the need for oxygen and fuel to be available during ongoing muscle contraction so that heat and waste products are removed.,https://www2.cde.ca.gov/cacs/pe,,"Standard Identifier: PE-3.4.6
Grade: 3
Cluster: Fitness Concepts

Overarching Standard:
Students demonstrate knowledge of physical fitness concepts, principles, and strategies to improve health and performance.

Standard:
Discuss the need for oxygen and fuel to be available during ongoing muscle contraction so that heat and waste products are removed.
"
CA-PE-2005,PE-3.4.7,3,Aerobic Capacity,PE-3.4,"Students demonstrate knowledge of physical fitness concepts, principles, and strategies to improve health and performance.","Describe the relationship between the heart, lungs, muscles, blood, and oxygen during physical activity.",https://www2.cde.ca.gov/cacs/pe,,"Standard Identifier: PE-3.4.7
Grade: 3
Cluster: Aerobic Capacity

Overarching Standard:
Students demonstrate knowledge of physical fitness concepts, principles, and strategies to improve health and performance.

Standard:
Describe the relationship between the heart, lungs, muscles, blood, and oxygen during physical activity.
"
CA-PE-2005,PE-3.4.8,3,Aerobic Capacity,PE-3.4,"Students demonstrate knowledge of physical fitness concepts, principles, and strategies to improve health and performance.","Describe and record the changes in heart rate before, during, and after physical activity.",https://www2.cde.ca.gov/cacs/pe,,"Standard Identifier: PE-3.4.8
Grade: 3
Cluster: Aerobic Capacity

Overarching Standard:
Students demonstrate knowledge of physical fitness concepts, principles, and strategies to improve health and performance.

Standard:
Describe and record the changes in heart rate before, during, and after physical activity.
"
CA-PE-2005,PE-3.4.9,3,Muscular Strength/Endurance,PE-3.4,"Students demonstrate knowledge of physical fitness concepts, principles, and strategies to improve health and performance.",Explain that a stronger heart muscle can pump more blood with each beat.,https://www2.cde.ca.gov/cacs/pe,,"Standard Identifier: PE-3.4.9
Grade: 3
Cluster: Muscular Strength/Endurance

Overarching Standard:
Students demonstrate knowledge of physical fitness concepts, principles, and strategies to improve health and performance.

Standard:
Explain that a stronger heart muscle can pump more blood with each beat.
"
CA-PE-2005,PE-3.5,3,,,,"Students demonstrate and utilize knowledge of psychological and sociological concepts, principles, and strategies that apply to the learning and performance of physical activity.",https://www2.cde.ca.gov/cacs/pe,,"Standard Identifier: PE-3.5
Grade: 3

Standard:
Students demonstrate and utilize knowledge of psychological and sociological concepts, principles, and strategies that apply to the learning and performance of physical activity.
"
CA-PE-2005,PE-3.5.1,3,Self-Responsibility,PE-3.5,"Students demonstrate and utilize knowledge of psychological and sociological concepts, principles, and strategies that apply to the learning and performance of physical activity.",5.1 Set a personal goal to improve a motor skill and work toward that goal in nonschool time.,https://www2.cde.ca.gov/cacs/pe,,"Standard Identifier: PE-3.5.1
Grade: 3
Cluster: Self-Responsibility

Overarching Standard:
Students demonstrate and utilize knowledge of psychological and sociological concepts, principles, and strategies that apply to the learning and performance of physical activity.

Standard:
5.1 Set a personal goal to improve a motor skill and work toward that goal in nonschool time.
"
CA-PE-2005,PE-3.5.2,3,Self-Responsibility,PE-3.5,"Students demonstrate and utilize knowledge of psychological and sociological concepts, principles, and strategies that apply to the learning and performance of physical activity.",Collect data and record progress toward mastery of a motor skill.,https://www2.cde.ca.gov/cacs/pe,,"Standard Identifier: PE-3.5.2
Grade: 3
Cluster: Self-Responsibility

Overarching Standard:
Students demonstrate and utilize knowledge of psychological and sociological concepts, principles, and strategies that apply to the learning and performance of physical activity.

Standard:
Collect data and record progress toward mastery of a motor skill.
"
CA-PE-2005,PE-3.5.3,3,Self-Responsibility,PE-3.5,"Students demonstrate and utilize knowledge of psychological and sociological concepts, principles, and strategies that apply to the learning and performance of physical activity.",List the beneﬁts of following and the risks of not following safety procedures and rules associated with physical activity.,https://www2.cde.ca.gov/cacs/pe,,"Standard Identifier: PE-3.5.3
Grade: 3
Cluster: Self-Responsibility

Overarching Standard:
Students demonstrate and utilize knowledge of psychological and sociological concepts, principles, and strategies that apply to the learning and performance of physical activity.

Standard:
List the beneﬁts of following and the risks of not following safety procedures and rules associated with physical activity.
"
CA-PE-2005,PE-3.5.4,3,Social Interaction,PE-3.5,"Students demonstrate and utilize knowledge of psychological and sociological concepts, principles, and strategies that apply to the learning and performance of physical activity.",Use appropriate cues for movement and positive words of encouragement while coaching others in physical activities.,https://www2.cde.ca.gov/cacs/pe,,"Standard Identifier: PE-3.5.4
Grade: 3
Cluster: Social Interaction

Overarching Standard:
Students demonstrate and utilize knowledge of psychological and sociological concepts, principles, and strategies that apply to the learning and performance of physical activity.

Standard:
Use appropriate cues for movement and positive words of encouragement while coaching others in physical activities.
"
CA-PE-2005,PE-3.5.5,3,Social Interaction,PE-3.5,"Students demonstrate and utilize knowledge of psychological and sociological concepts, principles, and strategies that apply to the learning and performance of physical activity.",Demonstrate respect for individual differences in physical abilities.,https://www2.cde.ca.gov/cacs/pe,,"Standard Identifier: PE-3.5.5
Grade: 3
Cluster: Social Interaction

Overarching Standard:
Students demonstrate and utilize knowledge of psychological and sociological concepts, principles, and strategies that apply to the learning and performance of physical activity.

Standard:
Demonstrate respect for individual differences in physical abilities.
"
CA-PE-2005,PE-3.5.6,3,Group Dynamics,PE-3.5,"Students demonstrate and utilize knowledge of psychological and sociological concepts, principles, and strategies that apply to the learning and performance of physical activity.",Work in pairs or small groups to achieve an agreed-upon goal.,https://www2.cde.ca.gov/cacs/pe,,"Standard Identifier: PE-3.5.6
Grade: 3
Cluster: Group Dynamics

Overarching Standard:
Students demonstrate and utilize knowledge of psychological and sociological concepts, principles, and strategies that apply to the learning and performance of physical activity.

Standard:
Work in pairs or small groups to achieve an agreed-upon goal.
"
CA-PE-2005,PE-4.1,4,,,,Students demonstrate the motor skills and movement patterns needed to perform a variety of physical activities.,https://www2.cde.ca.gov/cacs/pe,,"Standard Identifier: PE-4.1
Grade: 4

Standard:
Students demonstrate the motor skills and movement patterns needed to perform a variety of physical activities.
"
CA-PE-2005,PE-4.1.1,4,Body Management,PE-4.1,Students demonstrate the motor skills and movement patterns needed to perform a variety of physical activities.,Perform simple balance stunts with a partner while sharing a common base of support.,https://www2.cde.ca.gov/cacs/pe,,"Standard Identifier: PE-4.1.1
Grade: 4
Cluster: Body Management

Overarching Standard:
Students demonstrate the motor skills and movement patterns needed to perform a variety of physical activities.

Standard:
Perform simple balance stunts with a partner while sharing a common base of support.
"
CA-PE-2005,PE-4.1.10,4,Manipulative Skills,PE-4.1,Students demonstrate the motor skills and movement patterns needed to perform a variety of physical activities.,"Kick a ball to a moving partner, using the inside of the foot.",https://www2.cde.ca.gov/cacs/pe,,"Standard Identifier: PE-4.1.10
Grade: 4
Cluster: Manipulative Skills

Overarching Standard:
Students demonstrate the motor skills and movement patterns needed to perform a variety of physical activities.

Standard:
Kick a ball to a moving partner, using the inside of the foot.
"
CA-PE-2005,PE-4.1.11,4,Manipulative Skills,PE-4.1,Students demonstrate the motor skills and movement patterns needed to perform a variety of physical activities.,Kick a stationary ball from the ground into the air.,https://www2.cde.ca.gov/cacs/pe,,"Standard Identifier: PE-4.1.11
Grade: 4
Cluster: Manipulative Skills

Overarching Standard:
Students demonstrate the motor skills and movement patterns needed to perform a variety of physical activities.

Standard:
Kick a stationary ball from the ground into the air.
"
CA-PE-2005,PE-4.1.12,4,Manipulative Skills,PE-4.1,Students demonstrate the motor skills and movement patterns needed to perform a variety of physical activities.,Punt a ball dropped from the hands.,https://www2.cde.ca.gov/cacs/pe,,"Standard Identifier: PE-4.1.12
Grade: 4
Cluster: Manipulative Skills

Overarching Standard:
Students demonstrate the motor skills and movement patterns needed to perform a variety of physical activities.

Standard:
Punt a ball dropped from the hands.
"
CA-PE-2005,PE-4.1.13,4,Manipulative Skills,PE-4.1,Students demonstrate the motor skills and movement patterns needed to perform a variety of physical activities.,"Strike, with a paddle or racket, a lightweight object that has been tossed by a partner.",https://www2.cde.ca.gov/cacs/pe,,"Standard Identifier: PE-4.1.13
Grade: 4
Cluster: Manipulative Skills

Overarching Standard:
Students demonstrate the motor skills and movement patterns needed to perform a variety of physical activities.

Standard:
Strike, with a paddle or racket, a lightweight object that has been tossed by a partner.
"
CA-PE-2005,PE-4.1.14,4,Manipulative Skills,PE-4.1,Students demonstrate the motor skills and movement patterns needed to perform a variety of physical activities.,"Serve a lightweight ball to a partner, using the underhand movement pattern.",https://www2.cde.ca.gov/cacs/pe,,"Standard Identifier: PE-4.1.14
Grade: 4
Cluster: Manipulative Skills

Overarching Standard:
Students demonstrate the motor skills and movement patterns needed to perform a variety of physical activities.

Standard:
Serve a lightweight ball to a partner, using the underhand movement pattern.
"
CA-PE-2005,PE-4.1.15,4,Manipulative Skills,PE-4.1,Students demonstrate the motor skills and movement patterns needed to perform a variety of physical activities.,"Strike a gently tossed ball with a bat, using a side orientation.",https://www2.cde.ca.gov/cacs/pe,,"Standard Identifier: PE-4.1.15
Grade: 4
Cluster: Manipulative Skills

Overarching Standard:
Students demonstrate the motor skills and movement patterns needed to perform a variety of physical activities.

Standard:
Strike a gently tossed ball with a bat, using a side orientation.
"
CA-PE-2005,PE-4.1.16,4,Manipulative Skills,PE-4.1,Students demonstrate the motor skills and movement patterns needed to perform a variety of physical activities.,Keep a foot-dribbled ball away from a defensive partner.,https://www2.cde.ca.gov/cacs/pe,,"Standard Identifier: PE-4.1.16
Grade: 4
Cluster: Manipulative Skills

Overarching Standard:
Students demonstrate the motor skills and movement patterns needed to perform a variety of physical activities.

Standard:
Keep a foot-dribbled ball away from a defensive partner.
"
CA-PE-2005,PE-4.1.17,4,Manipulative Skills,PE-4.1,Students demonstrate the motor skills and movement patterns needed to perform a variety of physical activities.,Keep a hand-dribbled ball away from a defensive partner.,https://www2.cde.ca.gov/cacs/pe,,"Standard Identifier: PE-4.1.17
Grade: 4
Cluster: Manipulative Skills

Overarching Standard:
Students demonstrate the motor skills and movement patterns needed to perform a variety of physical activities.

Standard:
Keep a hand-dribbled ball away from a defensive partner.
"
CA-PE-2005,PE-4.1.18,4,Manipulative Skills,PE-4.1,Students demonstrate the motor skills and movement patterns needed to perform a variety of physical activities.,Manipulate an object by using a long-handled implement.,https://www2.cde.ca.gov/cacs/pe,,"Standard Identifier: PE-4.1.18
Grade: 4
Cluster: Manipulative Skills

Overarching Standard:
Students demonstrate the motor skills and movement patterns needed to perform a variety of physical activities.

Standard:
Manipulate an object by using a long-handled implement.
"
CA-PE-2005,PE-4.1.19,4,Manipulative Skills,PE-4.1,Students demonstrate the motor skills and movement patterns needed to perform a variety of physical activities.,Stop a kicked ball by trapping it with the foot while standing still.,https://www2.cde.ca.gov/cacs/pe,,"Standard Identifier: PE-4.1.19
Grade: 4
Cluster: Manipulative Skills

Overarching Standard:
Students demonstrate the motor skills and movement patterns needed to perform a variety of physical activities.

Standard:
Stop a kicked ball by trapping it with the foot while standing still.
"
CA-PE-2005,PE-4.1.2,4,Body Management,PE-4.1,Students demonstrate the motor skills and movement patterns needed to perform a variety of physical activities.,Change direction quickly to maintain the spacing between two players.,https://www2.cde.ca.gov/cacs/pe,,"Standard Identifier: PE-4.1.2
Grade: 4
Cluster: Body Management

Overarching Standard:
Students demonstrate the motor skills and movement patterns needed to perform a variety of physical activities.

Standard:
Change direction quickly to maintain the spacing between two players.
"
CA-PE-2005,PE-4.1.20,4,Manipulative Skills,PE-4.1,Students demonstrate the motor skills and movement patterns needed to perform a variety of physical activities.,"Volley a tossed lightweight ball, using the forearm pass.",https://www2.cde.ca.gov/cacs/pe,,"Standard Identifier: PE-4.1.20
Grade: 4
Cluster: Manipulative Skills

Overarching Standard:
Students demonstrate the motor skills and movement patterns needed to perform a variety of physical activities.

Standard:
Volley a tossed lightweight ball, using the forearm pass.
"
CA-PE-2005,PE-4.1.21,4,Rhythmic Skills,PE-4.1,Students demonstrate the motor skills and movement patterns needed to perform a variety of physical activities.,Perform a series of basic square-dance steps,https://www2.cde.ca.gov/cacs/pe,,"Standard Identifier: PE-4.1.21
Grade: 4
Cluster: Rhythmic Skills

Overarching Standard:
Students demonstrate the motor skills and movement patterns needed to perform a variety of physical activities.

Standard:
Perform a series of basic square-dance steps
"
CA-PE-2005,PE-4.1.22,4,Rhythmic Skills,PE-4.1,Students demonstrate the motor skills and movement patterns needed to perform a variety of physical activities.,Perform a routine to music that includes even and uneven locomotor patterns.,https://www2.cde.ca.gov/cacs/pe,,"Standard Identifier: PE-4.1.22
Grade: 4
Cluster: Rhythmic Skills

Overarching Standard:
Students demonstrate the motor skills and movement patterns needed to perform a variety of physical activities.

Standard:
Perform a routine to music that includes even and uneven locomotor patterns.
"
CA-PE-2005,PE-4.1.3,4,Body Management,PE-4.1,Students demonstrate the motor skills and movement patterns needed to perform a variety of physical activities.,Change direction quickly to increase the spacing between two players.,https://www2.cde.ca.gov/cacs/pe,,"Standard Identifier: PE-4.1.3
Grade: 4
Cluster: Body Management

Overarching Standard:
Students demonstrate the motor skills and movement patterns needed to perform a variety of physical activities.

Standard:
Change direction quickly to increase the spacing between two players.
"
CA-PE-2005,PE-4.1.4,4,Body Management,PE-4.1,Students demonstrate the motor skills and movement patterns needed to perform a variety of physical activities.,Determine the spacing between offensive and defensive players based on the speed of the players.,https://www2.cde.ca.gov/cacs/pe,,"Standard Identifier: PE-4.1.4
Grade: 4
Cluster: Body Management

Overarching Standard:
Students demonstrate the motor skills and movement patterns needed to perform a variety of physical activities.

Standard:
Determine the spacing between offensive and defensive players based on the speed of the players.
"
CA-PE-2005,PE-4.1.5,4,Locomotor Movement,PE-4.1,Students demonstrate the motor skills and movement patterns needed to perform a variety of physical activities.,Jump a self-turned rope.,https://www2.cde.ca.gov/cacs/pe,,"Standard Identifier: PE-4.1.5
Grade: 4
Cluster: Locomotor Movement

Overarching Standard:
Students demonstrate the motor skills and movement patterns needed to perform a variety of physical activities.

Standard:
Jump a self-turned rope.
"
CA-PE-2005,PE-4.1.6,4,Manipulative Skills,PE-4.1,Students demonstrate the motor skills and movement patterns needed to perform a variety of physical activities.,Throw and catch an object with a partner while both partners are moving.,https://www2.cde.ca.gov/cacs/pe,,"Standard Identifier: PE-4.1.6
Grade: 4
Cluster: Manipulative Skills

Overarching Standard:
Students demonstrate the motor skills and movement patterns needed to perform a variety of physical activities.

Standard:
Throw and catch an object with a partner while both partners are moving.
"
CA-PE-2005,PE-4.1.7,4,Manipulative Skills,PE-4.1,Students demonstrate the motor skills and movement patterns needed to perform a variety of physical activities.,"Throw overhand at increasingly smaller targets, using proper follow-through.",https://www2.cde.ca.gov/cacs/pe,,"Standard Identifier: PE-4.1.7
Grade: 4
Cluster: Manipulative Skills

Overarching Standard:
Students demonstrate the motor skills and movement patterns needed to perform a variety of physical activities.

Standard:
Throw overhand at increasingly smaller targets, using proper follow-through.
"
CA-PE-2005,PE-4.1.8,4,Manipulative Skills,PE-4.1,Students demonstrate the motor skills and movement patterns needed to perform a variety of physical activities.,"Throw a ﬂying disc for distance, using the backhand movement pattern.",https://www2.cde.ca.gov/cacs/pe,,"Standard Identifier: PE-4.1.8
Grade: 4
Cluster: Manipulative Skills

Overarching Standard:
Students demonstrate the motor skills and movement patterns needed to perform a variety of physical activities.

Standard:
Throw a ﬂying disc for distance, using the backhand movement pattern.
"
CA-PE-2005,PE-4.1.9,4,Manipulative Skills,PE-4.1,Students demonstrate the motor skills and movement patterns needed to perform a variety of physical activities.,"Catch a ﬂy ball above the head, below the waist, and away from the body.",https://www2.cde.ca.gov/cacs/pe,,"Standard Identifier: PE-4.1.9
Grade: 4
Cluster: Manipulative Skills

Overarching Standard:
Students demonstrate the motor skills and movement patterns needed to perform a variety of physical activities.

Standard:
Catch a ﬂy ball above the head, below the waist, and away from the body.
"
CA-PE-2005,PE-4.2,4,,,,"Students demonstrate knowledge of movement concepts, principles, and strategies that apply to the learning and performance of physical activities.",https://www2.cde.ca.gov/cacs/pe,,"Standard Identifier: PE-4.2
Grade: 4

Standard:
Students demonstrate knowledge of movement concepts, principles, and strategies that apply to the learning and performance of physical activities.
"
CA-PE-2005,PE-4.2.1,4,Movement Concepts,PE-4.2,"Students demonstrate knowledge of movement concepts, principles, and strategies that apply to the learning and performance of physical activities.",Explain the difference between offense and defense.,https://www2.cde.ca.gov/cacs/pe,,"Standard Identifier: PE-4.2.1
Grade: 4
Cluster: Movement Concepts

Overarching Standard:
Students demonstrate knowledge of movement concepts, principles, and strategies that apply to the learning and performance of physical activities.

Standard:
Explain the difference between offense and defense.
"
CA-PE-2005,PE-4.2.10,4,Rhythmic Skills,PE-4.2,"Students demonstrate knowledge of movement concepts, principles, and strategies that apply to the learning and performance of physical activities.",Design a routine to music that includes even and uneven patterns.,https://www2.cde.ca.gov/cacs/pe,,"Standard Identifier: PE-4.2.10
Grade: 4
Cluster: Rhythmic Skills

Overarching Standard:
Students demonstrate knowledge of movement concepts, principles, and strategies that apply to the learning and performance of physical activities.

Standard:
Design a routine to music that includes even and uneven patterns.
"
CA-PE-2005,PE-4.2.2,4,Movement Concepts,PE-4.2,"Students demonstrate knowledge of movement concepts, principles, and strategies that apply to the learning and performance of physical activities.",Describe ways to create more space between an offensive player and a defensive player.,https://www2.cde.ca.gov/cacs/pe,,"Standard Identifier: PE-4.2.2
Grade: 4
Cluster: Movement Concepts

Overarching Standard:
Students demonstrate knowledge of movement concepts, principles, and strategies that apply to the learning and performance of physical activities.

Standard:
Describe ways to create more space between an offensive player and a defensive player.
"
CA-PE-2005,PE-4.2.3,4,Body Management,PE-4.2,"Students demonstrate knowledge of movement concepts, principles, and strategies that apply to the learning and performance of physical activities.","Describe the appropriate body orientation to serve a ball, using the underhand movement pattern.",https://www2.cde.ca.gov/cacs/pe,,"Standard Identifier: PE-4.2.3
Grade: 4
Cluster: Body Management

Overarching Standard:
Students demonstrate knowledge of movement concepts, principles, and strategies that apply to the learning and performance of physical activities.

Standard:
Describe the appropriate body orientation to serve a ball, using the underhand movement pattern.
"
CA-PE-2005,PE-4.2.4,4,Body Management,PE-4.2,"Students demonstrate knowledge of movement concepts, principles, and strategies that apply to the learning and performance of physical activities.","Describe the appropriate body orientation to strike a ball, using the forehand movement pattern.",https://www2.cde.ca.gov/cacs/pe,,"Standard Identifier: PE-4.2.4
Grade: 4
Cluster: Body Management

Overarching Standard:
Students demonstrate knowledge of movement concepts, principles, and strategies that apply to the learning and performance of physical activities.

Standard:
Describe the appropriate body orientation to strike a ball, using the forehand movement pattern.
"
CA-PE-2005,PE-4.2.5,4,Manipulative Skills,PE-4.2,"Students demonstrate knowledge of movement concepts, principles, and strategies that apply to the learning and performance of physical activities.",Explain the similar movement elements of the underhand throw and the underhand volleyball serve.,https://www2.cde.ca.gov/cacs/pe,,"Standard Identifier: PE-4.2.5
Grade: 4
Cluster: Manipulative Skills

Overarching Standard:
Students demonstrate knowledge of movement concepts, principles, and strategies that apply to the learning and performance of physical activities.

Standard:
Explain the similar movement elements of the underhand throw and the underhand volleyball serve.
"
CA-PE-2005,PE-4.2.6,4,Manipulative Skills,PE-4.2,"Students demonstrate knowledge of movement concepts, principles, and strategies that apply to the learning and performance of physical activities.",Distinguish between punting and kicking and describe the similarities and differences.,https://www2.cde.ca.gov/cacs/pe,,"Standard Identifier: PE-4.2.6
Grade: 4
Cluster: Manipulative Skills

Overarching Standard:
Students demonstrate knowledge of movement concepts, principles, and strategies that apply to the learning and performance of physical activities.

Standard:
Distinguish between punting and kicking and describe the similarities and differences.
"
CA-PE-2005,PE-4.2.7,4,Manipulative Skills,PE-4.2,"Students demonstrate knowledge of movement concepts, principles, and strategies that apply to the learning and performance of physical activities.",Compare and contrast dribbling a ball without a defender and with a defender.,https://www2.cde.ca.gov/cacs/pe,,"Standard Identifier: PE-4.2.7
Grade: 4
Cluster: Manipulative Skills

Overarching Standard:
Students demonstrate knowledge of movement concepts, principles, and strategies that apply to the learning and performance of physical activities.

Standard:
Compare and contrast dribbling a ball without a defender and with a defender.
"
CA-PE-2005,PE-4.2.8,4,Manipulative Skills,PE-4.2,"Students demonstrate knowledge of movement concepts, principles, and strategies that apply to the learning and performance of physical activities.",Explain the differences in manipulating an object when using a long-handled implement and when using a short-handled implement.,https://www2.cde.ca.gov/cacs/pe,,"Standard Identifier: PE-4.2.8
Grade: 4
Cluster: Manipulative Skills

Overarching Standard:
Students demonstrate knowledge of movement concepts, principles, and strategies that apply to the learning and performance of physical activities.

Standard:
Explain the differences in manipulating an object when using a long-handled implement and when using a short-handled implement.
"
CA-PE-2005,PE-4.2.9,4,Manipulative Skills,PE-4.2,"Students demonstrate knowledge of movement concepts, principles, and strategies that apply to the learning and performance of physical activities.",Identify key body positions used for volleying a ball.,https://www2.cde.ca.gov/cacs/pe,,"Standard Identifier: PE-4.2.9
Grade: 4
Cluster: Manipulative Skills

Overarching Standard:
Students demonstrate knowledge of movement concepts, principles, and strategies that apply to the learning and performance of physical activities.

Standard:
Identify key body positions used for volleying a ball.
"
CA-PE-2005,PE-4.3,4,,,,Students assess and maintain a level of physical fitness to improve health and performance.,https://www2.cde.ca.gov/cacs/pe,,"Standard Identifier: PE-4.3
Grade: 4

Standard:
Students assess and maintain a level of physical fitness to improve health and performance.
"
CA-PE-2005,PE-4.3.1,4,Fitness Concepts,PE-4.3,Students assess and maintain a level of physical fitness to improve health and performance.,Participate in appropriate warm-up and cool-down exercises for particular physical activities.,https://www2.cde.ca.gov/cacs/pe,,"Standard Identifier: PE-4.3.1
Grade: 4
Cluster: Fitness Concepts

Overarching Standard:
Students assess and maintain a level of physical fitness to improve health and performance.

Standard:
Participate in appropriate warm-up and cool-down exercises for particular physical activities.
"
CA-PE-2005,PE-4.3.2,4,Fitness Concepts,PE-4.3,Students assess and maintain a level of physical fitness to improve health and performance.,Demonstrate the correct body position for pushing and pulling large objects.,https://www2.cde.ca.gov/cacs/pe,,"Standard Identifier: PE-4.3.2
Grade: 4
Cluster: Fitness Concepts

Overarching Standard:
Students assess and maintain a level of physical fitness to improve health and performance.

Standard:
Demonstrate the correct body position for pushing and pulling large objects.
"
CA-PE-2005,PE-4.3.3,4,Aerobic Capacity,PE-4.3,Students assess and maintain a level of physical fitness to improve health and performance.,"Participate three to four days each week, for increasing periods of time, in continuous moderate to vigorous physical activities at the appropriate intensity to increase aerobic capacity.",https://www2.cde.ca.gov/cacs/pe,,"Standard Identifier: PE-4.3.3
Grade: 4
Cluster: Aerobic Capacity

Overarching Standard:
Students assess and maintain a level of physical fitness to improve health and performance.

Standard:
Participate three to four days each week, for increasing periods of time, in continuous moderate to vigorous physical activities at the appropriate intensity to increase aerobic capacity.
"
CA-PE-2005,PE-4.3.4,4,Muscular Strength/Endurance,PE-4.3,Students assess and maintain a level of physical fitness to improve health and performance.,"Perform increasing numbers of each: abdominal curl-ups, oblique curl-ups on each side, modiﬁed push-ups or traditional push-ups, and triceps push-ups.",https://www2.cde.ca.gov/cacs/pe,,"Standard Identifier: PE-4.3.4
Grade: 4
Cluster: Muscular Strength/Endurance

Overarching Standard:
Students assess and maintain a level of physical fitness to improve health and performance.

Standard:
Perform increasing numbers of each: abdominal curl-ups, oblique curl-ups on each side, modiﬁed push-ups or traditional push-ups, and triceps push-ups.
"
CA-PE-2005,PE-4.3.5,4,Muscular Strength/Endurance,PE-4.3,Students assess and maintain a level of physical fitness to improve health and performance.,Hang by the hands from an overhead bar with the hips and knees each at a 90-degree angle.,https://www2.cde.ca.gov/cacs/pe,,"Standard Identifier: PE-4.3.5
Grade: 4
Cluster: Muscular Strength/Endurance

Overarching Standard:
Students assess and maintain a level of physical fitness to improve health and performance.

Standard:
Hang by the hands from an overhead bar with the hips and knees each at a 90-degree angle.
"
CA-PE-2005,PE-4.3.6,4,Flexibility,PE-4.3,Students assess and maintain a level of physical fitness to improve health and performance.,"Demonstrate basic stretches using proper alignment for hamstrings, quadriceps, hip ﬂexors, triceps, back, shoulders, hip adductors, hip abductors, and calves.",https://www2.cde.ca.gov/cacs/pe,,"Standard Identifier: PE-4.3.6
Grade: 4
Cluster: Flexibility

Overarching Standard:
Students assess and maintain a level of physical fitness to improve health and performance.

Standard:
Demonstrate basic stretches using proper alignment for hamstrings, quadriceps, hip ﬂexors, triceps, back, shoulders, hip adductors, hip abductors, and calves.
"
CA-PE-2005,PE-4.3.7,4,Body Composition,PE-4.3,Students assess and maintain a level of physical fitness to improve health and performance.,Sustain continuous movement for increasing periods of time while participating in moderate to vigorous physical activity.,https://www2.cde.ca.gov/cacs/pe,,"Standard Identifier: PE-4.3.7
Grade: 4
Cluster: Body Composition

Overarching Standard:
Students assess and maintain a level of physical fitness to improve health and performance.

Standard:
Sustain continuous movement for increasing periods of time while participating in moderate to vigorous physical activity.
"
CA-PE-2005,PE-4.3.8,4,Assessment,PE-4.3,Students assess and maintain a level of physical fitness to improve health and performance.,"Measure and record changes in aerobic capacity and muscular strength, using scientiﬁcally based health-related physical ﬁtness assessments.",https://www2.cde.ca.gov/cacs/pe,,"Standard Identifier: PE-4.3.8
Grade: 4
Cluster: Assessment

Overarching Standard:
Students assess and maintain a level of physical fitness to improve health and performance.

Standard:
Measure and record changes in aerobic capacity and muscular strength, using scientiﬁcally based health-related physical ﬁtness assessments.
"
CA-PE-2005,PE-4.3.9,4,Assessment,PE-4.3,Students assess and maintain a level of physical fitness to improve health and performance.,"Meet minimum requirements for health-related physical ﬁtness, using scientiﬁcally based health-related physical ﬁtness assessments.",https://www2.cde.ca.gov/cacs/pe,,"Standard Identifier: PE-4.3.9
Grade: 4
Cluster: Assessment

Overarching Standard:
Students assess and maintain a level of physical fitness to improve health and performance.

Standard:
Meet minimum requirements for health-related physical ﬁtness, using scientiﬁcally based health-related physical ﬁtness assessments.
"
CA-PE-2005,PE-4.4,4,,,,"Students demonstrate knowledge of physical fitness concepts, principles, and strategies to improve health and performance.",https://www2.cde.ca.gov/cacs/pe,,"Standard Identifier: PE-4.4
Grade: 4

Standard:
Students demonstrate knowledge of physical fitness concepts, principles, and strategies to improve health and performance.
"
CA-PE-2005,PE-4.4.1,4,Fitness Concepts,PE-4.4,"Students demonstrate knowledge of physical fitness concepts, principles, and strategies to improve health and performance.",Identify the correct body alignment for performing lower-body stretches.,https://www2.cde.ca.gov/cacs/pe,,"Standard Identifier: PE-4.4.1
Grade: 4
Cluster: Fitness Concepts

Overarching Standard:
Students demonstrate knowledge of physical fitness concepts, principles, and strategies to improve health and performance.

Standard:
Identify the correct body alignment for performing lower-body stretches.
"
CA-PE-2005,PE-4.4.10,4,Aerobic Capacity,PE-4.4,"Students demonstrate knowledge of physical fitness concepts, principles, and strategies to improve health and performance.",Identify two characteristics of physical activity that build aerobic capacity.,https://www2.cde.ca.gov/cacs/pe,,"Standard Identifier: PE-4.4.10
Grade: 4
Cluster: Aerobic Capacity

Overarching Standard:
Students demonstrate knowledge of physical fitness concepts, principles, and strategies to improve health and performance.

Standard:
Identify two characteristics of physical activity that build aerobic capacity.
"
CA-PE-2005,PE-4.4.11,4,Aerobic Capacity,PE-4.4,"Students demonstrate knowledge of physical fitness concepts, principles, and strategies to improve health and performance.",Determine the intensity of personal physical activity by using the concept of perceived exertion.,https://www2.cde.ca.gov/cacs/pe,,"Standard Identifier: PE-4.4.11
Grade: 4
Cluster: Aerobic Capacity

Overarching Standard:
Students demonstrate knowledge of physical fitness concepts, principles, and strategies to improve health and performance.

Standard:
Determine the intensity of personal physical activity by using the concept of perceived exertion.
"
CA-PE-2005,PE-4.4.12,4,Muscular Strength/Endurance,PE-4.4,"Students demonstrate knowledge of physical fitness concepts, principles, and strategies to improve health and performance.",Describe the difference between muscular strength and muscular endurance.,https://www2.cde.ca.gov/cacs/pe,,"Standard Identifier: PE-4.4.12
Grade: 4
Cluster: Muscular Strength/Endurance

Overarching Standard:
Students demonstrate knowledge of physical fitness concepts, principles, and strategies to improve health and performance.

Standard:
Describe the difference between muscular strength and muscular endurance.
"
CA-PE-2005,PE-4.4.13,4,Muscular Strength/Endurance,PE-4.4,"Students demonstrate knowledge of physical fitness concepts, principles, and strategies to improve health and performance.",Explain why muscular endurance or muscular strength activities do not increase muscle mass in preadolescent children.,https://www2.cde.ca.gov/cacs/pe,,"Standard Identifier: PE-4.4.13
Grade: 4
Cluster: Muscular Strength/Endurance

Overarching Standard:
Students demonstrate knowledge of physical fitness concepts, principles, and strategies to improve health and performance.

Standard:
Explain why muscular endurance or muscular strength activities do not increase muscle mass in preadolescent children.
"
CA-PE-2005,PE-4.4.14,4,Muscular Strength/Endurance,PE-4.4,"Students demonstrate knowledge of physical fitness concepts, principles, and strategies to improve health and performance.",Recognize how strengthening major muscles can improve performance at work and play.,https://www2.cde.ca.gov/cacs/pe,,"Standard Identifier: PE-4.4.14
Grade: 4
Cluster: Muscular Strength/Endurance

Overarching Standard:
Students demonstrate knowledge of physical fitness concepts, principles, and strategies to improve health and performance.

Standard:
Recognize how strengthening major muscles can improve performance at work and play.
"
CA-PE-2005,PE-4.4.15,4,Muscular Strength/Endurance,PE-4.4,"Students demonstrate knowledge of physical fitness concepts, principles, and strategies to improve health and performance.",Describe the correct form to push and pull heavy objects.,https://www2.cde.ca.gov/cacs/pe,,"Standard Identifier: PE-4.4.15
Grade: 4
Cluster: Muscular Strength/Endurance

Overarching Standard:
Students demonstrate knowledge of physical fitness concepts, principles, and strategies to improve health and performance.

Standard:
Describe the correct form to push and pull heavy objects.
"
CA-PE-2005,PE-4.4.16,4,Flexibility,PE-4.4,"Students demonstrate knowledge of physical fitness concepts, principles, and strategies to improve health and performance.",Explain the value of increased ﬂexibility when participating in physical activity.,https://www2.cde.ca.gov/cacs/pe,,"Standard Identifier: PE-4.4.16
Grade: 4
Cluster: Flexibility

Overarching Standard:
Students demonstrate knowledge of physical fitness concepts, principles, and strategies to improve health and performance.

Standard:
Explain the value of increased ﬂexibility when participating in physical activity.
"
CA-PE-2005,PE-4.4.17,4,Body Composition,PE-4.4,"Students demonstrate knowledge of physical fitness concepts, principles, and strategies to improve health and performance.","Explain the effect of regular, sustained physical activity on the body’s ability to consume calories and burn fat for energy.",https://www2.cde.ca.gov/cacs/pe,,"Standard Identifier: PE-4.4.17
Grade: 4
Cluster: Body Composition

Overarching Standard:
Students demonstrate knowledge of physical fitness concepts, principles, and strategies to improve health and performance.

Standard:
Explain the effect of regular, sustained physical activity on the body’s ability to consume calories and burn fat for energy.
"
CA-PE-2005,PE-4.4.2,4,Fitness Concepts,PE-4.4,"Students demonstrate knowledge of physical fitness concepts, principles, and strategies to improve health and performance.","Explain the principles of physical ﬁtness: frequency, intensity, time, and type.",https://www2.cde.ca.gov/cacs/pe,,"Standard Identifier: PE-4.4.2
Grade: 4
Cluster: Fitness Concepts

Overarching Standard:
Students demonstrate knowledge of physical fitness concepts, principles, and strategies to improve health and performance.

Standard:
Explain the principles of physical ﬁtness: frequency, intensity, time, and type.
"
CA-PE-2005,PE-4.4.3,4,Fitness Concepts,PE-4.4,"Students demonstrate knowledge of physical fitness concepts, principles, and strategies to improve health and performance.","Set personal short-term goals for aerobic endurance, muscular strength and endurance, and ﬂexibility and monitor progress by measuring and recording personal ﬁtness scores.",https://www2.cde.ca.gov/cacs/pe,,"Standard Identifier: PE-4.4.3
Grade: 4
Cluster: Fitness Concepts

Overarching Standard:
Students demonstrate knowledge of physical fitness concepts, principles, and strategies to improve health and performance.

Standard:
Set personal short-term goals for aerobic endurance, muscular strength and endurance, and ﬂexibility and monitor progress by measuring and recording personal ﬁtness scores.
"
CA-PE-2005,PE-4.4.4,4,Fitness Concepts,PE-4.4,"Students demonstrate knowledge of physical fitness concepts, principles, and strategies to improve health and performance.",Identify healthful choices for meals and snacks that help improve physical performance.,https://www2.cde.ca.gov/cacs/pe,,"Standard Identifier: PE-4.4.4
Grade: 4
Cluster: Fitness Concepts

Overarching Standard:
Students demonstrate knowledge of physical fitness concepts, principles, and strategies to improve health and performance.

Standard:
Identify healthful choices for meals and snacks that help improve physical performance.
"
CA-PE-2005,PE-4.4.5,4,Fitness Concepts,PE-4.4,"Students demonstrate knowledge of physical fitness concepts, principles, and strategies to improve health and performance.","Explain why the body needs water before, during, and after physical activity.",https://www2.cde.ca.gov/cacs/pe,,"Standard Identifier: PE-4.4.5
Grade: 4
Cluster: Fitness Concepts

Overarching Standard:
Students demonstrate knowledge of physical fitness concepts, principles, and strategies to improve health and performance.

Standard:
Explain why the body needs water before, during, and after physical activity.
"
CA-PE-2005,PE-4.4.6,4,Fitness Concepts,PE-4.4,"Students demonstrate knowledge of physical fitness concepts, principles, and strategies to improve health and performance.",Explain why the body uses a higher percentage of carbohydrates for fuel during high- intensity physical activity and a higher percentage of fat for fuel during low-intensity physical activity.,https://www2.cde.ca.gov/cacs/pe,,"Standard Identifier: PE-4.4.6
Grade: 4
Cluster: Fitness Concepts

Overarching Standard:
Students demonstrate knowledge of physical fitness concepts, principles, and strategies to improve health and performance.

Standard:
Explain why the body uses a higher percentage of carbohydrates for fuel during high- intensity physical activity and a higher percentage of fat for fuel during low-intensity physical activity.
"
CA-PE-2005,PE-4.4.7,4,Fitness Concepts,PE-4.4,"Students demonstrate knowledge of physical fitness concepts, principles, and strategies to improve health and performance.",Explain the purpose of warm-up and cool-down periods.,https://www2.cde.ca.gov/cacs/pe,,"Standard Identifier: PE-4.4.7
Grade: 4
Cluster: Fitness Concepts

Overarching Standard:
Students demonstrate knowledge of physical fitness concepts, principles, and strategies to improve health and performance.

Standard:
Explain the purpose of warm-up and cool-down periods.
"
CA-PE-2005,PE-4.4.8,4,Aerobic Capacity,PE-4.4,"Students demonstrate knowledge of physical fitness concepts, principles, and strategies to improve health and performance.",Calculate personal heart rate per minute by recording heartbeats for ten-second intervals and 15-second intervals.,https://www2.cde.ca.gov/cacs/pe,,"Standard Identifier: PE-4.4.8
Grade: 4
Cluster: Aerobic Capacity

Overarching Standard:
Students demonstrate knowledge of physical fitness concepts, principles, and strategies to improve health and performance.

Standard:
Calculate personal heart rate per minute by recording heartbeats for ten-second intervals and 15-second intervals.
"
CA-PE-2005,PE-4.4.9,4,Aerobic Capacity,PE-4.4,"Students demonstrate knowledge of physical fitness concepts, principles, and strategies to improve health and performance.",Explain why a strong heart is able to return quickly to its resting rate after exertion.,https://www2.cde.ca.gov/cacs/pe,,"Standard Identifier: PE-4.4.9
Grade: 4
Cluster: Aerobic Capacity

Overarching Standard:
Students demonstrate knowledge of physical fitness concepts, principles, and strategies to improve health and performance.

Standard:
Explain why a strong heart is able to return quickly to its resting rate after exertion.
"
CA-PE-2005,PE-4.5,4,,,,"Students demonstrate and utilize knowledge of psychological and sociological concepts, principles, and strategies that apply to the learning and performance of physical activity.",https://www2.cde.ca.gov/cacs/pe,,"Standard Identifier: PE-4.5
Grade: 4

Standard:
Students demonstrate and utilize knowledge of psychological and sociological concepts, principles, and strategies that apply to the learning and performance of physical activity.
"
CA-PE-2005,PE-4.5.1,4,Self-Responsibility,PE-4.5,"Students demonstrate and utilize knowledge of psychological and sociological concepts, principles, and strategies that apply to the learning and performance of physical activity.",Set a personal goal to improve an area of health-related physical ﬁtness and work toward that goal in nonschool time.,https://www2.cde.ca.gov/cacs/pe,,"Standard Identifier: PE-4.5.1
Grade: 4
Cluster: Self-Responsibility

Overarching Standard:
Students demonstrate and utilize knowledge of psychological and sociological concepts, principles, and strategies that apply to the learning and performance of physical activity.

Standard:
Set a personal goal to improve an area of health-related physical ﬁtness and work toward that goal in nonschool time.
"
CA-PE-2005,PE-4.5.2,4,Self-Responsibility,PE-4.5,"Students demonstrate and utilize knowledge of psychological and sociological concepts, principles, and strategies that apply to the learning and performance of physical activity.",Collect data and record progress toward attainment of a personal ﬁtness goal.,https://www2.cde.ca.gov/cacs/pe,,"Standard Identifier: PE-4.5.2
Grade: 4
Cluster: Self-Responsibility

Overarching Standard:
Students demonstrate and utilize knowledge of psychological and sociological concepts, principles, and strategies that apply to the learning and performance of physical activity.

Standard:
Collect data and record progress toward attainment of a personal ﬁtness goal.
"
CA-PE-2005,PE-4.5.3,4,Self-Responsibility,PE-4.5,"Students demonstrate and utilize knowledge of psychological and sociological concepts, principles, and strategies that apply to the learning and performance of physical activity.",Accept responsibility for one’s own performance without blaming others.,https://www2.cde.ca.gov/cacs/pe,,"Standard Identifier: PE-4.5.3
Grade: 4
Cluster: Self-Responsibility

Overarching Standard:
Students demonstrate and utilize knowledge of psychological and sociological concepts, principles, and strategies that apply to the learning and performance of physical activity.

Standard:
Accept responsibility for one’s own performance without blaming others.
"
CA-PE-2005,PE-4.5.4,4,Self-Responsibility,PE-4.5,"Students demonstrate and utilize knowledge of psychological and sociological concepts, principles, and strategies that apply to the learning and performance of physical activity.",Respond to winning and losing with dignity and respect.,https://www2.cde.ca.gov/cacs/pe,,"Standard Identifier: PE-4.5.4
Grade: 4
Cluster: Self-Responsibility

Overarching Standard:
Students demonstrate and utilize knowledge of psychological and sociological concepts, principles, and strategies that apply to the learning and performance of physical activity.

Standard:
Respond to winning and losing with dignity and respect.
"
CA-PE-2005,PE-4.5.5,4,Social Interaction,PE-4.5,"Students demonstrate and utilize knowledge of psychological and sociological concepts, principles, and strategies that apply to the learning and performance of physical activity.",Include others in physical activities and respect individual differences in skill and motivation.,https://www2.cde.ca.gov/cacs/pe,,"Standard Identifier: PE-4.5.5
Grade: 4
Cluster: Social Interaction

Overarching Standard:
Students demonstrate and utilize knowledge of psychological and sociological concepts, principles, and strategies that apply to the learning and performance of physical activity.

Standard:
Include others in physical activities and respect individual differences in skill and motivation.
"
CA-PE-2005,PE-4.5.6,4,Group Dynamics,PE-4.5,"Students demonstrate and utilize knowledge of psychological and sociological concepts, principles, and strategies that apply to the learning and performance of physical activity.","Accept an opponent’s outstanding skill, use of strategies, or ability to work effectively with teammates as a challenge in physical activities.",https://www2.cde.ca.gov/cacs/pe,,"Standard Identifier: PE-4.5.6
Grade: 4
Cluster: Group Dynamics

Overarching Standard:
Students demonstrate and utilize knowledge of psychological and sociological concepts, principles, and strategies that apply to the learning and performance of physical activity.

Standard:
Accept an opponent’s outstanding skill, use of strategies, or ability to work effectively with teammates as a challenge in physical activities.
"
CA-PE-2005,PE-5.1,5,,,,Students demonstrate the motor skills and movement patterns needed to perform a variety of physical activities.,https://www2.cde.ca.gov/cacs/pe,,"Standard Identifier: PE-5.1
Grade: 5

Standard:
Students demonstrate the motor skills and movement patterns needed to perform a variety of physical activities.
"
CA-PE-2005,PE-5.1.1,5,Body Management,PE-5.1,Students demonstrate the motor skills and movement patterns needed to perform a variety of physical activities.,Perform simple small-group balance stunts by distributing weight and base of support.,https://www2.cde.ca.gov/cacs/pe,,"Standard Identifier: PE-5.1.1
Grade: 5
Cluster: Body Management

Overarching Standard:
Students demonstrate the motor skills and movement patterns needed to perform a variety of physical activities.

Standard:
Perform simple small-group balance stunts by distributing weight and base of support.
"
CA-PE-2005,PE-5.1.10,5,Manipulative Skills,PE-5.1,Students demonstrate the motor skills and movement patterns needed to perform a variety of physical activities.,"Strike a dropped ball, with a racket or paddle, toward a target by using the forehand movement pattern.",https://www2.cde.ca.gov/cacs/pe,,"Standard Identifier: PE-5.1.10
Grade: 5
Cluster: Manipulative Skills

Overarching Standard:
Students demonstrate the motor skills and movement patterns needed to perform a variety of physical activities.

Standard:
Strike a dropped ball, with a racket or paddle, toward a target by using the forehand movement pattern.
"
CA-PE-2005,PE-5.1.11,5,Manipulative Skills,PE-5.1,Students demonstrate the motor skills and movement patterns needed to perform a variety of physical activities.,Hit a softly tossed ball backhanded with a paddle or racket.,https://www2.cde.ca.gov/cacs/pe,,"Standard Identifier: PE-5.1.11
Grade: 5
Cluster: Manipulative Skills

Overarching Standard:
Students demonstrate the motor skills and movement patterns needed to perform a variety of physical activities.

Standard:
Hit a softly tossed ball backhanded with a paddle or racket.
"
CA-PE-2005,PE-5.1.12,5,Manipulative Skills,PE-5.1,Students demonstrate the motor skills and movement patterns needed to perform a variety of physical activities.,"Strike a tossed ball, with different implements, from a side orientation.",https://www2.cde.ca.gov/cacs/pe,,"Standard Identifier: PE-5.1.12
Grade: 5
Cluster: Manipulative Skills

Overarching Standard:
Students demonstrate the motor skills and movement patterns needed to perform a variety of physical activities.

Standard:
Strike a tossed ball, with different implements, from a side orientation.
"
CA-PE-2005,PE-5.1.13,5,Manipulative Skills,PE-5.1,Students demonstrate the motor skills and movement patterns needed to perform a variety of physical activities.,"Serve a lightweight ball over a low net, using the underhand movement pattern.",https://www2.cde.ca.gov/cacs/pe,,"Standard Identifier: PE-5.1.13
Grade: 5
Cluster: Manipulative Skills

Overarching Standard:
Students demonstrate the motor skills and movement patterns needed to perform a variety of physical activities.

Standard:
Serve a lightweight ball over a low net, using the underhand movement pattern.
"
CA-PE-2005,PE-5.1.14,5,Manipulative Skills,PE-5.1,Students demonstrate the motor skills and movement patterns needed to perform a variety of physical activities.,Dribble a ball (by hand or foot) while preventing another person from stealing the ball.,https://www2.cde.ca.gov/cacs/pe,,"Standard Identifier: PE-5.1.14
Grade: 5
Cluster: Manipulative Skills

Overarching Standard:
Students demonstrate the motor skills and movement patterns needed to perform a variety of physical activities.

Standard:
Dribble a ball (by hand or foot) while preventing another person from stealing the ball.
"
CA-PE-2005,PE-5.1.15,5,Manipulative Skills,PE-5.1,Students demonstrate the motor skills and movement patterns needed to perform a variety of physical activities.,Dribble a ball and kick it toward a goal while being guarded.,https://www2.cde.ca.gov/cacs/pe,,"Standard Identifier: PE-5.1.15
Grade: 5
Cluster: Manipulative Skills

Overarching Standard:
Students demonstrate the motor skills and movement patterns needed to perform a variety of physical activities.

Standard:
Dribble a ball and kick it toward a goal while being guarded.
"
CA-PE-2005,PE-5.1.16,5,Manipulative Skills,PE-5.1,Students demonstrate the motor skills and movement patterns needed to perform a variety of physical activities.,"Pass a ball back and forth with a partner, using a chest pass and bounce pass.",https://www2.cde.ca.gov/cacs/pe,,"Standard Identifier: PE-5.1.16
Grade: 5
Cluster: Manipulative Skills

Overarching Standard:
Students demonstrate the motor skills and movement patterns needed to perform a variety of physical activities.

Standard:
Pass a ball back and forth with a partner, using a chest pass and bounce pass.
"
CA-PE-2005,PE-5.1.17,5,Manipulative Skills,PE-5.1,Students demonstrate the motor skills and movement patterns needed to perform a variety of physical activities.,Volley a tossed ball to an intended location.,https://www2.cde.ca.gov/cacs/pe,,"Standard Identifier: PE-5.1.17
Grade: 5
Cluster: Manipulative Skills

Overarching Standard:
Students demonstrate the motor skills and movement patterns needed to perform a variety of physical activities.

Standard:
Volley a tossed ball to an intended location.
"
CA-PE-2005,PE-5.1.18,5,Rhythmic Skills,PE-5.1,Students demonstrate the motor skills and movement patterns needed to perform a variety of physical activities.,"Design and perform a creative dance, combining locomotor patterns with intentional changes in speed and direction.",https://www2.cde.ca.gov/cacs/pe,,"Standard Identifier: PE-5.1.18
Grade: 5
Cluster: Rhythmic Skills

Overarching Standard:
Students demonstrate the motor skills and movement patterns needed to perform a variety of physical activities.

Standard:
Design and perform a creative dance, combining locomotor patterns with intentional changes in speed and direction.
"
CA-PE-2005,PE-5.1.19,5,Rhythmic Skills,PE-5.1,Students demonstrate the motor skills and movement patterns needed to perform a variety of physical activities.,Design and perform a routine to music that involves manipulation of an object.,https://www2.cde.ca.gov/cacs/pe,,"Standard Identifier: PE-5.1.19
Grade: 5
Cluster: Rhythmic Skills

Overarching Standard:
Students demonstrate the motor skills and movement patterns needed to perform a variety of physical activities.

Standard:
Design and perform a routine to music that involves manipulation of an object.
"
CA-PE-2005,PE-5.1.2,5,Locomotor Movement,PE-5.1,Students demonstrate the motor skills and movement patterns needed to perform a variety of physical activities.,"Jump for height, using proper takeoff and landing form.",https://www2.cde.ca.gov/cacs/pe,,"Standard Identifier: PE-5.1.2
Grade: 5
Cluster: Locomotor Movement

Overarching Standard:
Students demonstrate the motor skills and movement patterns needed to perform a variety of physical activities.

Standard:
Jump for height, using proper takeoff and landing form.
"
CA-PE-2005,PE-5.1.3,5,Locomotor Movement,PE-5.1,Students demonstrate the motor skills and movement patterns needed to perform a variety of physical activities.,"Jump for distance, using proper takeoff and landing form.",https://www2.cde.ca.gov/cacs/pe,,"Standard Identifier: PE-5.1.3
Grade: 5
Cluster: Locomotor Movement

Overarching Standard:
Students demonstrate the motor skills and movement patterns needed to perform a variety of physical activities.

Standard:
Jump for distance, using proper takeoff and landing form.
"
CA-PE-2005,PE-5.1.4,5,Manipulative Skills,PE-5.1,Students demonstrate the motor skills and movement patterns needed to perform a variety of physical activities.,"Enter, jump, and leave a long rope turned by others.",https://www2.cde.ca.gov/cacs/pe,,"Standard Identifier: PE-5.1.4
Grade: 5
Cluster: Manipulative Skills

Overarching Standard:
Students demonstrate the motor skills and movement patterns needed to perform a variety of physical activities.

Standard:
Enter, jump, and leave a long rope turned by others.
"
CA-PE-2005,PE-5.1.5,5,Manipulative Skills,PE-5.1,Students demonstrate the motor skills and movement patterns needed to perform a variety of physical activities.,"Throw a ﬂying disc accurately at a target and to a partner, using the backhand movement pattern.",https://www2.cde.ca.gov/cacs/pe,,"Standard Identifier: PE-5.1.5
Grade: 5
Cluster: Manipulative Skills

Overarching Standard:
Students demonstrate the motor skills and movement patterns needed to perform a variety of physical activities.

Standard:
Throw a ﬂying disc accurately at a target and to a partner, using the backhand movement pattern.
"
CA-PE-2005,PE-5.1.6,5,Manipulative Skills,PE-5.1,Students demonstrate the motor skills and movement patterns needed to perform a variety of physical activities.,Throw and catch an object underhand and overhand while avoiding an opponent.,https://www2.cde.ca.gov/cacs/pe,,"Standard Identifier: PE-5.1.6
Grade: 5
Cluster: Manipulative Skills

Overarching Standard:
Students demonstrate the motor skills and movement patterns needed to perform a variety of physical activities.

Standard:
Throw and catch an object underhand and overhand while avoiding an opponent.
"
CA-PE-2005,PE-5.1.7,5,Manipulative Skills,PE-5.1,Students demonstrate the motor skills and movement patterns needed to perform a variety of physical activities.,Field a thrown ground ball.,https://www2.cde.ca.gov/cacs/pe,,"Standard Identifier: PE-5.1.7
Grade: 5
Cluster: Manipulative Skills

Overarching Standard:
Students demonstrate the motor skills and movement patterns needed to perform a variety of physical activities.

Standard:
Field a thrown ground ball.
"
CA-PE-2005,PE-5.1.8,5,Manipulative Skills,PE-5.1,Students demonstrate the motor skills and movement patterns needed to perform a variety of physical activities.,"Punt a ball, dropped from the hands, at a target.",https://www2.cde.ca.gov/cacs/pe,,"Standard Identifier: PE-5.1.8
Grade: 5
Cluster: Manipulative Skills

Overarching Standard:
Students demonstrate the motor skills and movement patterns needed to perform a variety of physical activities.

Standard:
Punt a ball, dropped from the hands, at a target.
"
CA-PE-2005,PE-5.1.9,5,Manipulative Skills,PE-5.1,Students demonstrate the motor skills and movement patterns needed to perform a variety of physical activities.,Stop a kicked ball by trapping it with the foot while moving.,https://www2.cde.ca.gov/cacs/pe,,"Standard Identifier: PE-5.1.9
Grade: 5
Cluster: Manipulative Skills

Overarching Standard:
Students demonstrate the motor skills and movement patterns needed to perform a variety of physical activities.

Standard:
Stop a kicked ball by trapping it with the foot while moving.
"
CA-PE-2005,PE-5.2,5,,,,"Students demonstrate knowledge of movement concepts, principles, and strategies that apply to the learning and performance of physical activities.",https://www2.cde.ca.gov/cacs/pe,,"Standard Identifier: PE-5.2
Grade: 5

Standard:
Students demonstrate knowledge of movement concepts, principles, and strategies that apply to the learning and performance of physical activities.
"
CA-PE-2005,PE-5.2.1,5,Movement Concepts,PE-5.2,"Students demonstrate knowledge of movement concepts, principles, and strategies that apply to the learning and performance of physical activities.",Explain the importance of open space in playing sport-related games.,https://www2.cde.ca.gov/cacs/pe,,"Standard Identifier: PE-5.2.1
Grade: 5
Cluster: Movement Concepts

Overarching Standard:
Students demonstrate knowledge of movement concepts, principles, and strategies that apply to the learning and performance of physical activities.

Standard:
Explain the importance of open space in playing sport-related games.
"
CA-PE-2005,PE-5.2.2,5,Movement Concepts,PE-5.2,"Students demonstrate knowledge of movement concepts, principles, and strategies that apply to the learning and performance of physical activities.",Explain the differences in applying and receiving force when jumping for height and distance.,https://www2.cde.ca.gov/cacs/pe,,"Standard Identifier: PE-5.2.2
Grade: 5
Cluster: Movement Concepts

Overarching Standard:
Students demonstrate knowledge of movement concepts, principles, and strategies that apply to the learning and performance of physical activities.

Standard:
Explain the differences in applying and receiving force when jumping for height and distance.
"
CA-PE-2005,PE-5.2.3,5,Body Composition,PE-5.2,"Students demonstrate knowledge of movement concepts, principles, and strategies that apply to the learning and performance of physical activities.",Explain how to adjust body position to catch a ball thrown off-center.,https://www2.cde.ca.gov/cacs/pe,,"Standard Identifier: PE-5.2.3
Grade: 5
Cluster: Body Composition

Overarching Standard:
Students demonstrate knowledge of movement concepts, principles, and strategies that apply to the learning and performance of physical activities.

Standard:
Explain how to adjust body position to catch a ball thrown off-center.
"
CA-PE-2005,PE-5.2.4,5,Manipulative Skills,PE-5.2,"Students demonstrate knowledge of movement concepts, principles, and strategies that apply to the learning and performance of physical activities.","Identify the following phases for striking a ball: preparation, application of force, follow-through, and recovery.",https://www2.cde.ca.gov/cacs/pe,,"Standard Identifier: PE-5.2.4
Grade: 5
Cluster: Manipulative Skills

Overarching Standard:
Students demonstrate knowledge of movement concepts, principles, and strategies that apply to the learning and performance of physical activities.

Standard:
Identify the following phases for striking a ball: preparation, application of force, follow-through, and recovery.
"
CA-PE-2005,PE-5.2.5,5,Rhythmic Skills,PE-5.2,"Students demonstrate knowledge of movement concepts, principles, and strategies that apply to the learning and performance of physical activities.","Design a routine to music, changing speed and direction while manipulating an object.",https://www2.cde.ca.gov/cacs/pe,,"Standard Identifier: PE-5.2.5
Grade: 5
Cluster: Rhythmic Skills

Overarching Standard:
Students demonstrate knowledge of movement concepts, principles, and strategies that apply to the learning and performance of physical activities.

Standard:
Design a routine to music, changing speed and direction while manipulating an object.
"
CA-PE-2005,PE-5.3,5,,,,Students assess and maintain a level of physical fitness to improve health and performance.,https://www2.cde.ca.gov/cacs/pe,,"Standard Identifier: PE-5.3
Grade: 5

Standard:
Students assess and maintain a level of physical fitness to improve health and performance.
"
CA-PE-2005,PE-5.3.1,5,Fitness Concepts,PE-5.3,Students assess and maintain a level of physical fitness to improve health and performance.,"Demonstrate how to warm up muscles and joints before running, jumping, kicking, throwing, and striking.",https://www2.cde.ca.gov/cacs/pe,,"Standard Identifier: PE-5.3.1
Grade: 5
Cluster: Fitness Concepts

Overarching Standard:
Students assess and maintain a level of physical fitness to improve health and performance.

Standard:
Demonstrate how to warm up muscles and joints before running, jumping, kicking, throwing, and striking.
"
CA-PE-2005,PE-5.3.2,5,Fitness Concepts,PE-5.3,Students assess and maintain a level of physical fitness to improve health and performance.,Plan a day of healthful balanced meals and snacks designed to enhance the performance of physical activities.,https://www2.cde.ca.gov/cacs/pe,,"Standard Identifier: PE-5.3.2
Grade: 5
Cluster: Fitness Concepts

Overarching Standard:
Students assess and maintain a level of physical fitness to improve health and performance.

Standard:
Plan a day of healthful balanced meals and snacks designed to enhance the performance of physical activities.
"
CA-PE-2005,PE-5.3.3,5,Aerobic Capacity,PE-5.3,Students assess and maintain a level of physical fitness to improve health and performance.,"Participate three to four days each week, for increasing periods of time, in continuous moderate to vigorous physical activities at the appropriate intensity for increasing aerobic capacity.",https://www2.cde.ca.gov/cacs/pe,,"Standard Identifier: PE-5.3.3
Grade: 5
Cluster: Aerobic Capacity

Overarching Standard:
Students assess and maintain a level of physical fitness to improve health and performance.

Standard:
Participate three to four days each week, for increasing periods of time, in continuous moderate to vigorous physical activities at the appropriate intensity for increasing aerobic capacity.
"
CA-PE-2005,PE-5.3.4,5,Muscular Strength/Endurance,PE-5.3,Students assess and maintain a level of physical fitness to improve health and performance.,Perform an increasing number of oblique curl-ups on each side.,https://www2.cde.ca.gov/cacs/pe,,"Standard Identifier: PE-5.3.4
Grade: 5
Cluster: Muscular Strength/Endurance

Overarching Standard:
Students assess and maintain a level of physical fitness to improve health and performance.

Standard:
Perform an increasing number of oblique curl-ups on each side.
"
CA-PE-2005,PE-5.3.5,5,Muscular Strength/Endurance,PE-5.3,Students assess and maintain a level of physical fitness to improve health and performance.,Perform increasing numbers of triceps push-ups.,https://www2.cde.ca.gov/cacs/pe,,"Standard Identifier: PE-5.3.5
Grade: 5
Cluster: Muscular Strength/Endurance

Overarching Standard:
Students assess and maintain a level of physical fitness to improve health and performance.

Standard:
Perform increasing numbers of triceps push-ups.
"
CA-PE-2005,PE-5.3.6,5,Flexibility,PE-5.3,Students assess and maintain a level of physical fitness to improve health and performance.,Perform ﬂexibility exercises that will stretch particular muscle areas for given physical activities.,https://www2.cde.ca.gov/cacs/pe,,"Standard Identifier: PE-5.3.6
Grade: 5
Cluster: Flexibility

Overarching Standard:
Students assess and maintain a level of physical fitness to improve health and performance.

Standard:
Perform ﬂexibility exercises that will stretch particular muscle areas for given physical activities.
"
CA-PE-2005,PE-5.3.7,5,Body Composition,PE-5.3,Students assess and maintain a level of physical fitness to improve health and performance.,Sustain continuous movement for an increasing period of time while participating in moderate to vigorous physical activities.,https://www2.cde.ca.gov/cacs/pe,,"Standard Identifier: PE-5.3.7
Grade: 5
Cluster: Body Composition

Overarching Standard:
Students assess and maintain a level of physical fitness to improve health and performance.

Standard:
Sustain continuous movement for an increasing period of time while participating in moderate to vigorous physical activities.
"
CA-PE-2005,PE-5.3.8,5,Assessment,PE-5.3,Students assess and maintain a level of physical fitness to improve health and performance.,Assess health-related physical ﬁtness by using a scientiﬁcally based health-related ﬁtness assessment.,https://www2.cde.ca.gov/cacs/pe,,"Standard Identifier: PE-5.3.8
Grade: 5
Cluster: Assessment

Overarching Standard:
Students assess and maintain a level of physical fitness to improve health and performance.

Standard:
Assess health-related physical ﬁtness by using a scientiﬁcally based health-related ﬁtness assessment.
"
CA-PE-2005,PE-5.3.9,5,Assessment,PE-5.3,Students assess and maintain a level of physical fitness to improve health and performance.,"Meet age- and gender-speciﬁc ﬁtness standards for aerobic capacity, muscular strength, ﬂexibility, and body composition, using a scientiﬁcally based health-related ﬁtness assessment.",https://www2.cde.ca.gov/cacs/pe,,"Standard Identifier: PE-5.3.9
Grade: 5
Cluster: Assessment

Overarching Standard:
Students assess and maintain a level of physical fitness to improve health and performance.

Standard:
Meet age- and gender-speciﬁc ﬁtness standards for aerobic capacity, muscular strength, ﬂexibility, and body composition, using a scientiﬁcally based health-related ﬁtness assessment.
"
CA-PE-2005,PE-5.4,5,,,,"Students demonstrate knowledge of physical fitness concepts, principles, and strategies to improve health and performance.",https://www2.cde.ca.gov/cacs/pe,,"Standard Identifier: PE-5.4
Grade: 5

Standard:
Students demonstrate knowledge of physical fitness concepts, principles, and strategies to improve health and performance.
"
CA-PE-2005,PE-5.4.1,5,Fitness Concepts,PE-5.4,"Students demonstrate knowledge of physical fitness concepts, principles, and strategies to improve health and performance.",Record and analyze food consumption for one day and make a plan to replace foods with healthier choices and adjust quantities to enhance performance in physical activity.,https://www2.cde.ca.gov/cacs/pe,,"Standard Identifier: PE-5.4.1
Grade: 5
Cluster: Fitness Concepts

Overarching Standard:
Students demonstrate knowledge of physical fitness concepts, principles, and strategies to improve health and performance.

Standard:
Record and analyze food consumption for one day and make a plan to replace foods with healthier choices and adjust quantities to enhance performance in physical activity.
"
CA-PE-2005,PE-5.4.10,5,Aerobic Capacity,PE-5.4,"Students demonstrate knowledge of physical fitness concepts, principles, and strategies to improve health and performance.",Compare target heart rate and perceived exertion during physical activity.,https://www2.cde.ca.gov/cacs/pe,,"Standard Identifier: PE-5.4.10
Grade: 5
Cluster: Aerobic Capacity

Overarching Standard:
Students demonstrate knowledge of physical fitness concepts, principles, and strategies to improve health and performance.

Standard:
Compare target heart rate and perceived exertion during physical activity.
"
CA-PE-2005,PE-5.4.11,5,Aerobic Capacity,PE-5.4,"Students demonstrate knowledge of physical fitness concepts, principles, and strategies to improve health and performance.","Measure and record the heart rate before, during, and after vigorous physical activity.",https://www2.cde.ca.gov/cacs/pe,,"Standard Identifier: PE-5.4.11
Grade: 5
Cluster: Aerobic Capacity

Overarching Standard:
Students demonstrate knowledge of physical fitness concepts, principles, and strategies to improve health and performance.

Standard:
Measure and record the heart rate before, during, and after vigorous physical activity.
"
CA-PE-2005,PE-5.4.12,5,Aerobic Capacity,PE-5.4,"Students demonstrate knowledge of physical fitness concepts, principles, and strategies to improve health and performance.",Explain how technology can assist in the pursuit of physical ﬁtness.,https://www2.cde.ca.gov/cacs/pe,,"Standard Identifier: PE-5.4.12
Grade: 5
Cluster: Aerobic Capacity

Overarching Standard:
Students demonstrate knowledge of physical fitness concepts, principles, and strategies to improve health and performance.

Standard:
Explain how technology can assist in the pursuit of physical ﬁtness.
"
CA-PE-2005,PE-5.4.13,5,Muscular Strength/Endurance,PE-5.4,"Students demonstrate knowledge of physical fitness concepts, principles, and strategies to improve health and performance.","Explain the beneﬁts of having strong arm, chest, and back muscles.",https://www2.cde.ca.gov/cacs/pe,,"Standard Identifier: PE-5.4.13
Grade: 5
Cluster: Muscular Strength/Endurance

Overarching Standard:
Students demonstrate knowledge of physical fitness concepts, principles, and strategies to improve health and performance.

Standard:
Explain the beneﬁts of having strong arm, chest, and back muscles.
"
CA-PE-2005,PE-5.4.14,5,Flexibility,PE-5.4,"Students demonstrate knowledge of physical fitness concepts, principles, and strategies to improve health and performance.",Explain the beneﬁts of stretching after warm-up activities.,https://www2.cde.ca.gov/cacs/pe,,"Standard Identifier: PE-5.4.14
Grade: 5
Cluster: Flexibility

Overarching Standard:
Students demonstrate knowledge of physical fitness concepts, principles, and strategies to improve health and performance.

Standard:
Explain the beneﬁts of stretching after warm-up activities.
"
CA-PE-2005,PE-5.4.15,5,Body Composition,PE-5.4,"Students demonstrate knowledge of physical fitness concepts, principles, and strategies to improve health and performance.",Explain why body weight is maintained when calorie intake is equal to the calories expended.,https://www2.cde.ca.gov/cacs/pe,,"Standard Identifier: PE-5.4.15
Grade: 5
Cluster: Body Composition

Overarching Standard:
Students demonstrate knowledge of physical fitness concepts, principles, and strategies to improve health and performance.

Standard:
Explain why body weight is maintained when calorie intake is equal to the calories expended.
"
CA-PE-2005,PE-5.4.16,5,Body Composition,PE-5.4,"Students demonstrate knowledge of physical fitness concepts, principles, and strategies to improve health and performance.",Describe the short- and long-term beneﬁts of maintaining body composition within the healthy ﬁtness zone.,https://www2.cde.ca.gov/cacs/pe,,"Standard Identifier: PE-5.4.16
Grade: 5
Cluster: Body Composition

Overarching Standard:
Students demonstrate knowledge of physical fitness concepts, principles, and strategies to improve health and performance.

Standard:
Describe the short- and long-term beneﬁts of maintaining body composition within the healthy ﬁtness zone.
"
CA-PE-2005,PE-5.4.2,5,Fitness Concepts,PE-5.4,"Students demonstrate knowledge of physical fitness concepts, principles, and strategies to improve health and performance.",Explain why dehydration impairs temperature regulation and physical and mental performance.,https://www2.cde.ca.gov/cacs/pe,,"Standard Identifier: PE-5.4.2
Grade: 5
Cluster: Fitness Concepts

Overarching Standard:
Students demonstrate knowledge of physical fitness concepts, principles, and strategies to improve health and performance.

Standard:
Explain why dehydration impairs temperature regulation and physical and mental performance.
"
CA-PE-2005,PE-5.4.3,5,Fitness Concepts,PE-5.4,"Students demonstrate knowledge of physical fitness concepts, principles, and strategies to improve health and performance.",Develop and describe three short-term and three long-term ﬁtness goals.,https://www2.cde.ca.gov/cacs/pe,,"Standard Identifier: PE-5.4.3
Grade: 5
Cluster: Fitness Concepts

Overarching Standard:
Students demonstrate knowledge of physical fitness concepts, principles, and strategies to improve health and performance.

Standard:
Develop and describe three short-term and three long-term ﬁtness goals.
"
CA-PE-2005,PE-5.4.4,5,Fitness Concepts,PE-5.4,"Students demonstrate knowledge of physical fitness concepts, principles, and strategies to improve health and performance.",Examine personal results of a scientiﬁcally based health-related physical ﬁtness assessment and identify one or more ways to improve performance in areas that do not meet minimum standards.,https://www2.cde.ca.gov/cacs/pe,,"Standard Identifier: PE-5.4.4
Grade: 5
Cluster: Fitness Concepts

Overarching Standard:
Students demonstrate knowledge of physical fitness concepts, principles, and strategies to improve health and performance.

Standard:
Examine personal results of a scientiﬁcally based health-related physical ﬁtness assessment and identify one or more ways to improve performance in areas that do not meet minimum standards.
"
CA-PE-2005,PE-5.4.5,5,Fitness Concepts,PE-5.4,"Students demonstrate knowledge of physical fitness concepts, principles, and strategies to improve health and performance.",Explain the elements of warm-up and cool-down activities.,https://www2.cde.ca.gov/cacs/pe,,"Standard Identifier: PE-5.4.5
Grade: 5
Cluster: Fitness Concepts

Overarching Standard:
Students demonstrate knowledge of physical fitness concepts, principles, and strategies to improve health and performance.

Standard:
Explain the elements of warm-up and cool-down activities.
"
CA-PE-2005,PE-5.4.6,5,Fitness Concepts,PE-5.4,"Students demonstrate knowledge of physical fitness concepts, principles, and strategies to improve health and performance.","Record water intake before, during, and after physical activity.",https://www2.cde.ca.gov/cacs/pe,,"Standard Identifier: PE-5.4.6
Grade: 5
Cluster: Fitness Concepts

Overarching Standard:
Students demonstrate knowledge of physical fitness concepts, principles, and strategies to improve health and performance.

Standard:
Record water intake before, during, and after physical activity.
"
CA-PE-2005,PE-5.4.7,5,Fitness Concepts,PE-5.4,"Students demonstrate knowledge of physical fitness concepts, principles, and strategies to improve health and performance.",Describe the principles of training and the application to each of the components of health-related physical ﬁtness.,https://www2.cde.ca.gov/cacs/pe,,"Standard Identifier: PE-5.4.7
Grade: 5
Cluster: Fitness Concepts

Overarching Standard:
Students demonstrate knowledge of physical fitness concepts, principles, and strategies to improve health and performance.

Standard:
Describe the principles of training and the application to each of the components of health-related physical ﬁtness.
"
CA-PE-2005,PE-5.4.8,5,Aerobic Capacity,PE-5.4,"Students demonstrate knowledge of physical fitness concepts, principles, and strategies to improve health and performance.",Identify the heart rate intensity (target heart-rate range) that is necessary to increase aerobic capacity.,https://www2.cde.ca.gov/cacs/pe,,"Standard Identifier: PE-5.4.8
Grade: 5
Cluster: Aerobic Capacity

Overarching Standard:
Students demonstrate knowledge of physical fitness concepts, principles, and strategies to improve health and performance.

Standard:
Identify the heart rate intensity (target heart-rate range) that is necessary to increase aerobic capacity.
"
CA-PE-2005,PE-5.4.9,5,Aerobic Capacity,PE-5.4,"Students demonstrate knowledge of physical fitness concepts, principles, and strategies to improve health and performance.","Determine the intensity of personal physical activity, using the concept of perceived exertion.",https://www2.cde.ca.gov/cacs/pe,,"Standard Identifier: PE-5.4.9
Grade: 5
Cluster: Aerobic Capacity

Overarching Standard:
Students demonstrate knowledge of physical fitness concepts, principles, and strategies to improve health and performance.

Standard:
Determine the intensity of personal physical activity, using the concept of perceived exertion.
"
CA-PE-2005,PE-5.5,5,,,,"Students demonstrate and utilize knowledge of psychological and sociological concepts, principles, and strategies that apply to the learning and performance of physical activity.",https://www2.cde.ca.gov/cacs/pe,,"Standard Identifier: PE-5.5
Grade: 5

Standard:
Students demonstrate and utilize knowledge of psychological and sociological concepts, principles, and strategies that apply to the learning and performance of physical activity.
"
CA-PE-2005,PE-5.5.1,5,Self-Responsibility,PE-5.5,"Students demonstrate and utilize knowledge of psychological and sociological concepts, principles, and strategies that apply to the learning and performance of physical activity.",Improve the level of performance on one component of health-related physical ﬁtness and one identiﬁed motor skill by participating in ﬁtness and skill development activities outside school.,https://www2.cde.ca.gov/cacs/pe,,"Standard Identifier: PE-5.5.1
Grade: 5
Cluster: Self-Responsibility

Overarching Standard:
Students demonstrate and utilize knowledge of psychological and sociological concepts, principles, and strategies that apply to the learning and performance of physical activity.

Standard:
Improve the level of performance on one component of health-related physical ﬁtness and one identiﬁed motor skill by participating in ﬁtness and skill development activities outside school.
"
CA-PE-2005,PE-5.5.2,5,Self-Responsibility,PE-5.5,"Students demonstrate and utilize knowledge of psychological and sociological concepts, principles, and strategies that apply to the learning and performance of physical activity.",Work toward a long-term physical activity goal and record data on one’s progress.,https://www2.cde.ca.gov/cacs/pe,,"Standard Identifier: PE-5.5.2
Grade: 5
Cluster: Self-Responsibility

Overarching Standard:
Students demonstrate and utilize knowledge of psychological and sociological concepts, principles, and strategies that apply to the learning and performance of physical activity.

Standard:
Work toward a long-term physical activity goal and record data on one’s progress.
"
CA-PE-2005,PE-5.5.3,5,Self-Responsibility,PE-5.5,"Students demonstrate and utilize knowledge of psychological and sociological concepts, principles, and strategies that apply to the learning and performance of physical activity.",Distinguish between acts of physical courage and physically reckless acts and explain the key characteristics of each.,https://www2.cde.ca.gov/cacs/pe,,"Standard Identifier: PE-5.5.3
Grade: 5
Cluster: Self-Responsibility

Overarching Standard:
Students demonstrate and utilize knowledge of psychological and sociological concepts, principles, and strategies that apply to the learning and performance of physical activity.

Standard:
Distinguish between acts of physical courage and physically reckless acts and explain the key characteristics of each.
"
CA-PE-2005,PE-5.5.4,5,Self-Responsibility,PE-5.5,"Students demonstrate and utilize knowledge of psychological and sociological concepts, principles, and strategies that apply to the learning and performance of physical activity.",Act in a safe and healthy manner when confronted with negative peer pressure during physical activity.,https://www2.cde.ca.gov/cacs/pe,,"Standard Identifier: PE-5.5.4
Grade: 5
Cluster: Self-Responsibility

Overarching Standard:
Students demonstrate and utilize knowledge of psychological and sociological concepts, principles, and strategies that apply to the learning and performance of physical activity.

Standard:
Act in a safe and healthy manner when confronted with negative peer pressure during physical activity.
"
CA-PE-2005,PE-5.5.5,5,Social Interaction,PE-5.5,"Students demonstrate and utilize knowledge of psychological and sociological concepts, principles, and strategies that apply to the learning and performance of physical activity.",Contribute ideas and listen to the ideas of others in cooperative problem-solving activities.,https://www2.cde.ca.gov/cacs/pe,,"Standard Identifier: PE-5.5.5
Grade: 5
Cluster: Social Interaction

Overarching Standard:
Students demonstrate and utilize knowledge of psychological and sociological concepts, principles, and strategies that apply to the learning and performance of physical activity.

Standard:
Contribute ideas and listen to the ideas of others in cooperative problem-solving activities.
"
CA-PE-2005,PE-5.5.6,5,Social Interaction,PE-5.5,"Students demonstrate and utilize knowledge of psychological and sociological concepts, principles, and strategies that apply to the learning and performance of physical activity.",Acknowledge orally the contributions and strengths of others.,https://www2.cde.ca.gov/cacs/pe,,"Standard Identifier: PE-5.5.6
Grade: 5
Cluster: Social Interaction

Overarching Standard:
Students demonstrate and utilize knowledge of psychological and sociological concepts, principles, and strategies that apply to the learning and performance of physical activity.

Standard:
Acknowledge orally the contributions and strengths of others.
"
CA-PE-2005,PE-5.5.7,5,Group Dynamics,PE-5.5,"Students demonstrate and utilize knowledge of psychological and sociological concepts, principles, and strategies that apply to the learning and performance of physical activity.",Accommodate individual differences in others’ physical abilities in small-group activities.,https://www2.cde.ca.gov/cacs/pe,,"Standard Identifier: PE-5.5.7
Grade: 5
Cluster: Group Dynamics

Overarching Standard:
Students demonstrate and utilize knowledge of psychological and sociological concepts, principles, and strategies that apply to the learning and performance of physical activity.

Standard:
Accommodate individual differences in others’ physical abilities in small-group activities.
"
CA-PE-2005,PE-5.5.8,5,Group Dynamics,PE-5.5,"Students demonstrate and utilize knowledge of psychological and sociological concepts, principles, and strategies that apply to the learning and performance of physical activity.",Appreciate physical games and activities reﬂecting diverse heritages.,https://www2.cde.ca.gov/cacs/pe,,"Standard Identifier: PE-5.5.8
Grade: 5
Cluster: Group Dynamics

Overarching Standard:
Students demonstrate and utilize knowledge of psychological and sociological concepts, principles, and strategies that apply to the learning and performance of physical activity.

Standard:
Appreciate physical games and activities reﬂecting diverse heritages.
"
