framework_id,code,grade,disciplinary_core_idea,cross_cutting_concept,science_engineering_practice,content_area,title,performance_expectation,disciplinary_core_ideas_detail,science_engineering_practices_detail,crosscutting_concepts_detail,california_environmental_principles_concepts,california_ccss_connections,dci_connections,articulation_across_grade_bands,articulation_across_grade_levels,source_url,page,raw_text
CA-NGSS-2013,K-2-ETS1-1,0,ETS1.A: Defining and Delimiting Engineering Problems,,SEP-1: Asking Questions and Defining Problems,"Engineering, Technology, and Applications of Science","K–2-ETS1 Engineering, Technology, and Applications of Science","Ask questions, make observations, and gather information about a situation people want to change to define a simple problem that can be solved through the development of a new or improved object or tool.","ETS1.A: Defining and Delimiting Engineering Problems
A situation that people want to change or create can be approached as a problem to be solved through engineering.

Asking questions, making observations, and gathering information are helpful in thinking about problems.

Before beginning to design a solution, it is important to clearly understand the problem.","Asking Questions and Defining Problems 
Ask questions based on observations to find more information about the natural and/or designed world(s).
Define a simple problem that can be solved through the development of a new or improved object or tool.",N/A,"Principle V
Decisions affecting resources and natural systems are based on a wide range of considerations and decision-making processes.","ELA/Literacy
RI.2.1: Ask and answer such questions as who, what, where, when, why, and how to demonstrate understanding of key details in a text.
W.2.6: With guidance and support from adults, use a variety of digital tools to produce and publish writing, including in collaboration with peers.
W.2.8: Recall information from experiences or gather information from provided sources to answer a question.
                                                                                                                                                                                                                                                            
Mathematics
MP.2: Reason abstractly and quantitatively. 
MP.4: Model with mathematics.
MP.5: Use appropriate tools strategically.","Connections to K-2-ETS1.A: Defining and Delimiting Engineering Problems include: 
Kindergarten: K-PS2-2; K-ESS3-2",3-5.ETS1.A; 3-5.ETS1.C,,https://www.cde.ca.gov/Ci/pl/ngssstandards.asp,,"Standard Identifier: K-2-ETS1-1
Grade: K
Disciplinary Core Idea: ETS1.A: Defining and Delimiting Engineering Problems
Science & Engineering Practice: SEP-1: Asking Questions and Defining Problems
Content Area: Engineering, Technology, and Applications of Science

Title: K–2-ETS1 Engineering, Technology, and Applications of Science

Performance Expectation: Ask questions, make observations, and gather information about a situation people want to change to define a simple problem that can be solved through the development of a new or improved object or tool.

Disciplinary Core Idea(s):
ETS1.A: Defining and Delimiting Engineering Problems
A situation that people want to change or create can be approached as a problem to be solved through engineering.

Asking questions, making observations, and gathering information are helpful in thinking about problems.

Before beginning to design a solution, it is important to clearly understand the problem.

Science & Engineering Practices: Asking Questions and Defining Problems 
Ask questions based on observations to find more information about the natural and/or designed world(s).
Define a simple problem that can be solved through the development of a new or improved object or tool.

Crosscutting Concepts: N/A

California Environmental Principles and Concepts:
Principle V
Decisions affecting resources and natural systems are based on a wide range of considerations and decision-making processes.

California Common Core State Standards Connections:
ELA/Literacy
RI.2.1: Ask and answer such questions as who, what, where, when, why, and how to demonstrate understanding of key details in a text.
W.2.6: With guidance and support from adults, use a variety of digital tools to produce and publish writing, including in collaboration with peers.
W.2.8: Recall information from experiences or gather information from provided sources to answer a question.
                                                                                                                                                                                                                                                            
Mathematics
MP.2: Reason abstractly and quantitatively. 
MP.4: Model with mathematics.
MP.5: Use appropriate tools strategically.

DCI Connections:
Connections to K-2-ETS1.A: Defining and Delimiting Engineering Problems include: 
Kindergarten: K-PS2-2; K-ESS3-2

Articulation across grade-bands: 3-5.ETS1.A; 3-5.ETS1.C
"
CA-NGSS-2013,K-2-ETS1-2,0,ETS1.B: Developing Possible Solutions,CCC-6: Structure and Function,SEP-2: Developing and Using Models,"Engineering, Technology, and Applications of Science","K–2-ETS1 Engineering, Technology, and Applications of Science","Develop a simple sketch, drawing, or physical model to illustrate how the shape of an object helps it function as needed to solve a given problem.","ETS1.B: Developing Possible Solutions
Designs can be conveyed through sketches, drawings, or physical models. These representations are useful in communicating ideas for a problem’s solutions to other people.","Developing and Using Models
Develop a simple model based on evidence to represent a proposed object or tool.","Structure and Function
The shape and stability of structures of natural and designed objects are related to their function(s).","Principle V
Decisions affecting resources and natural systems are based on a wide range of considerations and decision-making processes.","ELA/Literacy
SL.2.5: Create audio recordings of stories or poems; add drawings or other visual displays to stories or recounts of experiences when appropriate to clarify ideas, thoughts, and feelings.","Connections to K-2-ETS1.B: Developing Possible Solutions to Problems include: 
Kindergarten: K-ESS3-3
First Grade: 1-PS4-4
Second Grade:  2-LS2-2",3-5.ETS1.A ; 3-5.ETS1.B ; 3-5.ETS1.C,,https://www.cde.ca.gov/Ci/pl/ngssstandards.asp,,"Standard Identifier: K-2-ETS1-2
Grade: K
Disciplinary Core Idea: ETS1.B: Developing Possible Solutions
Cross Cutting Concept: CCC-6: Structure and Function
Science & Engineering Practice: SEP-2: Developing and Using Models
Content Area: Engineering, Technology, and Applications of Science

Title: K–2-ETS1 Engineering, Technology, and Applications of Science

Performance Expectation: Develop a simple sketch, drawing, or physical model to illustrate how the shape of an object helps it function as needed to solve a given problem.

Disciplinary Core Idea(s):
ETS1.B: Developing Possible Solutions
Designs can be conveyed through sketches, drawings, or physical models. These representations are useful in communicating ideas for a problem’s solutions to other people.

Science & Engineering Practices: Developing and Using Models
Develop a simple model based on evidence to represent a proposed object or tool.

Crosscutting Concepts: Structure and Function
The shape and stability of structures of natural and designed objects are related to their function(s).

California Environmental Principles and Concepts:
Principle V
Decisions affecting resources and natural systems are based on a wide range of considerations and decision-making processes.

California Common Core State Standards Connections:
ELA/Literacy
SL.2.5: Create audio recordings of stories or poems; add drawings or other visual displays to stories or recounts of experiences when appropriate to clarify ideas, thoughts, and feelings.

DCI Connections:
Connections to K-2-ETS1.B: Developing Possible Solutions to Problems include: 
Kindergarten: K-ESS3-3
First Grade: 1-PS4-4
Second Grade:  2-LS2-2

Articulation across grade-bands:   3-5.ETS1.A ; 3-5.ETS1.B ; 3-5.ETS1.C
"
CA-NGSS-2013,K-2-ETS1-3,0,ETS1.C: Optimizing the Design Solution,,SEP-4: Analyzing and Interpreting Data,"Engineering, Technology, and Applications of Science","K–2-ETS1 Engineering, Technology, and Applications of Science",Analyze data from tests of two objects designed to solve the same problem to compare the strengths and weaknesses of how each performs.,"ETS1.C: Optimizing the Design Solution
Because there is always more than one possible solution to a problem, it is useful to compare and test designs.","Analyzing and Interpreting Data
Analyze data from tests of an object or tool to determine if it works as intended.",N/A,"Principle V
Decisions affecting resources and natural systems are based on a wide range of considerations and decision-making processes.","ELA/Literacy
W.2.6: With guidance and support from adults, use a variety of digital tools to produce and publish writing, including in collaboration with peers.
W.2.8: Recall information from experiences or gather information from provided sources to answer a question. 

Mathematics
MP.2: Reason abstractly and quantitatively. 
MP.4: Model with mathematics. 
MP.5: Use appropriate tools strategically.","Connections to K-2-ETS1.C: Optimizing the Design Solution include: 
Second Grade: 2-ESS2-1",3-5.ETS1.A; 3-5.ETS1.B; 3-5.ETS1.C,,https://www.cde.ca.gov/Ci/pl/ngssstandards.asp,,"Standard Identifier: K-2-ETS1-3
Grade: K
Disciplinary Core Idea: ETS1.C: Optimizing the Design Solution
Science & Engineering Practice: SEP-4: Analyzing and Interpreting Data
Content Area: Engineering, Technology, and Applications of Science

Title: K–2-ETS1 Engineering, Technology, and Applications of Science

Performance Expectation: Analyze data from tests of two objects designed to solve the same problem to compare the strengths and weaknesses of how each performs.

Disciplinary Core Idea(s):
ETS1.C: Optimizing the Design Solution
Because there is always more than one possible solution to a problem, it is useful to compare and test designs.

Science & Engineering Practices: Analyzing and Interpreting Data
Analyze data from tests of an object or tool to determine if it works as intended.

Crosscutting Concepts: N/A

California Environmental Principles and Concepts:
Principle V
Decisions affecting resources and natural systems are based on a wide range of considerations and decision-making processes.

California Common Core State Standards Connections:
ELA/Literacy
W.2.6: With guidance and support from adults, use a variety of digital tools to produce and publish writing, including in collaboration with peers.
W.2.8: Recall information from experiences or gather information from provided sources to answer a question. 

Mathematics
MP.2: Reason abstractly and quantitatively. 
MP.4: Model with mathematics. 
MP.5: Use appropriate tools strategically.

DCI Connections:
Connections to K-2-ETS1.C: Optimizing the Design Solution include: 
Second Grade: 2-ESS2-1     

Articulation across grade-bands: 3-5.ETS1.A; 3-5.ETS1.B; 3-5.ETS1.C
"
CA-NGSS-2013,K-ESS2-1,0,ESS2.D: Weather and Climate,CCC-1: Patterns,SEP-4: Analyzing and Interpreting Data,Earth and Space Science,K-ESS2 Earth’s Systems,"Use and share observations of local weather conditions to describe patterns over time.  [Clarification Statement: Examples of qualitative observations could include descriptions of the weather (such as sunny, cloudy, rainy, and warm); examples of quantitative observations could include numbers of sunny, windy, and rainy days in a month. Examples of patterns could include that it is usually cooler in the morning than in the afternoon and the number of sunny days versus cloudy days in different months.] [Assessment Boundary: Assessment of quantitative observations limited to whole numbers and relative measures such as warmer/cooler.]","ESS2.D: Weather and Climate
Weather is the combination of sunlight, wind, snow or rain, and temperature in a particular region at a particular time. People measure these conditions to describe and record the weather and to notice patterns over time.","Analyzing and Interpreting Data 
Use observations (firsthand or from media) to describe patterns in the natural world in order to answer scientific questions.

Connections to Nature of Science:

Science Knowledge is Based on Empirical Evidence
Scientists look for patterns and order when making observations about the world.","Patterns 
Patterns in the natural world can be observed, used to describe phenomena, and used as evidence.","Principle I
The continuation and health of individual human lives and of human communities and societies depend on the health of the natural systems that provide essential goods and ecosystem services.

Principle II
The long-term functioning and health of terrestrial, freshwater, coastal and marine ecosystems are influenced by their relationships with human societies.","ELA/Literacy
W.K.7: Participate in shared research and writing projects (e.g., explore a number of books by a favorite author and express opinions about them). 

Mathematics
MP.2: Reason abstractly and quantitatively.
MP.4: Model with mathematics. 
K.CC.1-3: Know number names and the count sequence. 
K.MD.1: Describe measurable attributes of objects, such as length or weight. Describe several measurable attributes of a single object. 
K.MD.3: Classify objects into given categories; count the number of objects in each category and sort the categories by count.
K.CC.4-5: Count to tell the number of objects.",Connections to other DCIs in kindergarten: N/A,,2.ESS2.A; 3.ESS2.D; 4.ESS2.A,https://www.cde.ca.gov/Ci/pl/ngssstandards.asp,,"Standard Identifier: K-ESS2-1
Grade: K
Disciplinary Core Idea: ESS2.D: Weather and Climate
Cross Cutting Concept: CCC-1: Patterns
Science & Engineering Practice: SEP-4: Analyzing and Interpreting Data
Content Area: Earth and Space Science

Title: K-ESS2 Earth’s Systems

Performance Expectation: Use and share observations of local weather conditions to describe patterns over time.  [Clarification Statement: Examples of qualitative observations could include descriptions of the weather (such as sunny, cloudy, rainy, and warm); examples of quantitative observations could include numbers of sunny, windy, and rainy days in a month. Examples of patterns could include that it is usually cooler in the morning than in the afternoon and the number of sunny days versus cloudy days in different months.] [Assessment Boundary: Assessment of quantitative observations limited to whole numbers and relative measures such as warmer/cooler.]

Disciplinary Core Idea(s):
ESS2.D: Weather and Climate
Weather is the combination of sunlight, wind, snow or rain, and temperature in a particular region at a particular time. People measure these conditions to describe and record the weather and to notice patterns over time.

Science & Engineering Practices: Analyzing and Interpreting Data 
Use observations (firsthand or from media) to describe patterns in the natural world in order to answer scientific questions.

Connections to Nature of Science:

Science Knowledge is Based on Empirical Evidence
Scientists look for patterns and order when making observations about the world.

Crosscutting Concepts: Patterns 
Patterns in the natural world can be observed, used to describe phenomena, and used as evidence.

California Environmental Principles and Concepts:
Principle I
The continuation and health of individual human lives and of human communities and societies depend on the health of the natural systems that provide essential goods and ecosystem services.

Principle II
The long-term functioning and health of terrestrial, freshwater, coastal and marine ecosystems are influenced by their relationships with human societies.

California Common Core State Standards Connections:
ELA/Literacy
W.K.7: Participate in shared research and writing projects (e.g., explore a number of books by a favorite author and express opinions about them). 

Mathematics
MP.2: Reason abstractly and quantitatively.
MP.4: Model with mathematics. 
K.CC.1-3: Know number names and the count sequence. 
K.MD.1: Describe measurable attributes of objects, such as length or weight. Describe several measurable attributes of a single object. 
K.MD.3: Classify objects into given categories; count the number of objects in each category and sort the categories by count.
K.CC.4-5: Count to tell the number of objects.

DCI Connections:
Connections to other DCIs in kindergarten: N/A

Articulation across grade-levels: 2.ESS2.A; 3.ESS2.D; 4.ESS2.A
"
CA-NGSS-2013,K-ESS2-2,0,"ESS2.E: Biogeology, ESS3.C: Human Impacts on Earth Systems",CCC-4: Systems and Systems Models,SEP-7: Engaging in Argument From Science,Earth and Space Science,K-ESS2 Earth’s Systems,Construct an argument supported by evidence for how plants and animals (including humans) can change the environment to meet their needs.  [Clarification Statement: Examples of plants and animals changing their environment could include a squirrel digs in the ground to hide its food and tree roots can break concrete.],"ESS2.E: Biogeology
Plants and animals can change their environment.

ESS3.C: Human Impacts on Earth Systems
Things that people do to live comfortably can affect the world around them. But they can make choices that reduce their impacts on the land, water, air, and other living things. (secondary to K-ESS2-2)","Engaging in Argument from Evidence
Construct an argument with evidence to support a claim.","Systems and System Models
Systems in the natural and designed world have parts that work together.","Principle I
The continuation and health of individual human lives and of human communities and societies depend on the health of the natural systems that provide essential goods and ecosystem services.

Principle II
The long-term functioning and health of terrestrial, freshwater, coastal and marine ecosystems are influenced by their relationships with human societies.","ELA/Literacy
RI.K.1: With prompting and support, ask and answer questions about key details in a text. 
W.K.1: Use a combination of drawing, dictating, and writing to compose opinion pieces in which they tell a reader the topic or the name of the book they are writing about and state an opinion or preference about the topic or book. 
W.K.2: Use a combination of drawing, dictating, and writing to compose informative/explanatory texts in which they name what they are writing about and supply some information about the topic.",Connections to other DCIs in kindergarten: N/A,,4.ESS2.E; 5.ESS2.A,https://www.cde.ca.gov/Ci/pl/ngssstandards.asp,,"Standard Identifier: K-ESS2-2
Grade: K
Disciplinary Core Idea: ESS2.E: Biogeology, ESS3.C: Human Impacts on Earth Systems
Cross Cutting Concept: CCC-4: Systems and Systems Models
Science & Engineering Practice: SEP-7: Engaging in Argument From Science
Content Area: Earth and Space Science

Title: K-ESS2 Earth’s Systems

Performance Expectation: Construct an argument supported by evidence for how plants and animals (including humans) can change the environment to meet their needs.  [Clarification Statement: Examples of plants and animals changing their environment could include a squirrel digs in the ground to hide its food and tree roots can break concrete.]

Disciplinary Core Idea(s):
ESS2.E: Biogeology
Plants and animals can change their environment.

ESS3.C: Human Impacts on Earth Systems
Things that people do to live comfortably can affect the world around them. But they can make choices that reduce their impacts on the land, water, air, and other living things. (secondary to K-ESS2-2)

Science & Engineering Practices: Engaging in Argument from Evidence
Construct an argument with evidence to support a claim.

Crosscutting Concepts: Systems and System Models
Systems in the natural and designed world have parts that work together.

California Environmental Principles and Concepts:
Principle I
The continuation and health of individual human lives and of human communities and societies depend on the health of the natural systems that provide essential goods and ecosystem services.

Principle II
The long-term functioning and health of terrestrial, freshwater, coastal and marine ecosystems are influenced by their relationships with human societies.

California Common Core State Standards Connections:
ELA/Literacy
RI.K.1: With prompting and support, ask and answer questions about key details in a text. 
W.K.1: Use a combination of drawing, dictating, and writing to compose opinion pieces in which they tell a reader the topic or the name of the book they are writing about and state an opinion or preference about the topic or book. 
W.K.2: Use a combination of drawing, dictating, and writing to compose informative/explanatory texts in which they name what they are writing about and supply some information about the topic.

DCI Connections:
Connections to other DCIs in kindergarten: N/A
Articulation across grade-levels: 4.ESS2.E; 5.ESS2.A
"
CA-NGSS-2013,K-ESS3-1,0,ESS3.A: Natural Resources,CCC-4: Systems and Systems Models,SEP-2: Developing and Using Models,Earth and Space Science,K-ESS3 Earth and Human Activity,"Use a model to represent the relationship between the needs of different plants or animals (including humans) and the places they live.  [Clarification Statement:  Examples of relationships could include that deer eat buds and leaves, therefore, they usually live in forested areas; and, grasses need sunlight so they often grow in meadows. Plants, animals, and their surroundings make up a system.]","ESS3.A: Natural Resources
Living things need water, air, and resources from the land, and they live in places that have the things they need. Humans use natural resources for everything they do.","Developing and Using Models 
Use a model to represent relationships in the natural world.","Systems and System Models
Systems in the natural and designed world have parts that work together.","Principle I
The continuation and health of individual human lives and of human communities and societies depend on the health of the natural systems that provide essential goods and ecosystem services.

Principle II
The long-term functioning and health of terrestrial, freshwater, coastal and marine ecosystems are influenced by their relationships with human societies.","ELA/Literacy
SL.K.5: Add drawings or other visual displays to descriptions as desired to provide additional detail.

Mathematics
MP.2: Reason abstractly and quantitatively.
MP.4: Model with mathematics.
K.CC.1-3: Know number names and the count sequence.
K.CC.4-5: Count to tell the number of objects.
K.CC.6-7 :Compare numbers.",Connections to other DCIs in kindergarten: N/A,,1.LS1.A; 5.LS2.A; 5.ESS2.A,https://www.cde.ca.gov/Ci/pl/ngssstandards.asp,,"Standard Identifier: K-ESS3-1
Grade: K
Disciplinary Core Idea: ESS3.A: Natural Resources
Cross Cutting Concept: CCC-4: Systems and Systems Models
Science & Engineering Practice: SEP-2: Developing and Using Models
Content Area: Earth and Space Science

Title: K-ESS3 Earth and Human Activity

Performance Expectation: Use a model to represent the relationship between the needs of different plants or animals (including humans) and the places they live.  [Clarification Statement:  Examples of relationships could include that deer eat buds and leaves, therefore, they usually live in forested areas; and, grasses need sunlight so they often grow in meadows. Plants, animals, and their surroundings make up a system.]

Disciplinary Core Idea(s):
ESS3.A: Natural Resources
Living things need water, air, and resources from the land, and they live in places that have the things they need. Humans use natural resources for everything they do.

Science & Engineering Practices: Developing and Using Models 
Use a model to represent relationships in the natural world.

Crosscutting Concepts: Systems and System Models
Systems in the natural and designed world have parts that work together.

California Environmental Principles and Concepts:
Principle I
The continuation and health of individual human lives and of human communities and societies depend on the health of the natural systems that provide essential goods and ecosystem services.

Principle II
The long-term functioning and health of terrestrial, freshwater, coastal and marine ecosystems are influenced by their relationships with human societies.

California Common Core State Standards Connections:
ELA/Literacy
SL.K.5: Add drawings or other visual displays to descriptions as desired to provide additional detail.

Mathematics
MP.2: Reason abstractly and quantitatively.
MP.4: Model with mathematics.
K.CC.1-3: Know number names and the count sequence.
K.CC.4-5: Count to tell the number of objects.
K.CC.6-7 :Compare numbers.

DCI Connections:
Connections to other DCIs in kindergarten: N/A

Articulation across grade-levels: 1.LS1.A; 5.LS2.A; 5.ESS2.A
"
CA-NGSS-2013,K-ESS3-2,0,"ESS3.B: Natural Hazards, ETS1.A: Defining and Delimiting Engineering Problems",CCC-2: Cause and Effect: Mechanism and Explanation,SEP-1: Asking Questions and Defining Problems,Earth and Space Science,K-ESS3 Earth and Human Activity,"Ask questions to obtain information about the purpose of weather forecasting to prepare for, and respond to, severe weather.*  [Clarification Statement: Emphasis is on local forms of severe weather.]","ESS3.B: Natural Hazards
Some kinds of severe weather are more likely than others in a given region. Weather scientists forecast severe weather so that the communities can prepare for and respond to these events.

ETS1.A: Defining and Delimiting Engineering Problems
Asking questions, making observations, and gathering information are helpful in thinking about problems. (secondary to K-ESS3-2)","Asking Questions and Defining Problems
Ask questions based on observations to find more information about the designed world.","Cause and Effect 
Events have causes that generate observable patterns.

Connections to Engineering, Technology, and Applications of Science:

Interdependence of Science, Engineering, and Technology
People encounter questions about the natural world every day.

Influence of Engineering, Technology, and Science on Society and the Natural World 
People depend on various technologies in their lives; human life would be very different without technology.","Principle I
The continuation and health of individual human lives and of human communities and societies depend on the health of the natural systems that provide essential goods and ecosystem services.

Principle II
The long-term functioning and health of terrestrial, freshwater, coastal and marine ecosystems are influenced by their relationships with human societies.","ELA/Literacy
RI.K.1: With prompting and support, ask and answer questions about key details in a text. 
SL.K.3: Ask and answer questions in order to seek help, get information, or clarify something that is not understood.

Mathematics
MP.4: Model with mathematics.
K.CC.1-3: Know number names and the count sequence. 
K.CC.4-5: Count to tell the number of objects. 
K.CC.6-7: Compare numbers.",Connections to other DCIs in this grade-band: K.ETS1.A,2.ESS1.C; 3.ESS3.B; 4.ESS3.B,,https://www.cde.ca.gov/Ci/pl/ngssstandards.asp,,"Standard Identifier: K-ESS3-2
Grade: K
Disciplinary Core Idea: ESS3.B: Natural Hazards, ETS1.A: Defining and Delimiting Engineering Problems
Cross Cutting Concept: CCC-2: Cause and Effect: Mechanism and Explanation
Science & Engineering Practice: SEP-1: Asking Questions and Defining Problems
Content Area: Earth and Space Science

Title: K-ESS3 Earth and Human Activity

Performance Expectation: Ask questions to obtain information about the purpose of weather forecasting to prepare for, and respond to, severe weather.*  [Clarification Statement: Emphasis is on local forms of severe weather.]

Disciplinary Core Idea(s):
ESS3.B: Natural Hazards
Some kinds of severe weather are more likely than others in a given region. Weather scientists forecast severe weather so that the communities can prepare for and respond to these events.

ETS1.A: Defining and Delimiting Engineering Problems
Asking questions, making observations, and gathering information are helpful in thinking about problems. (secondary to K-ESS3-2)

Science & Engineering Practices: Asking Questions and Defining Problems
Ask questions based on observations to find more information about the designed world.

Crosscutting Concepts: Cause and Effect 
Events have causes that generate observable patterns.

Connections to Engineering, Technology, and Applications of Science:

Interdependence of Science, Engineering, and Technology
People encounter questions about the natural world every day.

Influence of Engineering, Technology, and Science on Society and the Natural World 
People depend on various technologies in their lives; human life would be very different without technology.

California Environmental Principles and Concepts:
Principle I
The continuation and health of individual human lives and of human communities and societies depend on the health of the natural systems that provide essential goods and ecosystem services.

Principle II
The long-term functioning and health of terrestrial, freshwater, coastal and marine ecosystems are influenced by their relationships with human societies.

California Common Core State Standards Connections:
ELA/Literacy
RI.K.1: With prompting and support, ask and answer questions about key details in a text. 
SL.K.3: Ask and answer questions in order to seek help, get information, or clarify something that is not understood.

Mathematics
MP.4: Model with mathematics.
K.CC.1-3: Know number names and the count sequence. 
K.CC.4-5: Count to tell the number of objects. 
K.CC.6-7: Compare numbers.

DCI Connections:
Connections to other DCIs in this grade-band: K.ETS1.A 

Articulation across grade-bands: 2.ESS1.C; 3.ESS3.B; 4.ESS3.B
"
CA-NGSS-2013,K-ESS3-3,0,"ESS3.C: Human Impacts on Earth Systems, ETS1.B: Developing Possible Solutions",CCC-2: Cause and Effect: Mechanism and Explanation,"SEP-8: Obtaining, Evaluating, and Communicating Information",Earth and Space Science,K-ESS3 Earth and Human Activity,"Communicate solutions that will reduce the impact of humans on the land, water, air, and/or other living things in the local environment.*  [Clarification Statement:  Examples of human impact on the land could include cutting trees to produce paper and using resources to produce bottles. Examples of solutions could include reusing paper and recycling cans and bottles.]","ESS3.C: Human Impacts on Earth Systems
Things that people do to live comfortably can affect the world around them. But they can make choices that reduce their impacts on the land, water, air, and other living things.

ETS1.B: Developing Possible Solutions
Designs can be conveyed through sketches, drawings, or physical models. These representations are useful in communicating ideas for a problem’s solutions to other people. (secondary to K-ESS3-3)","Obtaining, Evaluating, and Communicating Information
Communicate solutions with others in oral and/or written forms using models and/or drawings that provide detail about scientific ideas.","Cause and Effect 
Events have causes that generate observable patterns.","Principle I
The continuation and health of individual human lives and of human communities and societies depend on the health of the natural systems that provide essential goods and ecosystem services.

Principle II
The long-term functioning and health of terrestrial, freshwater, coastal and marine ecosystems are influenced by their relationships with human societies.","ELA/Literacy
W.K.2: Use a combination of drawing, dictating, and writing to compose informative/explanatory texts in which they name what they are writing about and supply some information about the topic.",Connections to other DCIs in kindergarten: K.ETS1.A,,2.ETS1.B; 4.ESS3.A; 5.ESS3.C,https://www.cde.ca.gov/Ci/pl/ngssstandards.asp,,"Standard Identifier: K-ESS3-3
Grade: K
Disciplinary Core Idea: ESS3.C: Human Impacts on Earth Systems, ETS1.B: Developing Possible Solutions
Cross Cutting Concept: CCC-2: Cause and Effect: Mechanism and Explanation
Science & Engineering Practice: SEP-8: Obtaining, Evaluating, and Communicating Information
Content Area: Earth and Space Science

Title: K-ESS3 Earth and Human Activity

Performance Expectation: Communicate solutions that will reduce the impact of humans on the land, water, air, and/or other living things in the local environment.*  [Clarification Statement:  Examples of human impact on the land could include cutting trees to produce paper and using resources to produce bottles. Examples of solutions could include reusing paper and recycling cans and bottles.]

Disciplinary Core Idea(s):
ESS3.C: Human Impacts on Earth Systems
Things that people do to live comfortably can affect the world around them. But they can make choices that reduce their impacts on the land, water, air, and other living things.

ETS1.B: Developing Possible Solutions
Designs can be conveyed through sketches, drawings, or physical models. These representations are useful in communicating ideas for a problem’s solutions to other people. (secondary to K-ESS3-3)

Science & Engineering Practices: Obtaining, Evaluating, and Communicating Information
Communicate solutions with others in oral and/or written forms using models and/or drawings that provide detail about scientific ideas.

Crosscutting Concepts: Cause and Effect 
Events have causes that generate observable patterns.

California Environmental Principles and Concepts:
Principle I
The continuation and health of individual human lives and of human communities and societies depend on the health of the natural systems that provide essential goods and ecosystem services.

Principle II
The long-term functioning and health of terrestrial, freshwater, coastal and marine ecosystems are influenced by their relationships with human societies.

California Common Core State Standards Connections:
ELA/Literacy
W.K.2: Use a combination of drawing, dictating, and writing to compose informative/explanatory texts in which they name what they are writing about and supply some information about the topic.

DCI Connections:
Connections to other DCIs in kindergarten: K.ETS1.A

Articulation across grade-levels:  2.ETS1.B; 4.ESS3.A; 5.ESS3.C
"
CA-NGSS-2013,K-LS1-1,0,LS1.C: Organization for Matter and Energy Flow in Organisms,CCC-1: Patterns,SEP-4: Analyzing and Interpreting Data,Life Science,K-LS1 From Molecules to Organisms: Structures and Processes,"Use observations to describe patterns of what plants and animals (including humans) need to survive.  [Clarification Statement: Examples of patterns could include that animals need to take in food but plants do not; the different kinds of food needed by different types of animals; the requirement of plants to have light; and, that all living things need water.]","LS1.C: Organization for Matter and Energy Flow in Organisms
All animals need food in order to live and grow. They obtain their food from plants or from other animals. Plants need water and light to live and grow.","Analyzing and Interpreting Data
Use observations (firsthand or from media) to describe patterns in the natural world in order to answer scientific questions.

Connections to Nature of Science::

Scientific Knowledge is Based on Empirical Evidence
Scientists look for patterns and order when making observations about the world.","Patterns 
Patterns in the natural and human designed world can be observed and used as evidence.","Principle I
The continuation and health of individual human lives and of human communities and societies depend on the health of the natural systems that provide essential goods and ecosystem services.

Principle II
The long-term functioning and health of terrestrial, freshwater, coastal, and marine ecosystems are influenced by their relationships with human societies.","ELA/Literacy
W.K.7: Participate in shared research and writing projects (e.g., explore a number of books by a favorite author and express opinions about them).

Mathematics
K.MD.2: Directly compare two objects with a measurable attribute in common, to see which object has “more of”/”less of” the attribute, and describe the difference. For example, directly compare the heights of two children and describe one child as taller/ shorter.",Connections to other DCIs in kindergarten: N/A,,1.LS1.A; 2.LS2.A; 3.LS2.C; 3.LS4.B; 5.LS1.C; 5.LS2.A,https://www.cde.ca.gov/Ci/pl/ngssstandards.asp,,"Standard Identifier: K-LS1-1
Grade: K
Disciplinary Core Idea: LS1.C: Organization for Matter and Energy Flow in Organisms
Cross Cutting Concept: CCC-1: Patterns
Science & Engineering Practice: SEP-4: Analyzing and Interpreting Data
Content Area: Life Science

Title: K-LS1 From Molecules to Organisms: Structures and Processes

Performance Expectation: Use observations to describe patterns of what plants and animals (including humans) need to survive.  [Clarification Statement: Examples of patterns could include that animals need to take in food but plants do not; the different kinds of food needed by different types of animals; the requirement of plants to have light; and, that all living things need water.]

Disciplinary Core Idea(s):
LS1.C: Organization for Matter and Energy Flow in Organisms
All animals need food in order to live and grow. They obtain their food from plants or from other animals. Plants need water and light to live and grow.

Science & Engineering Practices: Analyzing and Interpreting Data
Use observations (firsthand or from media) to describe patterns in the natural world in order to answer scientific questions.

Connections to Nature of Science::

Scientific Knowledge is Based on Empirical Evidence
Scientists look for patterns and order when making observations about the world.

Crosscutting Concepts: Patterns 
Patterns in the natural and human designed world can be observed and used as evidence.

California Environmental Principles and Concepts:
Principle I
The continuation and health of individual human lives and of human communities and societies depend on the health of the natural systems that provide essential goods and ecosystem services.

Principle II
The long-term functioning and health of terrestrial, freshwater, coastal, and marine ecosystems are influenced by their relationships with human societies.

California Common Core State Standards Connections:
ELA/Literacy
W.K.7: Participate in shared research and writing projects (e.g., explore a number of books by a favorite author and express opinions about them).

Mathematics
K.MD.2: Directly compare two objects with a measurable attribute in common, to see which object has “more of”/”less of” the attribute, and describe the difference. For example, directly compare the heights of two children and describe one child as taller/ shorter.

DCI Connections:
Connections to other DCIs in kindergarten: N/A

Articulation across grade-levels: 1.LS1.A; 2.LS2.A; 3.LS2.C; 3.LS4.B; 5.LS1.C; 5.LS2.A
"
CA-NGSS-2013,K-PS2-1,0,"PS2.A: Forces and Motion, PS2.B: Types of Interactions, PS3.C: Relationship between Energy and Forces",CCC-2: Cause and Effect: Mechanism and Explanation,SEP-3: Planning and Carrying Out Investigations,Physical Science,K-PS2 Motion and Stability: Forces and Interactions,"Plan and conduct an investigation to compare the effects of different strengths or different directions of pushes and pulls on the motion of an object.  [Clarification Statement: Examples of pushes or pulls could include a string attached to an object being pulled, a person pushing an object, a person stopping a rolling ball, and two objects colliding and pushing on each other.] [Assessment Boundary: Assessment is limited to different relative strengths or different directions, but not both at the same time. Assessment does not include non-contact pushes or pulls such as those produced by magnets.]","PS2.A: Forces and Motion
Pushes and pulls can have different strengths and directions.
Pushing or pulling on an object can change the speed or direction of its motion and can start or stop it.

PS2.B: Types of Interactions
When objects touch or collide, they push on one another and can change motion.

PS3.C: Relationship Between Energy and Forces
A bigger push or pull makes things speed up or slow down more quickly. (secondary to K-PS2-1)","Planning and Carrying Out Investigations
With guidance, plan and conduct an investigation in collaboration with peers.

Connections to Nature of Science:

Scientific Investigations Use a Variety of Methods
Scientists use different ways to study the world.","Cause and Effect 
Simple tests can be designed to gather evidence to support or refute student ideas about causes.",N/A,"ELA/Literacy
W.K.7: Participate in shared research and writing projects (e.g., explore a number of books by a favorite author and express opinions about them).

Mathematics
MP.2: Reason abstractly and quantitatively.
K.MD.1-2: Describe and compare measurable attributes.",Connections to other DCIs in kindergarten: N/A,,3.PS2.A; 3.PS2.B; 4.PS3.A,https://www.cde.ca.gov/Ci/pl/ngssstandards.asp,,"Standard Identifier: K-PS2-1
Grade: K
Disciplinary Core Idea: PS2.A: Forces and Motion, PS2.B: Types of Interactions, PS3.C: Relationship between Energy and Forces
Cross Cutting Concept: CCC-2: Cause and Effect: Mechanism and Explanation
Science & Engineering Practice: SEP-3: Planning and Carrying Out Investigations
Content Area: Physical Science

Title: K-PS2 Motion and Stability: Forces and Interactions

Performance Expectation: Plan and conduct an investigation to compare the effects of different strengths or different directions of pushes and pulls on the motion of an object.  [Clarification Statement: Examples of pushes or pulls could include a string attached to an object being pulled, a person pushing an object, a person stopping a rolling ball, and two objects colliding and pushing on each other.] [Assessment Boundary: Assessment is limited to different relative strengths or different directions, but not both at the same time. Assessment does not include non-contact pushes or pulls such as those produced by magnets.]

Disciplinary Core Idea(s):
PS2.A: Forces and Motion
Pushes and pulls can have different strengths and directions.
Pushing or pulling on an object can change the speed or direction of its motion and can start or stop it.

PS2.B: Types of Interactions
When objects touch or collide, they push on one another and can change motion.

PS3.C: Relationship Between Energy and Forces
A bigger push or pull makes things speed up or slow down more quickly. (secondary to K-PS2-1)

Science & Engineering Practices: Planning and Carrying Out Investigations
With guidance, plan and conduct an investigation in collaboration with peers.

Connections to Nature of Science:

Scientific Investigations Use a Variety of Methods
Scientists use different ways to study the world.

Crosscutting Concepts: Cause and Effect 
Simple tests can be designed to gather evidence to support or refute student ideas about causes.

California Environmental Principles and Concepts:
N/A

California Common Core State Standards Connections:
ELA/Literacy
W.K.7: Participate in shared research and writing projects (e.g., explore a number of books by a favorite author and express opinions about them).

Mathematics
MP.2: Reason abstractly and quantitatively.
K.MD.1-2: Describe and compare measurable attributes.

DCI Connections:
Connections to other DCIs in kindergarten: N/A

Articulation across grade-levels: 3.PS2.A; 3.PS2.B; 4.PS3.A
"
CA-NGSS-2013,K-PS2-2,0,"PS2.A: Forces and Motion, PS2.B: Types of Interactions, ETS1.A: Defining and Delimiting Engineering Problems",CCC-2: Cause and Effect: Mechanism and Explanation,SEP-4: Analyzing and Interpreting Data,Physical Science,K-PS2 Motion and Stability: Forces and Interactions,"Analyze data to determine if a design solution works as intended to change the speed or direction of an object with a push or a pull.*  [Clarification Statement: Examples of problems requiring a solution could include having a marble or other object move a certain distance, follow a particular path, and knock down other objects. Examples of solutions could include tools such as a ramp to increase the speed of the object and a structure that would cause an object such as a marble or ball to turn.] [Assessment Boundary: Assessment does not include friction as a mechanism for change in speed.]","PS2.A: Forces and Motion
Pushes and pulls can have different strengths and directions.
Pushing or pulling on an object can change the speed or direction of its motion and can start or stop it.

PS2.B: Types of Interactions
When objects touch or collide, they push on one another and can change motion.

ETS1.A: Defining and Delimiting Engineering Problems
A situation that people want to change or create can be approached as a problem to be solved through engineering. Such problems may have many acceptable solutions. (secondary to K-PS2-2)","Analyzing and Interpreting Data 
Analyze data from tests of an object or tool to determine if it works as intended.","Cause and Effect 
Simple tests can be designed to gather evidence to support or refute student ideas about causes.",N/A,"ELA/Literacy
RI.K.1: With prompting and support, ask and answer questions about key details in a text.
SL.K.3: Ask and answer questions in order to seek help, get information, or clarify something that is not understood.",Connections to other DCIs in kindergarten: K.ETS1.A; K.ETS1.B,,2.ETS1.B; 3.PS2.A; 4.ETS1.A,https://www.cde.ca.gov/Ci/pl/ngssstandards.asp,,"Standard Identifier: K-PS2-2
Grade: K
Disciplinary Core Idea: PS2.A: Forces and Motion, PS2.B: Types of Interactions, ETS1.A: Defining and Delimiting Engineering Problems
Cross Cutting Concept: CCC-2: Cause and Effect: Mechanism and Explanation
Science & Engineering Practice: SEP-4: Analyzing and Interpreting Data
Content Area: Physical Science

Title: K-PS2 Motion and Stability: Forces and Interactions

Performance Expectation:  Analyze data to determine if a design solution works as intended to change the speed or direction of an object with a push or a pull.*  [Clarification Statement: Examples of problems requiring a solution could include having a marble or other object move a certain distance, follow a particular path, and knock down other objects. Examples of solutions could include tools such as a ramp to increase the speed of the object and a structure that would cause an object such as a marble or ball to turn.] [Assessment Boundary: Assessment does not include friction as a mechanism for change in speed.]

Disciplinary Core Idea(s):
PS2.A: Forces and Motion
Pushes and pulls can have different strengths and directions.
Pushing or pulling on an object can change the speed or direction of its motion and can start or stop it.

PS2.B: Types of Interactions
When objects touch or collide, they push on one another and can change motion.

ETS1.A: Defining and Delimiting Engineering Problems
A situation that people want to change or create can be approached as a problem to be solved through engineering. Such problems may have many acceptable solutions. (secondary to K-PS2-2)

Science & Engineering Practices: Analyzing and Interpreting Data 
Analyze data from tests of an object or tool to determine if it works as intended.

Crosscutting Concepts: Cause and Effect 
Simple tests can be designed to gather evidence to support or refute student ideas about causes.

California Environmental Principles and Concepts:
N/A

California Common Core State Standards Connections:
ELA/Literacy
RI.K.1: With prompting and support, ask and answer questions about key details in a text.
SL.K.3: Ask and answer questions in order to seek help, get information, or clarify something that is not understood.

DCI Connections:
Connections to other DCIs in kindergarten: K.ETS1.A; K.ETS1.B

Articulation across grade-levels: 2.ETS1.B; 3.PS2.A; 4.ETS1.A
"
CA-NGSS-2013,K-PS3-1,0,PS3.B: Conservation of Energy and Energy Transfer,CCC-2: Cause and Effect: Mechanism and Explanation,SEP-3: Planning and Carrying Out Investigations,Physical Science,K-PS3 Energy,"Make observations to determine the effect of sunlight on Earth’s surface.  [Clarification Statement: Examples of Earth’s surface could include sand, soil, rocks, and water] [Assessment Boundary: Assessment of temperature is limited to relative measures such as warmer/cooler.]","PS3.B: Conservation of Energy and Energy Transfer
Sunlight warms Earth’s surface.","Planning and Carrying Out Investigations
Make observations (firsthand or from media) to collect data that can be used to make comparisons.

Connections to Nature of Science:

Scientific Investigations Use a Variety of Methods
Scientists use different ways to study the world.","Cause and Effect
Events have causes that generate observable patterns.",N/A,"ELA/Literacy
W.K.7: Participate in shared research and writing projects (e.g., explore a number of books by a favorite author and express opinions about them).

Mathematics
K.MD.2: Directly compare two objects with a measurable attribute in common, to see which object has “more of”/”less of” the attribute, and describe the difference. For example, directly compare the heights of two children and describe one child as taller/ shorter.",Connections to other DCIs in kindergarten: N/A,,1.PS4.B; 3.ESS2.D,https://www.cde.ca.gov/Ci/pl/ngssstandards.asp,,"Standard Identifier: K-PS3-1
Grade: K
Disciplinary Core Idea: PS3.B: Conservation of Energy and Energy Transfer
Cross Cutting Concept: CCC-2: Cause and Effect: Mechanism and Explanation
Science & Engineering Practice: SEP-3: Planning and Carrying Out Investigations
Content Area: Physical Science

Title: K-PS3 Energy

Performance Expectation: Make observations to determine the effect of sunlight on Earth’s surface.  [Clarification Statement: Examples of Earth’s surface could include sand, soil, rocks, and water] [Assessment Boundary: Assessment of temperature is limited to relative measures such as warmer/cooler.]

Disciplinary Core Idea(s):
PS3.B: Conservation of Energy and Energy Transfer
Sunlight warms Earth’s surface.

Science & Engineering Practices: Planning and Carrying Out Investigations
Make observations (firsthand or from media) to collect data that can be used to make comparisons.

Connections to Nature of Science:

Scientific Investigations Use a Variety of Methods
Scientists use different ways to study the world.

Crosscutting Concepts: Cause and Effect
Events have causes that generate observable patterns.

California Environmental Principles and Concepts:
N/A

California Common Core State Standards Connections:
ELA/Literacy
W.K.7: Participate in shared research and writing projects (e.g., explore a number of books by a favorite author and express opinions about them).

Mathematics
K.MD.2: Directly compare two objects with a measurable attribute in common, to see which object has “more of”/”less of” the attribute, and describe the difference. For example, directly compare the heights of two children and describe one child as taller/ shorter.

DCI Connections:
Connections to other DCIs in kindergarten: N/A

Articulation across grade-levels: 1.PS4.B; 3.ESS2.D
"
CA-NGSS-2013,K-PS3-2,0,PS3.B: Conservation of Energy and Energy Transfer,CCC-2: Cause and Effect: Mechanism and Explanation,SEP-6: Constructing Explanations and Designing Solutions,Physical Science,K-PS3 Energy,"Use tools and materials to design and build a structure that will reduce the warming effect of sunlight on an area.* [Clarification Statement: Examples of structures could include umbrellas, canopies, and tents that minimize the warming effect of the sun.]","PS3.B: Conservation of Energy and Energy Transfer
Sunlight warms Earth’s surface.","Constructing Explanations and Designing Solutions
Use tools and materials provided to design and build a device that solves a specific problem or a solution to a specific problem.","Cause and Effect
Events have causes that generate observable patterns.",N/A,"ELA/Literacy
W.K.7: Participate in shared research and writing projects (e.g., explore a number of books by a favorite author and express opinions about them).

Mathematics
K.MD.2: Directly compare two objects with a measurable attribute in common, to see which object has “more of”/”less of” the attribute, and describe the difference. For example, directly compare the heights of two children and describe one child as taller/ shorter.",Connections to other DCIs in kindergarten: K.ETS1.A; K.ETS1.B,,1.PS4.B; 2.ETS1.B; 4.ETS1.A,https://www.cde.ca.gov/Ci/pl/ngssstandards.asp,,"Standard Identifier: K-PS3-2
Grade: K
Disciplinary Core Idea: PS3.B: Conservation of Energy and Energy Transfer
Cross Cutting Concept: CCC-2: Cause and Effect: Mechanism and Explanation
Science & Engineering Practice: SEP-6: Constructing Explanations and Designing Solutions
Content Area: Physical Science

Title: K-PS3 Energy

Performance Expectation: Use tools and materials to design and build a structure that will reduce the warming effect of sunlight on an area.* [Clarification Statement: Examples of structures could include umbrellas, canopies, and tents that minimize the warming effect of the sun.]

Disciplinary Core Idea(s):
PS3.B: Conservation of Energy and Energy Transfer
Sunlight warms Earth’s surface.

Science & Engineering Practices: Constructing Explanations and Designing Solutions
Use tools and materials provided to design and build a device that solves a specific problem or a solution to a specific problem.

Crosscutting Concepts: Cause and Effect
Events have causes that generate observable patterns.

California Environmental Principles and Concepts:
N/A

California Common Core State Standards Connections:
ELA/Literacy
W.K.7: Participate in shared research and writing projects (e.g., explore a number of books by a favorite author and express opinions about them).

Mathematics
K.MD.2: Directly compare two objects with a measurable attribute in common, to see which object has “more of”/”less of” the attribute, and describe the difference. For example, directly compare the heights of two children and describe one child as taller/ shorter.

DCI Connections:
Connections to other DCIs in kindergarten: K.ETS1.A; K.ETS1.B

Articulation across grade-levels: 1.PS4.B; 2.ETS1.B; 4.ETS1.A
"
CA-NGSS-2013,1-ESS1-1,1,ESS1.A: The Universe and its Stars,CCC-1: Patterns,SEP-4: Analyzing and Interpreting Data,Earth and Space Science,1-ESS1 Earth’s Place in the Universe,"Use observations of the sun, moon, and stars to describe patterns that can be predicted.  [Clarification Statement: Examples of patterns could include that the sun and moon appear to rise in one part of the sky, move across the sky, and set; and stars other than our sun are visible at night but not during the day.] [Assessment Boundary: Assessment of star patterns is limited to stars being seen at night and not during the day.]","ESS1.A: The Universe and its Stars
Patterns of the motion of the sun, moon, and stars in the sky can be observed, described, and predicted.","Analyzing and Interpreting Data
Use observations (firsthand or from media) to describe patterns in the natural world in order to answer scientific questions.","Patterns
Patterns in the natural world can be observed, used to describe phenomena, and used as evidence.

Connections to Nature of Science:

Scientific Knowledge Assumes an Order and Consistency in Natural Systems
Science assumes natural events happen today as they happened in the past.
Many events are repeated.",N/A,"ELA/Literacy
W.1.7: Participate in shared research and writing projects (e.g., explore a number of “how-to” books on a given topic and use them to write a sequence of instructions).
W.1.8: With guidance and support from adults, recall information from experiences or gather information from provided sources to answer a question.",Connections to other DCIs in first grade: N/A,,3.PS2.A; 5.PS2.B; 5-ESS1.B,https://www.cde.ca.gov/Ci/pl/ngssstandards.asp,,"Standard Identifier: 1-ESS1-1
Grade: 1
Disciplinary Core Idea: ESS1.A: The Universe and its Stars
Cross Cutting Concept: CCC-1: Patterns
Science & Engineering Practice: SEP-4: Analyzing and Interpreting Data
Content Area: Earth and Space Science

Title: 1-ESS1 Earth’s Place in the Universe

Performance Expectation: Use observations of the sun, moon, and stars to describe patterns that can be predicted.  [Clarification Statement: Examples of patterns could include that the sun and moon appear to rise in one part of the sky, move across the sky, and set; and stars other than our sun are visible at night but not during the day.] [Assessment Boundary: Assessment of star patterns is limited to stars being seen at night and not during the day.]

Disciplinary Core Idea(s):
ESS1.A: The Universe and its Stars
Patterns of the motion of the sun, moon, and stars in the sky can be observed, described, and predicted.

Science & Engineering Practices: Analyzing and Interpreting Data
Use observations (firsthand or from media) to describe patterns in the natural world in order to answer scientific questions.

Crosscutting Concepts: Patterns
Patterns in the natural world can be observed, used to describe phenomena, and used as evidence.

Connections to Nature of Science:

Scientific Knowledge Assumes an Order and Consistency in Natural Systems
Science assumes natural events happen today as they happened in the past.
Many events are repeated.

California Environmental Principles and Concepts:
N/A

California Common Core State Standards Connections:
ELA/Literacy
W.1.7: Participate in shared research and writing projects (e.g., explore a number of “how-to” books on a given topic and use them to write a sequence of instructions).
W.1.8: With guidance and support from adults, recall information from experiences or gather information from provided sources to answer a question.

DCI Connections:
Connections to other DCIs in first grade: N/A

Articulation across grade-levels: 3.PS2.A; 5.PS2.B; 5-ESS1.B
"
CA-NGSS-2013,1-ESS1-2,1,ESS1.B: Earth and the Solar System,CCC-1: Patterns,SEP-3: Planning and Carrying Out Investigations,Earth and Space Science,1-ESS1 Earth’s Place in the Universe,"Make observations at different times of year to relate the amount of daylight to the time of year.  [Clarification Statement: Emphasis is on relative comparisons of the amount of daylight in the winter to the amount in the spring or fall.] [Assessment Boundary:  Assessment is limited to relative amounts of daylight, not quantifying the hours or time of daylight.]","ESS1.B: Earth and the Solar System
Seasonal patterns of sunrise and sunset can be observed, described, and predicted.","Planning and Carrying Out Investigations
Make observations (firsthand or from media) to collect data that can be used to make comparisons.","Patterns
Patterns in the natural world can be observed, used to describe phenomena, and used as evidence.",N/A,"ELA/Literacy
W.1.7: Participate in shared research and writing projects (e.g., explore a number of “how-to” books on a given topic and use them to write a sequence of instructions).
W.1.8: With guidance and support from adults, recall information from experiences or gather information from provided sources to answer a question.

Mathematics
MP.2: Reason abstractly and quantitatively.
MP.4: Model with mathematics.
MP.5: Use appropriate tools strategically.
1.OA.1: Use addition and subtraction within 20 to solve word problems involving situations of adding to, taking from, putting together, taking apart, and comparing, with unknowns in all positions, e.g., by using objects, drawings, and equations to represent the problem.
1.MD.4: Organize, represent, and interpret data with up to three categories; ask and answer questions about the total number of data points, how many in each category, and how many more or less are in one category than in another.",Connections to other DCIs in first grade: N/A,,5.PS2.B; 5-ESS1.B,https://www.cde.ca.gov/Ci/pl/ngssstandards.asp,,"Standard Identifier: 1-ESS1-2
Grade: 1
Disciplinary Core Idea: ESS1.B: Earth and the Solar System
Cross Cutting Concept: CCC-1: Patterns
Science & Engineering Practice: SEP-3: Planning and Carrying Out Investigations
Content Area: Earth and Space Science

Title: 1-ESS1 Earth’s Place in the Universe

Performance Expectation: Make observations at different times of year to relate the amount of daylight to the time of year.  [Clarification Statement: Emphasis is on relative comparisons of the amount of daylight in the winter to the amount in the spring or fall.] [Assessment Boundary:  Assessment is limited to relative amounts of daylight, not quantifying the hours or time of daylight.]

Disciplinary Core Idea(s):
ESS1.B: Earth and the Solar System
Seasonal patterns of sunrise and sunset can be observed, described, and predicted.

Science & Engineering Practices: Planning and Carrying Out Investigations
Make observations (firsthand or from media) to collect data that can be used to make comparisons.

Crosscutting Concepts: Patterns
Patterns in the natural world can be observed, used to describe phenomena, and used as evidence.

California Environmental Principles and Concepts:
N/A

California Common Core State Standards Connections:
ELA/Literacy
W.1.7: Participate in shared research and writing projects (e.g., explore a number of “how-to” books on a given topic and use them to write a sequence of instructions).
W.1.8: With guidance and support from adults, recall information from experiences or gather information from provided sources to answer a question.

Mathematics
MP.2: Reason abstractly and quantitatively.
MP.4: Model with mathematics.
MP.5: Use appropriate tools strategically.
1.OA.1: Use addition and subtraction within 20 to solve word problems involving situations of adding to, taking from, putting together, taking apart, and comparing, with unknowns in all positions, e.g., by using objects, drawings, and equations to represent the problem.
1.MD.4: Organize, represent, and interpret data with up to three categories; ask and answer questions about the total number of data points, how many in each category, and how many more or less are in one category than in another.

DCI Connections:
Connections to other DCIs in first grade: N/A

Articulation across grade-levels: 5.PS2.B; 5-ESS1.B
"
CA-NGSS-2013,1-LS1-1,1,"LS1.A: Structure and Function, LS1.D: Information Processing",CCC-6: Structure and Function,SEP-6: Constructing Explanations and Designing Solutions,Life Science,1-LS1 From Molecules to Organisms: Structures and Processes,"Use materials to design a solution to a human problem by mimicking how plants and/or animals use their external parts to help them survive, grow, and meet their needs.*  [Clarification Statement: Examples of human problems that can be solved by mimicking plant or animal solutions could include designing clothing or equipment to protect bicyclists by mimicking turtle shells, acorn shells, and animal scales; stabilizing structures by mimicking animal tails and roots on plants; keeping out intruders by mimicking thorns on branches and animal quills; and, detecting intruders by mimicking eyes and ears.]","LS1.A: Structure and Function
All organisms have external parts. Different animals use their body parts in different ways to see, hear, grasp objects, protect themselves, move from place to place, and seek, find, and take in food, water and air. Plants also have different parts (roots, stems, leaves, flowers, fruits) that help them survive and grow.
LS1.D: Information Processing
Animals have body parts that capture and convey different kinds of information needed for growth and survival. Animals respond to these inputs with behaviors that help them survive. Plants also respond to some external inputs.","Constructing Explanations and Designing Solutions
Use materials to design a device that solves a specific problem or a solution to a specific problem.","Structure and Function
The shape and stability of structures of natural and designed objects are related to their function(s).

Connections to Engineering, Technology, and Applications of Science:

Influence of Engineering, Technology, and Science on Society and the Natural World
Every human-made product is designed by applying some knowledge of the natural world and is built using materials derived from the natural world.","Principle II
The long-term functioning and health of terrestrial, freshwater, coastal, and marine ecosystems are influenced by their relationships with human societies.","ELA/Literacy
W.1.7: Participate in shared research and writing projects (e.g., explore a number of “how-to” books on a given topic and use them to write a sequence of instructions).",Connections to other DCIs in first grade: N/A,,K.ETS1.A; 4.LS1.A; 4.LS1.D; 4.ETS1.A,https://www.cde.ca.gov/Ci/pl/ngssstandards.asp,,"Standard Identifier: 1-LS1-1
Grade: 1
Disciplinary Core Idea: LS1.A: Structure and Function, LS1.D: Information Processing
Cross Cutting Concept: CCC-6: Structure and Function
Science & Engineering Practice: SEP-6: Constructing Explanations and Designing Solutions
Content Area: Life Science

Title: 1-LS1 From Molecules to Organisms: Structures and Processes

Performance Expectation: Use materials to design a solution to a human problem by mimicking how plants and/or animals use their external parts to help them survive, grow, and meet their needs.*  [Clarification Statement: Examples of human problems that can be solved by mimicking plant or animal solutions could include designing clothing or equipment to protect bicyclists by mimicking turtle shells, acorn shells, and animal scales; stabilizing structures by mimicking animal tails and roots on plants; keeping out intruders by mimicking thorns on branches and animal quills; and, detecting intruders by mimicking eyes and ears.]

Disciplinary Core Idea(s):
LS1.A: Structure and Function
All organisms have external parts. Different animals use their body parts in different ways to see, hear, grasp objects, protect themselves, move from place to place, and seek, find, and take in food, water and air. Plants also have different parts (roots, stems, leaves, flowers, fruits) that help them survive and grow.
LS1.D: Information Processing
Animals have body parts that capture and convey different kinds of information needed for growth and survival. Animals respond to these inputs with behaviors that help them survive. Plants also respond to some external inputs.

Science & Engineering Practices: Constructing Explanations and Designing Solutions
Use materials to design a device that solves a specific problem or a solution to a specific problem.

Crosscutting Concepts: Structure and Function
The shape and stability of structures of natural and designed objects are related to their function(s).

Connections to Engineering, Technology, and Applications of Science:

Influence of Engineering, Technology, and Science on Society and the Natural World
Every human-made product is designed by applying some knowledge of the natural world and is built using materials derived from the natural world.

California Environmental Principles and Concepts:
Principle II
The long-term functioning and health of terrestrial, freshwater, coastal, and marine ecosystems are influenced by their relationships with human societies.

California Common Core State Standards Connections:
ELA/Literacy
W.1.7: Participate in shared research and writing projects (e.g., explore a number of “how-to” books on a given topic and use them to write a sequence of instructions).

DCI Connections:
Connections to other DCIs in first grade: N/A

Articulation across grade-levels: K.ETS1.A; 4.LS1.A; 4.LS1.D; 4.ETS1.A
"
CA-NGSS-2013,1-LS1-2,1,LS1.B: Growth and Development of Organisms,CCC-1: Patterns,"SEP-8: Obtaining, Evaluating, and Communicating Information",Life Science,1-LS1 From Molecules to Organisms: Structures and Processes,"Read texts and use media to determine patterns in behavior of parents and offspring that help offspring survive.  [Clarification Statement: Examples of patterns of behaviors could include the signals that offspring make (such as crying, cheeping, and other vocalizations) and the responses of the parents (such as feeding, comforting, and protecting the offspring).]","LS1.B: Growth and Development of Organisms
Adult plants and animals can have young. In many kinds of animals, parents and the offspring themselves engage in behaviors that help the offspring to survive.","Obtaining, Evaluating, and Communicating Information
Read grade-appropriate texts and use media to obtain scientific information to determine patterns in the natural world.

Connections to Nature of Science:

Scientific Knowledge is Based on Empirical Evidence
Scientists look for patterns and order when making observations about the world.","Patterns
Patterns in the natural world can be observed, used to describe phenomena, and used as evidence.","Principle II
The long-term functioning and health of terrestrial, freshwater, coastal, and marine ecosystems are influenced by their relationships with human societies.","ELA/Literacy
RI.1.1: Ask and answer questions about key details in a text.
RI.1.2: Identify the main topic and retell key details of a text.
RI.1.10: With prompting and support, read informational texts appropriately complex for grade.
a. Activate prior knowledge related to the information and events in a text.
b. Confirm predictions about what will happen next in a text.

Mathematics
1.NBT.3: Compare two two-digit numbers based on the meanings of the tens and one digits, recording the results of comparisons with the symbols >, =, and <.
1.NBT.4-6: Use place value understanding and properties of operations to add and subtract.",Connections to other DCIs in first grade: N/A,,3.LS2.D,https://www.cde.ca.gov/Ci/pl/ngssstandards.asp,,"Standard Identifier: 1-LS1-2
Grade: 1
Disciplinary Core Idea: LS1.B: Growth and Development of Organisms
Cross Cutting Concept: CCC-1: Patterns
Science & Engineering Practice: SEP-8: Obtaining, Evaluating, and Communicating Information
Content Area: Life Science

Title: 1-LS1 From Molecules to Organisms: Structures and Processes

Performance Expectation: Read texts and use media to determine patterns in behavior of parents and offspring that help offspring survive.  [Clarification Statement: Examples of patterns of behaviors could include the signals that offspring make (such as crying, cheeping, and other vocalizations) and the responses of the parents (such as feeding, comforting, and protecting the offspring).]

Disciplinary Core Idea(s):
LS1.B: Growth and Development of Organisms
Adult plants and animals can have young. In many kinds of animals, parents and the offspring themselves engage in behaviors that help the offspring to survive.

Science & Engineering Practices: Obtaining, Evaluating, and Communicating Information
Read grade-appropriate texts and use media to obtain scientific information to determine patterns in the natural world.

Connections to Nature of Science:

Scientific Knowledge is Based on Empirical Evidence
Scientists look for patterns and order when making observations about the world.

Crosscutting Concepts: Patterns
Patterns in the natural world can be observed, used to describe phenomena, and used as evidence.

California Environmental Principles and Concepts:
Principle II
The long-term functioning and health of terrestrial, freshwater, coastal, and marine ecosystems are influenced by their relationships with human societies.

California Common Core State Standards Connections:
ELA/Literacy
RI.1.1: Ask and answer questions about key details in a text.
RI.1.2: Identify the main topic and retell key details of a text.
RI.1.10: With prompting and support, read informational texts appropriately complex for grade.
a. Activate prior knowledge related to the information and events in a text.
b. Confirm predictions about what will happen next in a text.

Mathematics
1.NBT.3: Compare two two-digit numbers based on the meanings of the tens and one digits, recording the results of comparisons with the symbols >, =, and <.
1.NBT.4-6: Use place value understanding and properties of operations to add and subtract.

DCI Connections:
Connections to other DCIs in first grade: N/A

Articulation across grade-levels: 3.LS2.D
"
CA-NGSS-2013,1-LS3-1,1,"LS3.A: Inheritance of Traits, LS3.B: Variation of Traits",CCC-1: Patterns,SEP-6: Constructing Explanations and Designing Solutions,Life Science,1-LS3 Heredity: Inheritance and Variation of Traits,"Make observations to construct an evidence-based account that young plants and animals are like, but not exactly like, their parents.  [Clarification Statement: Examples of patterns could include features plants or animals share. Examples of observations could include leaves from the same kind of plant are the same shape but can differ in size; and, a particular breed of dog looks like its parents but is not exactly the same.] [Assessment Boundary: Assessment does not include inheritance or animals that undergo metamorphosis or hybrids.]","LS3.A: Inheritance of Traits
Young animals are very much, but not exactly like, their parents. Plants also are very much, but not exactly, like their parents.

LS3.B: Variation of Traits
Individuals of the same kind of plant or animal are recognizable as similar but can also vary in many ways.","Constructing Explanations and Designing Solutions
Make observations (firsthand or from media) to construct an evidence-based account for natural phenomena.","Patterns
Patterns in the natural world can be observed, used to describe phenomena, and used as evidence.",N/A,"ELA/Literacy
RI.1.1: Ask and answer questions about key details in a text.
W.1.7: Participate in shared research and writing projects (e.g., explore a number of “how-to” books on a given topic and use them to write a sequence of instructions).
W.1.8: With guidance and support from adults, recall information from experiences or gather information from provided sources to answer a question.

Mathematics
MP.2: Reason abstractly and quantitatively.
MP.5: Use appropriate tools strategically.
1.MD.1: Order three objects by length; compare the lengths of two objects indirectly by using a third object.",Connections to other DCIs in first grade: N/A,,3.LS3.A; 3.LS3.B,https://www.cde.ca.gov/Ci/pl/ngssstandards.asp,,"Standard Identifier: 1-LS3-1
Grade: 1
Disciplinary Core Idea: LS3.A: Inheritance of Traits, LS3.B: Variation of Traits
Cross Cutting Concept: CCC-1: Patterns
Science & Engineering Practice: SEP-6: Constructing Explanations and Designing Solutions
Content Area: Life Science

Title: 1-LS3 Heredity: Inheritance and Variation of Traits

Performance Expectation: Make observations to construct an evidence-based account that young plants and animals are like, but not exactly like, their parents.  [Clarification Statement: Examples of patterns could include features plants or animals share. Examples of observations could include leaves from the same kind of plant are the same shape but can differ in size; and, a particular breed of dog looks like its parents but is not exactly the same.] [Assessment Boundary: Assessment does not include inheritance or animals that undergo metamorphosis or hybrids.]

Disciplinary Core Idea(s):
LS3.A: Inheritance of Traits
Young animals are very much, but not exactly like, their parents. Plants also are very much, but not exactly, like their parents.

LS3.B: Variation of Traits
Individuals of the same kind of plant or animal are recognizable as similar but can also vary in many ways.

Science & Engineering Practices: Constructing Explanations and Designing Solutions
Make observations (firsthand or from media) to construct an evidence-based account for natural phenomena.

Crosscutting Concepts: Patterns
Patterns in the natural world can be observed, used to describe phenomena, and used as evidence.

California Environmental Principles and Concepts:
N/A

California Common Core State Standards Connections:
ELA/Literacy
RI.1.1: Ask and answer questions about key details in a text.
W.1.7: Participate in shared research and writing projects (e.g., explore a number of “how-to” books on a given topic and use them to write a sequence of instructions).
W.1.8: With guidance and support from adults, recall information from experiences or gather information from provided sources to answer a question.

Mathematics
MP.2: Reason abstractly and quantitatively.
MP.5: Use appropriate tools strategically.
1.MD.1: Order three objects by length; compare the lengths of two objects indirectly by using a third object.

DCI Connections:
Connections to other DCIs in first grade: N/A

Articulation across grade-levels: 3.LS3.A; 3.LS3.B
"
CA-NGSS-2013,1-PS4-1,1,PS4.A: Wave Properties,CCC-2: Cause and Effect: Mechanism and Explanation,SEP-3: Planning and Carrying Out Investigations,Physical Science,1-PS4 Waves and their Applications in Technologies for Information Transfer,Plan and conduct investigations to provide evidence that vibrating materials can make sound and that sound can make materials vibrate.  [Clarification Statement: Examples of vibrating materials that make sound could include tuning forks and plucking a stretched string. Examples of how sound can make matter vibrate could include holding a piece of paper near a speaker making sound and holding an object near a vibrating tuning fork.],"PS4.A: Wave Properties
Sound can make matter vibrate, and vibrating matter can make sound.","Planning and Carrying Out Investigations
Plan and conduct investigations collaboratively to produce data to serve as the basis for evidence to answer a question.

Connections to Nature of Science:

Scientific Investigations Use a Variety of Methods
Science investigations begin with a question.
Scientists use different ways to study the world.","Cause and Effect
Simple tests can be designed to gather evidence to support or refute student ideas about causes.",N/A,"ELA/Literacy
W.1.7: Participate in shared research and writing projects (e.g., explore a number of “how-to” books on a given topic and use them to write a sequence of instructions).
W.1.8: With guidance and support from adults, recall information from experiences or gather information from provided sources to answer a question.
SL.1.1.a–c: Participate in collaborative conversations with diverse partners about grade 1 topics and texts with peers and adults in small and larger groups.",Connections to other DCIs in first grade: N/A,,N/A,https://www.cde.ca.gov/Ci/pl/ngssstandards.asp,,"Standard Identifier: 1-PS4-1
Grade: 1
Disciplinary Core Idea: PS4.A: Wave Properties
Cross Cutting Concept: CCC-2: Cause and Effect: Mechanism and Explanation
Science & Engineering Practice: SEP-3: Planning and Carrying Out Investigations
Content Area: Physical Science

Title: 1-PS4 Waves and their Applications in Technologies for Information Transfer

Performance Expectation: Plan and conduct investigations to provide evidence that vibrating materials can make sound and that sound can make materials vibrate.  [Clarification Statement: Examples of vibrating materials that make sound could include tuning forks and plucking a stretched string. Examples of how sound can make matter vibrate could include holding a piece of paper near a speaker making sound and holding an object near a vibrating tuning fork.]

Disciplinary Core Idea(s):
PS4.A: Wave Properties
Sound can make matter vibrate, and vibrating matter can make sound.

Science & Engineering Practices: Planning and Carrying Out Investigations
Plan and conduct investigations collaboratively to produce data to serve as the basis for evidence to answer a question.

Connections to Nature of Science:

Scientific Investigations Use a Variety of Methods
Science investigations begin with a question.
Scientists use different ways to study the world.

Crosscutting Concepts: Cause and Effect
Simple tests can be designed to gather evidence to support or refute student ideas about causes.

California Environmental Principles and Concepts:
N/A

California Common Core State Standards Connections:
ELA/Literacy
W.1.7: Participate in shared research and writing projects (e.g., explore a number of “how-to” books on a given topic and use them to write a sequence of instructions).
W.1.8: With guidance and support from adults, recall information from experiences or gather information from provided sources to answer a question.
SL.1.1.a–c: Participate in collaborative conversations with diverse partners about grade 1 topics and texts with peers and adults in small and larger groups.

DCI Connections:
Connections to other DCIs in first grade: N/A

Articulation across grade-levels: N/A
"
CA-NGSS-2013,1-PS4-2,1,PS4.B: Electromagnetic Radiation,CCC-2: Cause and Effect: Mechanism and Explanation,SEP-6: Constructing Explanations and Designing Solutions,Physical Science,1-PS4 Waves and their Applications in Technologies for Information Transfer,"Make observations to construct an evidence-based account that objects can be seen only when illuminated.  [Clarification Statement: Examples of observations could include those made in a completely dark room, a pinhole box, and a video of a cave explorer with a flashlight. Illumination could be from an external light source or by an object giving off its own light.]","PS4.B: Electromagnetic Radiation
Objects can be seen if light is available to illuminate them or if they give off their own light.","Constructing Explanations and Designing Solutions
Make observations (firsthand or from media) to construct an evidence-based account for natural phenomena.","Cause and Effect
Simple tests can be designed to gather evidence to support or refute student ideas about causes.",N/A,"ELA/Literacy
W.1.2: Write informative/explanatory texts in which they name a topic, supply some facts about the topic, and provide some sense of closure.
W.1.7: Participate in shared research and writing projects (e.g., explore a number of “how-to” books on a given topic and use them to write a sequence of instructions).
W.1.8: With guidance and support from adults, recall information from experiences or gather information from provided sources to answer a question.
SL.1.1.a–c: Participate in collaborative conversations with diverse partners about grade 1 topics and texts with peers and adults in small and larger groups.",Connections to other DCIs in first grade: N/A,,4.PS4.B,https://www.cde.ca.gov/Ci/pl/ngssstandards.asp,,"Standard Identifier: 1-PS4-2
Grade: 1
Disciplinary Core Idea: PS4.B: Electromagnetic Radiation
Cross Cutting Concept: CCC-2: Cause and Effect: Mechanism and Explanation
Science & Engineering Practice: SEP-6: Constructing Explanations and Designing Solutions
Content Area: Physical Science

Title: 1-PS4 Waves and their Applications in Technologies for Information Transfer

Performance Expectation: Make observations to construct an evidence-based account that objects can be seen only when illuminated.  [Clarification Statement: Examples of observations could include those made in a completely dark room, a pinhole box, and a video of a cave explorer with a flashlight. Illumination could be from an external light source or by an object giving off its own light.]

Disciplinary Core Idea(s):
PS4.B: Electromagnetic Radiation
Objects can be seen if light is available to illuminate them or if they give off their own light.

Science & Engineering Practices: Constructing Explanations and Designing Solutions
Make observations (firsthand or from media) to construct an evidence-based account for natural phenomena.

Crosscutting Concepts: Cause and Effect
Simple tests can be designed to gather evidence to support or refute student ideas about causes.

California Environmental Principles and Concepts:
N/A

California Common Core State Standards Connections:
ELA/Literacy
W.1.2: Write informative/explanatory texts in which they name a topic, supply some facts about the topic, and provide some sense of closure.
W.1.7: Participate in shared research and writing projects (e.g., explore a number of “how-to” books on a given topic and use them to write a sequence of instructions).
W.1.8: With guidance and support from adults, recall information from experiences or gather information from provided sources to answer a question.
SL.1.1.a–c: Participate in collaborative conversations with diverse partners about grade 1 topics and texts with peers and adults in small and larger groups.

DCI Connections:
Connections to other DCIs in first grade: N/A

Articulation across grade-levels: 4.PS4.B
"
CA-NGSS-2013,1-PS4-3,1,PS4.B: Electromagnetic Radiation,CCC-2: Cause and Effect: Mechanism and Explanation,SEP-3: Planning and Carrying Out Investigations,Physical Science,1-PS4 Waves and their Applications in Technologies for Information Transfer,"Plan and conduct an investigation to determine the effect of placing objects made with different materials in the path of a beam of light.  [Clarification Statement: Examples of materials could include those that are transparent (such as clear plastic), translucent (such as wax paper), opaque (such as cardboard), and reflective (such as a mirror).] [Assessment Boundary: Assessment does not include the speed of light.]","PS4.B: Electromagnetic Radiation
Some materials allow light to pass through them, others allow only some light through and others block all the light and create a dark shadow on any surface beyond them, where the light cannot reach. Mirrors can be used to redirect a light beam. (Boundary: The idea that light travels from place to place is developed through experiences with light sources, mirrors, and shadows, but no attempt is made to discuss the speed of light.)","Planning and Carrying Out Investigations
Plan and conduct investigations collaboratively to produce data to serve as the basis for evidence to answer a question.","Cause and Effect
Simple tests can be designed to gather evidence to support or refute student ideas about causes.",N/A,"ELA/Literacy
W.1.7: Participate in shared research and writing projects (e.g., explore a number of “how-to” books on a given topic and use them to write a sequence of instructions).
W.1.8: With guidance and support from adults, recall information from experiences or gather information from provided sources to answer a question.
SL.1.1.a–c: Participate in collaborative conversations with diverse partners about grade 1 topics and texts with peers and adults in small and larger groups.",Connections to other DCIs in first grade: N/A,,2.PS1.A,https://www.cde.ca.gov/Ci/pl/ngssstandards.asp,,"Standard Identifier: 1-PS4-3
Grade: 1
Disciplinary Core Idea: PS4.B: Electromagnetic Radiation
Cross Cutting Concept: CCC-2: Cause and Effect: Mechanism and Explanation
Science & Engineering Practice: SEP-3: Planning and Carrying Out Investigations
Content Area: Physical Science

Title: 1-PS4 Waves and their Applications in Technologies for Information Transfer

Performance Expectation: Plan and conduct an investigation to determine the effect of placing objects made with different materials in the path of a beam of light.  [Clarification Statement: Examples of materials could include those that are transparent (such as clear plastic), translucent (such as wax paper), opaque (such as cardboard), and reflective (such as a mirror).] [Assessment Boundary: Assessment does not include the speed of light.]

Disciplinary Core Idea(s):
PS4.B: Electromagnetic Radiation
Some materials allow light to pass through them, others allow only some light through and others block all the light and create a dark shadow on any surface beyond them, where the light cannot reach. Mirrors can be used to redirect a light beam. (Boundary: The idea that light travels from place to place is developed through experiences with light sources, mirrors, and shadows, but no attempt is made to discuss the speed of light.)

Science & Engineering Practices: Planning and Carrying Out Investigations
Plan and conduct investigations collaboratively to produce data to serve as the basis for evidence to answer a question.

Crosscutting Concepts: Cause and Effect
Simple tests can be designed to gather evidence to support or refute student ideas about causes.

California Environmental Principles and Concepts:
N/A

California Common Core State Standards Connections:
ELA/Literacy
W.1.7: Participate in shared research and writing projects (e.g., explore a number of “how-to” books on a given topic and use them to write a sequence of instructions).
W.1.8: With guidance and support from adults, recall information from experiences or gather information from provided sources to answer a question.
SL.1.1.a–c: Participate in collaborative conversations with diverse partners about grade 1 topics and texts with peers and adults in small and larger groups.

DCI Connections:
Connections to other DCIs in first grade: N/A

Articulation across grade-levels: 2.PS1.A
"
CA-NGSS-2013,1-PS4-4,1,PS4.C: Information Technologies and Instrumentation,,SEP-6: Constructing Explanations and Designing Solutions,Physical Science,1-PS4 Waves and their Applications in Technologies for Information Transfer,"Use tools and materials to design and build a device that uses light or sound to solve the problem of communicating over a distance.*  [Clarification Statement: Examples of devices could include a light source to send signals, paper cup and string “telephones,” and a pattern of drum beats.] [Assessment Boundary: Assessment does not include technological details for how communication devices work.]","PS4.C: Information Technologies and Instrumentation
People also use a variety of devices to communicate (send and receive information) over long distances.","Constructing Explanations and Designing Solutions
Use tools and materials provided to design a device that solves a specific problem.","Connections to Engineering, Technology, and Applications of Science:

Influence of Engineering, Technology, and Science, on Society and the Natural World
People depend on various technologies in their lives; human life would be very different without technology.",N/A,"ELA/Literacy
W.1.7: Participate in shared research and writing projects (e.g., explore a number of “how-to” books on a given topic and use them to write a sequence of instructions).

Mathematics
MP.5: Use appropriate tools strategically.
1.MD.1-2: Measure lengths indirectly and by iterating length units.",Connections to other DCIs in first grade: N/A,,K.ETS1.A; 2.ETS1.B ; 4.PS4.C; 4.ETS1.A,https://www.cde.ca.gov/Ci/pl/ngssstandards.asp,,"Standard Identifier: 1-PS4-4
Grade: 1
Disciplinary Core Idea: PS4.C: Information Technologies and Instrumentation
Science & Engineering Practice: SEP-6: Constructing Explanations and Designing Solutions
Content Area: Physical Science

Title: 1-PS4 Waves and their Applications in Technologies for Information Transfer

Performance Expectation: Use tools and materials to design and build a device that uses light or sound to solve the problem of communicating over a distance.*  [Clarification Statement: Examples of devices could include a light source to send signals, paper cup and string “telephones,” and a pattern of drum beats.] [Assessment Boundary: Assessment does not include technological details for how communication devices work.]

Disciplinary Core Idea(s):
PS4.C: Information Technologies and Instrumentation
People also use a variety of devices to communicate (send and receive information) over long distances.

Science & Engineering Practices: Constructing Explanations and Designing Solutions
Use tools and materials provided to design a device that solves a specific problem.

Crosscutting Concepts: Connections to Engineering, Technology, and Applications of Science:

Influence of Engineering, Technology, and Science, on Society and the Natural World
People depend on various technologies in their lives; human life would be very different without technology.

California Environmental Principles and Concepts:
N/A

California Common Core State Standards Connections:
ELA/Literacy
W.1.7: Participate in shared research and writing projects (e.g., explore a number of “how-to” books on a given topic and use them to write a sequence of instructions).

Mathematics
MP.5: Use appropriate tools strategically.
1.MD.1-2: Measure lengths indirectly and by iterating length units.

DCI Connections:
Connections to other DCIs in first grade: N/A

Articulation across grade-levels: K.ETS1.A; 2.ETS1.B ; 4.PS4.C; 4.ETS1.A
"
CA-NGSS-2013,K-2-ETS1-1,1,ETS1.A: Defining and Delimiting Engineering Problems,,SEP-1: Asking Questions and Defining Problems,"Engineering, Technology, and Applications of Science","K–2-ETS1 Engineering, Technology, and Applications of Science","Ask questions, make observations, and gather information about a situation people want to change to define a simple problem that can be solved through the development of a new or improved object or tool.","ETS1.A: Defining and Delimiting Engineering Problems
A situation that people want to change or create can be approached as a problem to be solved through engineering.

Asking questions, making observations, and gathering information are helpful in thinking about problems.

Before beginning to design a solution, it is important to clearly understand the problem.","Asking Questions and Defining Problems
Ask questions based on observations to find more information about the natural and/or designed world(s).
Define a simple problem that can be solved through the development of a new or improved object or tool.",N/A,"Principle V
Decisions affecting resources and natural systems are based on a wide range of considerations and decision-making processes.","ELA/Literacy
W.2.6: With guidance and support from adults, use a variety of digital tools to produce and publish writing, including in collaboration with peers.
W.2.8: Recall information from experiences or gather information from provided sources to answer a question.

Mathematics
MP.2: Reason abstractly and quantitatively.
MP.4: Model with mathematics.
MP.5: Use appropriate tools strategically.","Connections to K-2-ETS1.A: Defining and Delimiting Engineering Problems include:
Kindergarten: K-PS2-2; K-ESS3-2",3-5.ETS1.A; 3-5.ETS1.C,,https://www.cde.ca.gov/Ci/pl/ngssstandards.asp,,"Standard Identifier: K-2-ETS1-1
Grade: 1
Disciplinary Core Idea: ETS1.A: Defining and Delimiting Engineering Problems
Science & Engineering Practice: SEP-1: Asking Questions and Defining Problems
Content Area: Engineering, Technology, and Applications of Science

Title: K–2-ETS1 Engineering, Technology, and Applications of Science

Performance Expectation: Ask questions, make observations, and gather information about a situation people want to change to define a simple problem that can be solved through the development of a new or improved object or tool.

Disciplinary Core Idea(s):
ETS1.A: Defining and Delimiting Engineering Problems
A situation that people want to change or create can be approached as a problem to be solved through engineering.

Asking questions, making observations, and gathering information are helpful in thinking about problems.

Before beginning to design a solution, it is important to clearly understand the problem.

Science & Engineering Practices: Asking Questions and Defining Problems
Ask questions based on observations to find more information about the natural and/or designed world(s).
Define a simple problem that can be solved through the development of a new or improved object or tool.

Crosscutting Concepts: N/A

California Environmental Principles and Concepts:
Principle V
Decisions affecting resources and natural systems are based on a wide range of considerations and decision-making processes.

California Common Core State Standards Connections:
ELA/Literacy
W.2.6: With guidance and support from adults, use a variety of digital tools to produce and publish writing, including in collaboration with peers.
W.2.8: Recall information from experiences or gather information from provided sources to answer a question.

Mathematics
MP.2: Reason abstractly and quantitatively.
MP.4: Model with mathematics.
MP.5: Use appropriate tools strategically.

DCI Connections:
Connections to K-2-ETS1.A: Defining and Delimiting Engineering Problems include:
Kindergarten: K-PS2-2; K-ESS3-2

Articulation across grade-bands: 3-5.ETS1.A; 3-5.ETS1.C
"
CA-NGSS-2013,K-2-ETS1-2,1,ETS1.B: Developing Possible Solutions,CCC-6: Structure and Function,SEP-2: Developing and Using Models,"Engineering, Technology, and Applications of Science","K–2-ETS1 Engineering, Technology, and Applications of Science","Develop a simple sketch, drawing, or physical model to illustrate how the shape of an object helps it function as needed to solve a given problem.","ETS1.B: Developing Possible Solutions
Designs can be conveyed through sketches, drawings, or physical models. These representations are useful in communicating ideas for a problem’s solutions to other people.","Developing and Using Models
Develop a simple model based on evidence to represent a proposed object or tool.","Structure and Function
The shape and stability of structures of natural and designed objects are related to their function(s).","Principle V
Decisions affecting resources and natural systems are based on a wide range of considerations and decision-making processes.","ELA/Literacy
SL.2.5: Create audio recordings of stories or poems; add drawings or other visual displays to stories or recounts of experiences when appropriate to clarify ideas, thoughts, and feelings.","Connections to K-2-ETS1.B: Developing Possible Solutions to Problems include:
Kindergarten: K-ESS3-3
First Grade: 1-PS4-4
Second Grade:  2-LS2-2",3-5.ETS1.A ; 3-5.ETS1.B ; 3-5.ETS1.C,,https://www.cde.ca.gov/Ci/pl/ngssstandards.asp,,"Standard Identifier: K-2-ETS1-2
Grade: 1
Disciplinary Core Idea: ETS1.B: Developing Possible Solutions
Cross Cutting Concept: CCC-6: Structure and Function
Science & Engineering Practice: SEP-2: Developing and Using Models
Content Area: Engineering, Technology, and Applications of Science

Title: K–2-ETS1 Engineering, Technology, and Applications of Science

Performance Expectation: Develop a simple sketch, drawing, or physical model to illustrate how the shape of an object helps it function as needed to solve a given problem.

Disciplinary Core Idea(s):
ETS1.B: Developing Possible Solutions
Designs can be conveyed through sketches, drawings, or physical models. These representations are useful in communicating ideas for a problem’s solutions to other people.

Science & Engineering Practices: Developing and Using Models
Develop a simple model based on evidence to represent a proposed object or tool.

Crosscutting Concepts: Structure and Function
The shape and stability of structures of natural and designed objects are related to their function(s).

California Environmental Principles and Concepts:
Principle V
Decisions affecting resources and natural systems are based on a wide range of considerations and decision-making processes.

California Common Core State Standards Connections:
ELA/Literacy
SL.2.5: Create audio recordings of stories or poems; add drawings or other visual displays to stories or recounts of experiences when appropriate to clarify ideas, thoughts, and feelings.

DCI Connections:
Connections to K-2-ETS1.B: Developing Possible Solutions to Problems include:
Kindergarten: K-ESS3-3
First Grade: 1-PS4-4
Second Grade:  2-LS2-2

Articulation across grade-bands: 3-5.ETS1.A ; 3-5.ETS1.B ; 3-5.ETS1.C
"
CA-NGSS-2013,K-2-ETS1-3,1,ETS1.C: Optimizing the Design Solution,,SEP-4: Analyzing and Interpreting Data,"Engineering, Technology, and Applications of Science","K–2-ETS1 Engineering, Technology, and Applications of Science",Analyze data from tests of two objects designed to solve the same problem to compare the strengths and weaknesses of how each performs.,"ETS1.C: Optimizing the Design Solution
Because there is always more than one possible solution to a problem, it is useful to compare and test designs.","Analyzing and Interpreting Data
Analyze data from tests of an object or tool to determine if it works as intended.",N/A,"Principle V
Decisions affecting resources and natural systems are based on a wide range of considerations and decision-making processes.","ELA/Literacy
W.2.6: With guidance and support from adults, use a variety of digital tools to produce and publish writing, including in collaboration with peers.
W.2.8: Recall information from experiences or gather information from provided sources to answer a question. 

Mathematics
MP.2: Reason abstractly and quantitatively. 
MP.4: Model with mathematics. 
MP.5: Use appropriate tools strategically.","Connections to K-2-ETS1.C: Optimizing the Design Solution include: 
Second Grade: 2-ESS2-1",3-5.ETS1.A; 3-5.ETS1.B; 3-5.ETS1.C,,https://www.cde.ca.gov/Ci/pl/ngssstandards.asp,,"Standard Identifier: K-2-ETS1-3
Grade: 1
Disciplinary Core Idea: ETS1.C: Optimizing the Design Solution
Science & Engineering Practice: SEP-4: Analyzing and Interpreting Data
Content Area: Engineering, Technology, and Applications of Science

Title: K–2-ETS1 Engineering, Technology, and Applications of Science

Performance Expectation: Analyze data from tests of two objects designed to solve the same problem to compare the strengths and weaknesses of how each performs.

Disciplinary Core Idea(s):
ETS1.C: Optimizing the Design Solution
Because there is always more than one possible solution to a problem, it is useful to compare and test designs.

Science & Engineering Practices: Analyzing and Interpreting Data
Analyze data from tests of an object or tool to determine if it works as intended.

Crosscutting Concepts: N/A

California Environmental Principles and Concepts:
Principle V
Decisions affecting resources and natural systems are based on a wide range of considerations and decision-making processes.

California Common Core State Standards Connections:
ELA/Literacy
W.2.6: With guidance and support from adults, use a variety of digital tools to produce and publish writing, including in collaboration with peers.
W.2.8: Recall information from experiences or gather information from provided sources to answer a question. 

Mathematics
MP.2: Reason abstractly and quantitatively. 
MP.4: Model with mathematics. 
MP.5: Use appropriate tools strategically.

DCI Connections:
Connections to K-2-ETS1.C: Optimizing the Design Solution include: 
Second Grade: 2-ESS2-1     

Articulation across grade-bands: 3-5.ETS1.A; 3-5.ETS1.B; 3-5.ETS1.C
"
CA-NGSS-2013,2-ESS1-1,2,ESS1.C: The History of Planet Earth,CCC-7: Stability and Change,SEP-6: Constructing Explanations and Designing Solutions,Earth and Space Science,2-ESS1 Earth’s Place in the Universe,"Use information from several sources to provide evidence that Earth events can occur quickly or slowly.  [Clarification Statement: Examples of events and timescales could include volcanic explosions and earthquakes, which happen quickly and erosion of rocks, which occurs slowly.] [Assessment Boundary: Assessment does not include quantitative measurements of timescales.]","ESS1.C: The History of Planet Earth
Some events happen very quickly; others occur very slowly, over a time period much longer than one can observe.","Constructing Explanations and Designing Solutions
Make observations from several sources to construct an evidence-based account for natural phenomena.","Stability and Change
Things may change slowly or rapidly.",N/A,"ELA/Literacy
RI.2.1: Ask and answer such questions as who, what, where, when, why, and how to demonstrate understanding of key details in a text.
RI.2.3: Describe the connection between a series of historical events, scientific ideas or concepts, or steps in technical procedures in a text.
W.2.6: With guidance and support from adults, use a variety of digital tools to produce and publish writing, including in collaboration with peers.
W.2.7: Participate in shared research and writing projects (e.g., read a number of books on a single topic to produce a report; record science observations).
W.2.8: Recall information from experiences or gather information from provided sources to answer a question.
SL.2.2: Recount or describe key ideas or details from a text read aloud or information presented orally or through other media.
a. Give and follow three- and four-step oral directions.

Mathematics
MP.2: Reason abstractly and quantitatively.
MP.4: Model with mathematics.
2.NBT.1-4: Understand place value.",Connections to other DCIs in second grade: N/A,,3.LS2.C; 4.ESS1.C; 4.ESS2.A,https://www.cde.ca.gov/Ci/pl/ngssstandards.asp,,"Standard Identifier: 2-ESS1-1
Grade: 2
Disciplinary Core Idea: ESS1.C: The History of Planet Earth
Cross Cutting Concept: CCC-7: Stability and Change
Science & Engineering Practice: SEP-6: Constructing Explanations and Designing Solutions
Content Area: Earth and Space Science

Title: 2-ESS1 Earth’s Place in the Universe

Performance Expectation: Use information from several sources to provide evidence that Earth events can occur quickly or slowly.  [Clarification Statement: Examples of events and timescales could include volcanic explosions and earthquakes, which happen quickly and erosion of rocks, which occurs slowly.] [Assessment Boundary: Assessment does not include quantitative measurements of timescales.]

Disciplinary Core Idea(s):
ESS1.C: The History of Planet Earth
Some events happen very quickly; others occur very slowly, over a time period much longer than one can observe.

Science & Engineering Practices: Constructing Explanations and Designing Solutions
Make observations from several sources to construct an evidence-based account for natural phenomena.

Crosscutting Concepts: Stability and Change
Things may change slowly or rapidly.

California Environmental Principles and Concepts:
N/A

California Common Core State Standards Connections:
ELA/Literacy
RI.2.1: Ask and answer such questions as who, what, where, when, why, and how to demonstrate understanding of key details in a text.
RI.2.3: Describe the connection between a series of historical events, scientific ideas or concepts, or steps in technical procedures in a text.
W.2.6: With guidance and support from adults, use a variety of digital tools to produce and publish writing, including in collaboration with peers.
W.2.7: Participate in shared research and writing projects (e.g., read a number of books on a single topic to produce a report; record science observations).
W.2.8: Recall information from experiences or gather information from provided sources to answer a question.
SL.2.2: Recount or describe key ideas or details from a text read aloud or information presented orally or through other media.
a. Give and follow three- and four-step oral directions.

Mathematics
MP.2: Reason abstractly and quantitatively.
MP.4: Model with mathematics.
2.NBT.1-4: Understand place value.

DCI Connections:
Connections to other DCIs in second grade: N/A

Articulation across grade-levels: 3.LS2.C; 4.ESS1.C; 4.ESS2.A
"
CA-NGSS-2013,2-ESS2-1,2,"ESS2.A: Earth Materials and Systems, ETS1.C: Optimizing the Design Solution",CCC-7: Stability and Change,SEP-6: Constructing Explanations and Designing Solutions,Earth and Space Science,2-ESS2 Earth’s Systems,"Compare multiple solutions designed to slow or prevent wind or water from changing the shape of the land.*  [Clarification Statement: Examples of solutions could include different designs of dikes and windbreaks to hold back wind and water, and different designs for using shrubs, grass, and trees to hold back the land.]","ESS2.A: Earth Materials and Systems
Wind and water can change the shape of the land.

ETS1.C: Optimizing the Design Solution
Because there is always more than one possible solution to a problem, it is useful to compare and test designs. (secondary to 2-ESS2-1)","Constructing Explanations and Designing Solutions
Compare multiple solutions to a problem.","Stability and Change
Things may change slowly or rapidly.

Connections to Engineering, Technology, and Applications of Science:

Influence of Engineering, Technology, and Science on Society and the Natural World
Developing and using technology has impacts on the natural world.

Connections to Nature of Science:

Science Addresses Questions About the Natural and Material World
Scientists study the natural and material world.",N/A,"ELA/Literacy
RI.2.3: Describe the connection between a series of historical events, scientific ideas or concepts, or steps in technical procedures in a text.
RI.2.9: Compare and contrast the most important points presented by two texts on the same topic.

Mathematics
MP.2: Reason abstractly and quantitatively.
MP.4: Model with mathematics.
MP.5: Use appropriate tools strategically.
2.MD.5: Use addition and subtraction within 100 to solve word problems involving lengths that are given in the same units, e.g., by using drawings (such as drawings of rulers) and equations with a symbol for the unknown number to represent the problem.",Connections to other DCIs in second grade: N/A,,4.ESS2.B; 5.ESS2.C,https://www.cde.ca.gov/Ci/pl/ngssstandards.asp,,"Standard Identifier: 2-ESS2-1
Grade: 2
Disciplinary Core Idea: ESS2.A: Earth Materials and Systems, ETS1.C: Optimizing the Design Solution
Cross Cutting Concept: CCC-7: Stability and Change
Science & Engineering Practice: SEP-6: Constructing Explanations and Designing Solutions
Content Area: Earth and Space Science

Title: 2-ESS2 Earth’s Systems

Performance Expectation: Compare multiple solutions designed to slow or prevent wind or water from changing the shape of the land.*  [Clarification Statement: Examples of solutions could include different designs of dikes and windbreaks to hold back wind and water, and different designs for using shrubs, grass, and trees to hold back the land.]

Disciplinary Core Idea(s):
ESS2.A: Earth Materials and Systems
Wind and water can change the shape of the land.

ETS1.C: Optimizing the Design Solution
Because there is always more than one possible solution to a problem, it is useful to compare and test designs. (secondary to 2-ESS2-1)

Science & Engineering Practices: Constructing Explanations and Designing Solutions
Compare multiple solutions to a problem.

Crosscutting Concepts: Stability and Change
Things may change slowly or rapidly.

Connections to Engineering, Technology, and Applications of Science:

Influence of Engineering, Technology, and Science on Society and the Natural World
Developing and using technology has impacts on the natural world.

Connections to Nature of Science:

Science Addresses Questions About the Natural and Material World
Scientists study the natural and material world.

California Environmental Principles and Concepts:
N/A

California Common Core State Standards Connections:
ELA/Literacy
RI.2.3: Describe the connection between a series of historical events, scientific ideas or concepts, or steps in technical procedures in a text.
RI.2.9: Compare and contrast the most important points presented by two texts on the same topic.

Mathematics
MP.2: Reason abstractly and quantitatively.
MP.4: Model with mathematics.
MP.5: Use appropriate tools strategically.
2.MD.5: Use addition and subtraction within 100 to solve word problems involving lengths that are given in the same units, e.g., by using drawings (such as drawings of rulers) and equations with a symbol for the unknown number to represent the problem.

DCI Connections:
Connections to other DCIs in second grade: N/A

Articulation across grade-levels: 4.ESS2.B; 5.ESS2.C
"
CA-NGSS-2013,2-ESS2-2,2,ESS2.B: Plate Tectonics and Large-Scale System Interactions,CCC-1: Patterns,SEP-2: Developing and Using Models,Earth and Space Science,2-ESS2 Earth’s Systems,Develop a model to represent the shapes and kinds of land and bodies of water in an area.  [Assessment Boundary: Assessment does not include quantitative scaling in models.],"ESS2.B: Plate Tectonics and Large-Scale System Interactions
Maps show where things are located. One can map the shapes and kinds of land and water in any area.","Developing and Using Models
Develop a model to represent patterns in the natural world.","Patterns
Patterns in the natural world can be observed.",N/A,"ELA/Literacy
SL.2.5: Create audio recordings of stories or poems; add drawings or other visual displays to stories or recounts of experiences when appropriate to clarify ideas, thoughts, and feelings.

Mathematics
MP.2: Reason abstractly and quantitatively.
MP.4: Model with mathematics.
2.NBT.3: Read and write numbers to 1000 using base-ten numerals, number names, and expanded form.",Connections to other DCIs in second grade: N/A,,4.ESS2.B; 5.ESS2.C,https://www.cde.ca.gov/Ci/pl/ngssstandards.asp,,"Standard Identifier: 2-ESS2-2
Grade: 2
Disciplinary Core Idea: ESS2.B: Plate Tectonics and Large-Scale System Interactions
Cross Cutting Concept: CCC-1: Patterns
Science & Engineering Practice: SEP-2: Developing and Using Models
Content Area: Earth and Space Science

Title: 2-ESS2 Earth’s Systems

Performance Expectation: Develop a model to represent the shapes and kinds of land and bodies of water in an area.  [Assessment Boundary: Assessment does not include quantitative scaling in models.]

Disciplinary Core Idea(s):
ESS2.B: Plate Tectonics and Large-Scale System Interactions
Maps show where things are located. One can map the shapes and kinds of land and water in any area.

Science & Engineering Practices: Developing and Using Models
Develop a model to represent patterns in the natural world.

Crosscutting Concepts: Patterns
Patterns in the natural world can be observed.

California Environmental Principles and Concepts:
N/A

California Common Core State Standards Connections:
ELA/Literacy
SL.2.5: Create audio recordings of stories or poems; add drawings or other visual displays to stories or recounts of experiences when appropriate to clarify ideas, thoughts, and feelings.

Mathematics
MP.2: Reason abstractly and quantitatively.
MP.4: Model with mathematics.
2.NBT.3: Read and write numbers to 1000 using base-ten numerals, number names, and expanded form.

DCI Connections:
Connections to other DCIs in second grade: N/A

Articulation across grade-levels: 4.ESS2.B; 5.ESS2.C
"
CA-NGSS-2013,2-ESS2-3,2,ESS2.C: The Roles of Water in Earth's Surface Processes,CCC-1: Patterns,"SEP-8: Obtaining, Evaluating, and Communicating Information",Earth and Space Science,2-ESS2 Earth’s Systems,Obtain information to identify where water is found on Earth and that it can be solid or liquid.,"ESS2.C: The Roles of Water in Earth’s Surface Processes
Water is found in the ocean, rivers, lakes, and ponds. Water exists as solid ice and in liquid form.","Obtaining, Evaluating, and Communicating Information
Obtain information using various texts, text features (e.g., headings, tables of contents, glossaries, electronic menus, icons), and other media that will be useful in answering a scientific question.","Patterns
Patterns in the natural world can be observed.",N/A,"ELA/Literacy
W.2.6: With guidance and support from adults, use a variety of digital tools to produce and publish writing, including in collaboration with peers.
W.2.8: Recall information from experiences or gather information from provided sources to answer a question.",Connections to other DCIs in second grade: 2.PS1.A,,5.ESS2.C,https://www.cde.ca.gov/Ci/pl/ngssstandards.asp,,"Standard Identifier: 2-ESS2-3
Grade: 2
Disciplinary Core Idea: ESS2.C: The Roles of Water in Earth's Surface Processes
Cross Cutting Concept: CCC-1: Patterns
Science & Engineering Practice: SEP-8: Obtaining, Evaluating, and Communicating Information
Content Area: Earth and Space Science

Title: 2-ESS2 Earth’s Systems

Performance Expectation: Obtain information to identify where water is found on Earth and that it can be solid or liquid.

Disciplinary Core Idea(s):
ESS2.C: The Roles of Water in Earth’s Surface Processes
Water is found in the ocean, rivers, lakes, and ponds. Water exists as solid ice and in liquid form.

Science & Engineering Practices: Obtaining, Evaluating, and Communicating Information
Obtain information using various texts, text features (e.g., headings, tables of contents, glossaries, electronic menus, icons), and other media that will be useful in answering a scientific question.

Crosscutting Concepts: Patterns
Patterns in the natural world can be observed.

California Environmental Principles and Concepts:
N/A

California Common Core State Standards Connections:
ELA/Literacy
W.2.6: With guidance and support from adults, use a variety of digital tools to produce and publish writing, including in collaboration with peers.
W.2.8: Recall information from experiences or gather information from provided sources to answer a question.

DCI Connections:
Connections to other DCIs in second grade: 2.PS1.A

Articulation across grade-levels: 5.ESS2.C
"
CA-NGSS-2013,2-LS2-1,2,LS2.A: Interdependent Relationships in Ecosystems,CCC-2: Cause and Effect: Mechanism and Explanation,SEP-3: Planning and Carrying Out Investigations,Life Science,"2-LS2 Ecosystems: Interactions, Energy, and Dynamics",Plan and conduct an investigation to determine if plants need sunlight and water to grow.  [Assessment Boundary: Assessment is limited to testing one variable at a time.],"LS2.A: Interdependent Relationships in Ecosystems
Plants depend on water and light to grow.","Planning and Carrying Out Investigations
Plan and conduct an investigation collaboratively to produce data to serve as the basis for evidence to answer a question.","Cause and Effect
Events have causes that generate observable patterns.","Principle II
The long-term functioning and health of terrestrial, freshwater, coastal, and marine ecosystems are influenced by their relationships with human societies.

Principle V
Decisions affecting resources and natural systems are based on a wide range of considerations and decision-making processes.","ELA/Literacy
W.2.7: Participate in shared research and writing projects (e.g., read a number of books on a single topic to produce a report; record science observations).
W.2.8: Recall information from experiences or gather information from provided sources to answer a question.

Mathematics
MP.2: Reason abstractly and quantitatively.
MP.4: Model with mathematics.
MP.5: Use appropriate tools strategically.",Connections to other DCIs in second grade: N/A,,K.LS1.C; K-ESS3.A; 5.LS1.C,https://www.cde.ca.gov/Ci/pl/ngssstandards.asp,,"Standard Identifier: 2-LS2-1
Grade: 2
Disciplinary Core Idea: LS2.A: Interdependent Relationships in Ecosystems
Cross Cutting Concept: CCC-2: Cause and Effect: Mechanism and Explanation
Science & Engineering Practice: SEP-3: Planning and Carrying Out Investigations
Content Area: Life Science

Title: 2-LS2 Ecosystems: Interactions, Energy, and Dynamics

Performance Expectation: Plan and conduct an investigation to determine if plants need sunlight and water to grow.  [Assessment Boundary: Assessment is limited to testing one variable at a time.]

Disciplinary Core Idea(s):
LS2.A: Interdependent Relationships in Ecosystems
Plants depend on water and light to grow.

Science & Engineering Practices: Planning and Carrying Out Investigations
Plan and conduct an investigation collaboratively to produce data to serve as the basis for evidence to answer a question.

Crosscutting Concepts: Cause and Effect
Events have causes that generate observable patterns.

California Environmental Principles and Concepts:
Principle II
The long-term functioning and health of terrestrial, freshwater, coastal, and marine ecosystems are influenced by their relationships with human societies.

Principle V
Decisions affecting resources and natural systems are based on a wide range of considerations and decision-making processes.

California Common Core State Standards Connections:
ELA/Literacy
W.2.7: Participate in shared research and writing projects (e.g., read a number of books on a single topic to produce a report; record science observations).
W.2.8: Recall information from experiences or gather information from provided sources to answer a question.

Mathematics
MP.2: Reason abstractly and quantitatively.
MP.4: Model with mathematics.
MP.5: Use appropriate tools strategically.

DCI Connections:
Connections to other DCIs in second grade: N/A

Articulation across grade-levels: K.LS1.C; K-ESS3.A; 5.LS1.C
"
CA-NGSS-2013,2-LS2-2,2,"LS2.A: Interdependent Relationships in Ecosystems, ETS1.B: Developing Possible Solutions",CCC-6: Structure and Function,SEP-2: Developing and Using Models,Life Science,"2-LS2 Ecosystems: Interactions, Energy, and Dynamics",Develop a simple model that mimics the function of an animal in dispersing seeds or pollinating plants.*,"LS2.A: Interdependent Relationships in Ecosystems
Plants depend on animals for pollination or to move their seeds around.

ETS1.B: Developing Possible Solutions
Designs can be conveyed through sketches, drawings, or physical models. These representations are useful in communicating ideas for a problem’s solutions to other people. (secondary to 2-LS2-2)","Developing and Using Models
Develop a simple model based on evidence to represent a proposed object or tool.","Structure and Function
The shape and stability of structures of natural and designed objects are related to their function(s).","Principle II
The long-term functioning and health of terrestrial, freshwater, coastal, and marine ecosystems are influenced by their relationships with human societies.

Principle V
Decisions affecting resources and natural systems are based on a wide range of considerations and decision-making processes.","ELA/Literacy
SL.2.5: Create audio recordings of stories or poems; add drawings or other visual displays to stories or recounts of experiences when appropriate to clarify ideas, thoughts, and feelings.

Mathematics
MP.4: Model with mathematics.
2.MD.10: Draw a picture graph and a bar graph (with single-unit scale) to represent a data set with up to four categories. Solve simple put-together, take-apart, and compare problems using information presented in a bar graph.",Connections to other DCIs in second grade: N/A,,K.ETS1.A; 5.LS2.A,https://www.cde.ca.gov/Ci/pl/ngssstandards.asp,,"Standard Identifier: 2-LS2-2
Grade: 2
Disciplinary Core Idea: LS2.A: Interdependent Relationships in Ecosystems, ETS1.B: Developing Possible Solutions
Cross Cutting Concept: CCC-6: Structure and Function
Science & Engineering Practice: SEP-2: Developing and Using Models
Content Area: Life Science

Title: 2-LS2 Ecosystems: Interactions, Energy, and Dynamics

Performance Expectation: Develop a simple model that mimics the function of an animal in dispersing seeds or pollinating plants.*

Disciplinary Core Idea(s):
LS2.A: Interdependent Relationships in Ecosystems
Plants depend on animals for pollination or to move their seeds around.

ETS1.B: Developing Possible Solutions
Designs can be conveyed through sketches, drawings, or physical models. These representations are useful in communicating ideas for a problem’s solutions to other people. (secondary to 2-LS2-2)

Science & Engineering Practices: Developing and Using Models
Develop a simple model based on evidence to represent a proposed object or tool.

Crosscutting Concepts: Structure and Function
The shape and stability of structures of natural and designed objects are related to their function(s).

California Environmental Principles and Concepts:
Principle II
The long-term functioning and health of terrestrial, freshwater, coastal, and marine ecosystems are influenced by their relationships with human societies.

Principle V
Decisions affecting resources and natural systems are based on a wide range of considerations and decision-making processes.

California Common Core State Standards Connections:
ELA/Literacy
SL.2.5: Create audio recordings of stories or poems; add drawings or other visual displays to stories or recounts of experiences when appropriate to clarify ideas, thoughts, and feelings.

Mathematics
MP.4: Model with mathematics.
2.MD.10: Draw a picture graph and a bar graph (with single-unit scale) to represent a data set with up to four categories. Solve simple put-together, take-apart, and compare problems using information presented in a bar graph.

DCI Connections:
Connections to other DCIs in second grade: N/A

Articulation across grade-levels: K.ETS1.A; 5.LS2.A
"
CA-NGSS-2013,2-LS4-1,2,LS4.D: Biodiversity and Humans,,SEP-3: Planning and Carrying Out Investigations,Life Science,2-LS4 Biological Evolution: Unity and Diversity,Make observations of plants and animals to compare the diversity of life in different habitats.  [Clarification Statement: Emphasis is on the diversity of living things in each of a variety of different habitats.] [Assessment Boundary: Assessment does not include specific animal and plant names in specific habitats.],"LS4.D: Biodiversity and Humans
There are many different kinds of living things in any area, and they exist in different places on land and in water.","Planning and Carrying Out Investigations
Make observations (firsthand or from media) to collect data that can be used to make comparisons.

Connections to Nature of Science:

Scientific Knowledge is Based on Empirical Evidence
Scientists look for patterns and order when making observations about the world.",N/A,"Principle II
The long-term functioning and health of terrestrial, freshwater, coastal, and marine ecosystems are influenced by their relationships with human societies.","ELA/Literacy
W.2.7: Participate in shared research and writing projects (e.g., read a number of books on a single topic to produce a report; record science observations).
W.2.8: Recall information from experiences or gather information from provided sources to answer a question.

Mathematics
MP.2: Reason abstractly and quantitatively.
MP.4: Model with mathematics.
2.MD.10: Draw a picture graph and a bar graph (with single-unit scale) to represent a data set with up to four categories. Solve simple put-together, take-apart, and compare problems using information presented in a bar graph.",Connections to other DCIs in second grade: N/A,,3.LS4.C; 3.LS4.D; 5.LS2.A,https://www.cde.ca.gov/Ci/pl/ngssstandards.asp,,"Standard Identifier: 2-LS4-1
Grade: 2
Disciplinary Core Idea: LS4.D: Biodiversity and Humans
Science & Engineering Practice: SEP-3: Planning and Carrying Out Investigations
Content Area: Life Science

Title: 2-LS4 Biological Evolution: Unity and Diversity

Performance Expectation: Make observations of plants and animals to compare the diversity of life in different habitats.  [Clarification Statement: Emphasis is on the diversity of living things in each of a variety of different habitats.] [Assessment Boundary: Assessment does not include specific animal and plant names in specific habitats.]

Disciplinary Core Idea(s):
LS4.D: Biodiversity and Humans
There are many different kinds of living things in any area, and they exist in different places on land and in water.

Science & Engineering Practices: Planning and Carrying Out Investigations
Make observations (firsthand or from media) to collect data that can be used to make comparisons.

Connections to Nature of Science:

Scientific Knowledge is Based on Empirical Evidence
Scientists look for patterns and order when making observations about the world.

Crosscutting Concepts: N/A

California Environmental Principles and Concepts:
Principle II
The long-term functioning and health of terrestrial, freshwater, coastal, and marine ecosystems are influenced by their relationships with human societies.

California Common Core State Standards Connections:
ELA/Literacy
W.2.7: Participate in shared research and writing projects (e.g., read a number of books on a single topic to produce a report; record science observations).
W.2.8: Recall information from experiences or gather information from provided sources to answer a question.

Mathematics
MP.2: Reason abstractly and quantitatively.
MP.4: Model with mathematics.
2.MD.10: Draw a picture graph and a bar graph (with single-unit scale) to represent a data set with up to four categories. Solve simple put-together, take-apart, and compare problems using information presented in a bar graph.

DCI Connections:
Connections to other DCIs in second grade: N/A

Articulation across grade-levels: 3.LS4.C; 3.LS4.D; 5.LS2.A
"
CA-NGSS-2013,2-PS1-1,2,PS1.A: Structure and Properties of Matter,CCC-1: Patterns,SEP-3: Planning and Carrying Out Investigations,Physical Science,2-PS1 Matter and Its Interactions,"Plan and conduct an investigation to describe and classify different kinds of materials by their observable properties. [Clarification Statement: Observations could include color, texture, hardness, and flexibility. Patterns could include the similar properties that different materials share.]","PS1.A: Structure and Properties of Matter
Different kinds of matter exist and many of them can be either solid or liquid, depending on temperature. Matter can be described and classified by its observable properties.","Planning and Carrying Out Investigations
Plan and conduct an investigation collaboratively to produce data to serve as the basis for evidence to answer a question.","Patterns
Patterns in the natural and human designed world can be observed.",N/A,"ELA/Literacy
W.2.7: Participate in shared research and writing projects (e.g., read a number of books on a single topic to produce a report; record science observations).
W.2.8: Recall information from experiences or gather information from provided sources to answer a question.

Mathematics
MP.4: Model with mathematics.
2.MD.10: Draw a picture graph and a bar graph (with single-unit scale) to represent a data set with up to four categories. Solve simple put-together, take-apart, and compare problems using information presented in a bar graph.",Connections to other DCIs in second grade: N/A,,5.PS1.A,https://www.cde.ca.gov/Ci/pl/ngssstandards.asp,,"Standard Identifier: 2-PS1-1
Grade: 2
Disciplinary Core Idea: PS1.A: Structure and Properties of Matter
Cross Cutting Concept: CCC-1: Patterns
Science & Engineering Practice: SEP-3: Planning and Carrying Out Investigations
Content Area: Physical Science

Title: 2-PS1 Matter and Its Interactions

Performance Expectation: Plan and conduct an investigation to describe and classify different kinds of materials by their observable properties. [Clarification Statement: Observations could include color, texture, hardness, and flexibility. Patterns could include the similar properties that different materials share.]

Disciplinary Core Idea(s):
PS1.A: Structure and Properties of Matter
Different kinds of matter exist and many of them can be either solid or liquid, depending on temperature. Matter can be described and classified by its observable properties.

Science & Engineering Practices: Planning and Carrying Out Investigations
Plan and conduct an investigation collaboratively to produce data to serve as the basis for evidence to answer a question.

Crosscutting Concepts: Patterns
Patterns in the natural and human designed world can be observed.

California Environmental Principles and Concepts:
N/A

California Common Core State Standards Connections:
ELA/Literacy
W.2.7: Participate in shared research and writing projects (e.g., read a number of books on a single topic to produce a report; record science observations).
W.2.8: Recall information from experiences or gather information from provided sources to answer a question.

Mathematics
MP.4: Model with mathematics.
2.MD.10: Draw a picture graph and a bar graph (with single-unit scale) to represent a data set with up to four categories. Solve simple put-together, take-apart, and compare problems using information presented in a bar graph.

DCI Connections:
Connections to other DCIs in second grade: N/A

Articulation across grade-levels: 5.PS1.A
"
CA-NGSS-2013,2-PS1-2,2,PS1.A: Structure and Properties of Matter,CCC-2: Cause and Effect: Mechanism and Explanation,SEP-4: Analyzing and Interpreting Data,Physical Science,2-PS1 Matter and Its Interactions,"Analyze data obtained from testing different materials to determine which materials have the properties that are best suited for an intended purpose.*  [Clarification Statement: Examples of properties could include, strength, flexibility, hardness, texture, and absorbency.] [Assessment Boundary: Assessment of quantitative measurements is limited to length.]","PS1.A: Structure and Properties of Matter
Different properties are suited to different purposes.","Analyzing and Interpreting Data
Analyze data from tests of an object or tool to determine if it works as intended.","Cause and Effect
Simple tests can be designed to gather evidence to support or refute student ideas about causes.

Connections to Engineering, Technology, and Applications of Science:

Influence of Engineering, Technology, and Science on Society and the Natural World
Every human-made product is designed by applying some knowledge of the natural world and is built using materials derived from the natural world.",N/A,"ELA/Literacy
RI.2.8: Describe how reasons support specific points the author makes in a text.
W.2.7: Participate in shared research and writing projects (e.g., read a number of books on a single topic to produce a report; record science observations).
W.2.8: Recall information from experiences or gather information from provided sources to answer a question.

Mathematics
MP.2: Reason abstractly and quantitatively.
MP.4: Model with mathematics.
MP.5: Use appropriate tools strategically.
2.MD.10: Draw a picture graph and a bar graph (with single-unit scale) to represent a data set with up to four categories. Solve simple put-together, take-apart, and compare problems using information presented in a bar graph.",Connections to other DCIs in second grade: N/A,,5.PS1.A,https://www.cde.ca.gov/Ci/pl/ngssstandards.asp,,"Standard Identifier: 2-PS1-2
Grade: 2
Disciplinary Core Idea: PS1.A: Structure and Properties of Matter
Cross Cutting Concept: CCC-2: Cause and Effect: Mechanism and Explanation
Science & Engineering Practice: SEP-4: Analyzing and Interpreting Data
Content Area: Physical Science

Title: 2-PS1 Matter and Its Interactions

Performance Expectation: Analyze data obtained from testing different materials to determine which materials have the properties that are best suited for an intended purpose.*  [Clarification Statement: Examples of properties could include, strength, flexibility, hardness, texture, and absorbency.] [Assessment Boundary: Assessment of quantitative measurements is limited to length.]

Disciplinary Core Idea(s):
PS1.A: Structure and Properties of Matter
Different properties are suited to different purposes.

Science & Engineering Practices: Analyzing and Interpreting Data
Analyze data from tests of an object or tool to determine if it works as intended.

Crosscutting Concepts: Cause and Effect
Simple tests can be designed to gather evidence to support or refute student ideas about causes.

Connections to Engineering, Technology, and Applications of Science:

Influence of Engineering, Technology, and Science on Society and the Natural World
Every human-made product is designed by applying some knowledge of the natural world and is built using materials derived from the natural world.

California Environmental Principles and Concepts:
N/A

California Common Core State Standards Connections:
ELA/Literacy
RI.2.8: Describe how reasons support specific points the author makes in a text.
W.2.7: Participate in shared research and writing projects (e.g., read a number of books on a single topic to produce a report; record science observations).
W.2.8: Recall information from experiences or gather information from provided sources to answer a question.

Mathematics
MP.2: Reason abstractly and quantitatively.
MP.4: Model with mathematics.
MP.5: Use appropriate tools strategically.
2.MD.10: Draw a picture graph and a bar graph (with single-unit scale) to represent a data set with up to four categories. Solve simple put-together, take-apart, and compare problems using information presented in a bar graph.

DCI Connections:
Connections to other DCIs in second grade: N/A

Articulation across grade-levels: 5.PS1.A
"
CA-NGSS-2013,2-PS1-3,2,PS1.A: Structure and Properties of Matter,"CCC-5: Energy and Matter: Flows, Cycles, and Conservation",SEP-6: Constructing Explanations and Designing Solutions,Physical Science,2-PS1 Matter and Its Interactions,"Make observations to construct an evidence-based account of how an object made of a small set of pieces can be disassembled and made into a new object. [Clarification Statement: Examples of pieces could include blocks, building bricks, or other assorted small objects.]","PS1.A: Structure and Properties of Matter
Different properties are suited to different purposes.

A great variety of objects can be built up from a small set of pieces.","Constructing Explanations and Designing Solutions
Make observations (firsthand or from media) to construct an evidence-based account for natural phenomena.","Energy and Matter
Objects may break into smaller pieces and be put together into larger pieces, or change shapes.",N/A,"ELA/Literacy
W.2.7: Participate in shared research and writing projects (e.g., read a number of books on a single topic to produce a report; record science observations).
W.2.8: Recall information from experiences or gather information from provided sources to answer a question.",Connections to other DCIs in second grade: N/A,,4.ESS2.A; 5.PS1.A; 5.LS2.A,https://www.cde.ca.gov/Ci/pl/ngssstandards.asp,,"Standard Identifier: 2-PS1-3
Grade: 2
Disciplinary Core Idea: PS1.A: Structure and Properties of Matter
Cross Cutting Concept: CCC-5: Energy and Matter: Flows, Cycles, and Conservation
Science & Engineering Practice: SEP-6: Constructing Explanations and Designing Solutions
Content Area: Physical Science

Title: 2-PS1 Matter and Its Interactions

Performance Expectation: Make observations to construct an evidence-based account of how an object made of a small set of pieces can be disassembled and made into a new object. [Clarification Statement: Examples of pieces could include blocks, building bricks, or other assorted small objects.]

Disciplinary Core Idea(s):
PS1.A: Structure and Properties of Matter
Different properties are suited to different purposes.

A great variety of objects can be built up from a small set of pieces.

Science & Engineering Practices: Constructing Explanations and Designing Solutions
Make observations (firsthand or from media) to construct an evidence-based account for natural phenomena.

Crosscutting Concepts: Energy and Matter
Objects may break into smaller pieces and be put together into larger pieces, or change shapes.

California Environmental Principles and Concepts:
N/A

California Common Core State Standards Connections:
ELA/Literacy
W.2.7: Participate in shared research and writing projects (e.g., read a number of books on a single topic to produce a report; record science observations).
W.2.8: Recall information from experiences or gather information from provided sources to answer a question.

DCI Connections:
Connections to other DCIs in second grade: N/A

Articulation across grade-levels: 4.ESS2.A; 5.PS1.A; 5.LS2.A
"
CA-NGSS-2013,2-PS1-4,2,PS1.B: Chemical Reactions,CCC-2: Cause and Effect: Mechanism and Explanation,SEP-7: Engaging in Argument From Science,Physical Science,2-PS1 Matter and Its Interactions,"Construct an argument with evidence that some changes caused by heating or cooling can be reversed and some cannot.  [Clarification Statement: Examples of reversible changes could include materials such as water and butter at different temperatures. Examples of irreversible changes could include cooking an egg, freezing a plant leaf, and heating paper.]","PS1.B: Chemical Reactions
Heating or cooling a substance may cause changes that can be observed. Sometimes these changes are reversible, and sometimes they are not.","Engaging in Argument from Evidence
Construct an argument with evidence to support a claim.

Connections to Nature of Science:

Science Models, Laws, Mechanisms, and Theories Explain Natural Phenomena 
Scientists search for cause and effect relationships to explain natural events.","Cause and Effect
Events have causes that generate observable patterns.",N/A,"ELA/Literacy
RI.2.1: Ask and answer such questions as who, what, where, when, why, and how to demonstrate understanding of key details in a text.
RI.2.3: Describe the connection between a series of historical events, scientific ideas or concepts, or steps in technical procedures in a text.
RI.2.8: Describe how reasons support specific points the author makes in a text.
W.2.1: Write opinion pieces in which they introduce the topic or book they are writing about, state an opinion, supply reasons that support the opinion, use linking words (e.g., because, and, also) to connect opinion and reasons, and provide a concluding statement or section.",Connections to other DCIs in second grade: N/A,,5.PS1.B,https://www.cde.ca.gov/Ci/pl/ngssstandards.asp,,"Standard Identifier: 2-PS1-4
Grade: 2
Disciplinary Core Idea: PS1.B: Chemical Reactions
Cross Cutting Concept: CCC-2: Cause and Effect: Mechanism and Explanation
Science & Engineering Practice: SEP-7: Engaging in Argument From Science
Content Area: Physical Science

Title: 2-PS1 Matter and Its Interactions

Performance Expectation: Construct an argument with evidence that some changes caused by heating or cooling can be reversed and some cannot.  [Clarification Statement: Examples of reversible changes could include materials such as water and butter at different temperatures. Examples of irreversible changes could include cooking an egg, freezing a plant leaf, and heating paper.]

Disciplinary Core Idea(s):
PS1.B: Chemical Reactions
Heating or cooling a substance may cause changes that can be observed. Sometimes these changes are reversible, and sometimes they are not.

Science & Engineering Practices: Engaging in Argument from Evidence
Construct an argument with evidence to support a claim.

Connections to Nature of Science:

Science Models, Laws, Mechanisms, and Theories Explain Natural Phenomena 
Scientists search for cause and effect relationships to explain natural events.

Crosscutting Concepts: Cause and Effect
Events have causes that generate observable patterns.

California Environmental Principles and Concepts:
N/A

California Common Core State Standards Connections:
ELA/Literacy
RI.2.1: Ask and answer such questions as who, what, where, when, why, and how to demonstrate understanding of key details in a text.
RI.2.3: Describe the connection between a series of historical events, scientific ideas or concepts, or steps in technical procedures in a text.
RI.2.8: Describe how reasons support specific points the author makes in a text.
W.2.1: Write opinion pieces in which they introduce the topic or book they are writing about, state an opinion, supply reasons that support the opinion, use linking words (e.g., because, and, also) to connect opinion and reasons, and provide a concluding statement or section.

DCI Connections:
Connections to other DCIs in second grade: N/A

Articulation across grade-levels: 5.PS1.B
"
CA-NGSS-2013,K-2-ETS1-1,2,ETS1.A: Defining and Delimiting Engineering Problems,,SEP-1: Asking Questions and Defining Problems,"Engineering, Technology, and Applications of Science","K–2-ETS1 Engineering, Technology, and Applications of Science","Ask questions, make observations, and gather information about a situation people want to change to define a simple problem that can be solved through the development of a new or improved object or tool.","ETS1.A: Defining and Delimiting Engineering Problems
A situation that people want to change or create can be approached as a problem to be solved through engineering.

Asking questions, making observations, and gathering information are helpful in thinking about problems.

Before beginning to design a solution, it is important to clearly understand the problem.","Asking Questions and Defining Problems
Ask questions based on observations to find more information about the natural and/or designed world(s).
Define a simple problem that can be solved through the development of a new or improved object or tool.",N/A,"Principle V
Decisions affecting resources and natural systems are based on a wide range of considerations and decision-making processes.","ELA/Literacy
W.2.6: With guidance and support from adults, use a variety of digital tools to produce and publish writing, including in collaboration with peers.
W.2.8: Recall information from experiences or gather information from provided sources to answer a question.

Mathematics
MP.2: Reason abstractly and quantitatively.
MP.4: Model with mathematics.
MP.5: Use appropriate tools strategically.
2.MD.10: Draw a picture graph and a bar graph (with single-unit scale) to represent a data set with up to four categories. Solve simple put-together, take-apart, and compare problems using information presented in a bar graph.","Connections to K-2-ETS1.A: Defining and Delimiting Engineering Problems include:
Kindergarten: K-PS2-2; K-ESS3-2",3-5.ETS1.A; 3-5.ETS1.C,,https://www.cde.ca.gov/Ci/pl/ngssstandards.asp,,"Standard Identifier: K-2-ETS1-1
Grade: 2
Disciplinary Core Idea: ETS1.A: Defining and Delimiting Engineering Problems
Science & Engineering Practice: SEP-1: Asking Questions and Defining Problems
Content Area: Engineering, Technology, and Applications of Science

Title: K–2-ETS1 Engineering, Technology, and Applications of Science

Performance Expectation: Ask questions, make observations, and gather information about a situation people want to change to define a simple problem that can be solved through the development of a new or improved object or tool.

Disciplinary Core Idea(s):
ETS1.A: Defining and Delimiting Engineering Problems
A situation that people want to change or create can be approached as a problem to be solved through engineering.

Asking questions, making observations, and gathering information are helpful in thinking about problems.

Before beginning to design a solution, it is important to clearly understand the problem.

Science & Engineering Practices: Asking Questions and Defining Problems
Ask questions based on observations to find more information about the natural and/or designed world(s).
Define a simple problem that can be solved through the development of a new or improved object or tool.

Crosscutting Concepts: N/A

California Environmental Principles and Concepts:
Principle V
Decisions affecting resources and natural systems are based on a wide range of considerations and decision-making processes.

California Common Core State Standards Connections:
ELA/Literacy
W.2.6: With guidance and support from adults, use a variety of digital tools to produce and publish writing, including in collaboration with peers.
W.2.8: Recall information from experiences or gather information from provided sources to answer a question.

Mathematics
MP.2: Reason abstractly and quantitatively.
MP.4: Model with mathematics.
MP.5: Use appropriate tools strategically.
2.MD.10: Draw a picture graph and a bar graph (with single-unit scale) to represent a data set with up to four categories. Solve simple put-together, take-apart, and compare problems using information presented in a bar graph.

DCI Connections:
Connections to K-2-ETS1.A: Defining and Delimiting Engineering Problems include:
Kindergarten: K-PS2-2; K-ESS3-2

Articulation across grade-bands: 3-5.ETS1.A; 3-5.ETS1.C
"
CA-NGSS-2013,K-2-ETS1-2,2,ETS1.B: Developing Possible Solutions,CCC-6: Structure and Function,SEP-2: Developing and Using Models,"Engineering, Technology, and Applications of Science","K–2-ETS1 Engineering, Technology, and Applications of Science","Develop a simple sketch, drawing, or physical model to illustrate how the shape of an object helps it function as needed to solve a given problem.","ETS1.B: Developing Possible Solutions
Designs can be conveyed through sketches, drawings, or physical models. These representations are useful in communicating ideas for a problem’s solutions to other people.","Developing and Using Models
Develop a simple model based on evidence to represent a proposed object or tool.","Structure and Function
The shape and stability of structures of natural and designed objects are related to their function(s).","Principle V
Decisions affecting resources and natural systems are based on a wide range of considerations and decision-making processes.","ELA/Literacy
SL.2.5: Create audio recordings of stories or poems; add drawings or other visual displays to stories or recounts of experiences when appropriate to clarify ideas, thoughts, and feelings.","Connections to K-2-ETS1.B: Developing Possible Solutions to Problems include:
Kindergarten: K-ESS3-3
First Grade: 1-PS4-4
Second Grade:  2-LS2-2",3-5.ETS1.A ; 3-5.ETS1.B ; 3-5.ETS1.C,,https://www.cde.ca.gov/Ci/pl/ngssstandards.asp,,"Standard Identifier: K-2-ETS1-2
Grade: 2
Disciplinary Core Idea: ETS1.B: Developing Possible Solutions
Cross Cutting Concept: CCC-6: Structure and Function
Science & Engineering Practice: SEP-2: Developing and Using Models
Content Area: Engineering, Technology, and Applications of Science

Title: K–2-ETS1 Engineering, Technology, and Applications of Science

Performance Expectation: Develop a simple sketch, drawing, or physical model to illustrate how the shape of an object helps it function as needed to solve a given problem.

Disciplinary Core Idea(s):
ETS1.B: Developing Possible Solutions
Designs can be conveyed through sketches, drawings, or physical models. These representations are useful in communicating ideas for a problem’s solutions to other people.

Science & Engineering Practices: Developing and Using Models
Develop a simple model based on evidence to represent a proposed object or tool.

Crosscutting Concepts: Structure and Function
The shape and stability of structures of natural and designed objects are related to their function(s).

California Environmental Principles and Concepts:
Principle V
Decisions affecting resources and natural systems are based on a wide range of considerations and decision-making processes.

California Common Core State Standards Connections:
ELA/Literacy
SL.2.5: Create audio recordings of stories or poems; add drawings or other visual displays to stories or recounts of experiences when appropriate to clarify ideas, thoughts, and feelings.

DCI Connections:
Connections to K-2-ETS1.B: Developing Possible Solutions to Problems include:
Kindergarten: K-ESS3-3
First Grade: 1-PS4-4
Second Grade:  2-LS2-2

Articulation across grade-bands:   3-5.ETS1.A ; 3-5.ETS1.B ; 3-5.ETS1.C
"
CA-NGSS-2013,K-2-ETS1-3,2,ETS1.C: Optimizing the Design Solution,,SEP-4: Analyzing and Interpreting Data,"Engineering, Technology, and Applications of Science","K–2-ETS1 Engineering, Technology, and Applications of Science",Analyze data from tests of two objects designed to solve the same problem to compare the strengths and weaknesses of how each performs.,"ETS1.C: Optimizing the Design Solution
Because there is always more than one possible solution to a problem, it is useful to compare and test designs.","Analyzing and Interpreting Data
Analyze data from tests of an object or tool to determine if it works as intended.",N/A,"Principle V
Decisions affecting resources and natural systems are based on a wide range of considerations and decision-making processes.","ELA/Literacy
W.2.6: With guidance and support from adults, use a variety of digital tools to produce and publish writing, including in collaboration with peers.
W.2.8: Recall information from experiences or gather information from provided sources to answer a question.

Mathematics
MP.2: Reason abstractly and quantitatively.
MP.4: Model with mathematics.
MP.5: Use appropriate tools strategically.
2.MD.10: Draw a picture graph and a bar graph (with single-unit scale) to represent a data set with up to four categories. Solve simple put-together, take-apart, and compare problems using information presented in a bar graph.","Connections to K-2-ETS1.C: Optimizing the Design Solution include:
Second Grade: 2-ESS2-1",3-5.ETS1.A; 3-5.ETS1.B; 3-5.ETS1.C,,https://www.cde.ca.gov/Ci/pl/ngssstandards.asp,,"Standard Identifier: K-2-ETS1-3
Grade: 2
Disciplinary Core Idea: ETS1.C: Optimizing the Design Solution
Science & Engineering Practice: SEP-4: Analyzing and Interpreting Data
Content Area: Engineering, Technology, and Applications of Science

Title: K–2-ETS1 Engineering, Technology, and Applications of Science

Performance Expectation: Analyze data from tests of two objects designed to solve the same problem to compare the strengths and weaknesses of how each performs.

Disciplinary Core Idea(s):
ETS1.C: Optimizing the Design Solution
Because there is always more than one possible solution to a problem, it is useful to compare and test designs.

Science & Engineering Practices: Analyzing and Interpreting Data
Analyze data from tests of an object or tool to determine if it works as intended.

Crosscutting Concepts: N/A

California Environmental Principles and Concepts:
Principle V
Decisions affecting resources and natural systems are based on a wide range of considerations and decision-making processes.

California Common Core State Standards Connections:
ELA/Literacy
W.2.6: With guidance and support from adults, use a variety of digital tools to produce and publish writing, including in collaboration with peers.
W.2.8: Recall information from experiences or gather information from provided sources to answer a question.

Mathematics
MP.2: Reason abstractly and quantitatively.
MP.4: Model with mathematics.
MP.5: Use appropriate tools strategically.
2.MD.10: Draw a picture graph and a bar graph (with single-unit scale) to represent a data set with up to four categories. Solve simple put-together, take-apart, and compare problems using information presented in a bar graph.

DCI Connections:
Connections to K-2-ETS1.C: Optimizing the Design Solution include:
Second Grade: 2-ESS2-1

Articulation across grade-bands: 3-5.ETS1.A; 3-5.ETS1.B; 3-5.ETS1.C
"
CA-NGSS-2013,3-5-ETS1-1,3,ETS1.A: Defining and Delimiting Engineering Problems,,SEP-1: Asking Questions and Defining Problems,"Engineering, Technology, and Applications of Science","3–5-ETS1 Engineering, Technology, and Applications of Science","Define a simple design problem reflecting a need or a want that includes specified criteria for success and constraints on materials, time, or cost.","ETS1.A: Defining and Delimiting Engineering Problems
Possible solutions to a problem are limited by available materials and resources (constraints). The success of a designed solution is determined by considering the desired features of a solution (criteria). Different proposals for solutions can be compared on the basis of how well each one meets the specified criteria for success or how well each takes the constraints into account.","Asking Questions and Defining Problems 
Define a simple design problem that can be solved through the development of an object, tool, process, or system and includes several criteria for success and constraints on materials, time, or cost.","Influence of Engineering, Technology, and Science on Society and the Natural World
People’s needs and wants change over time, as do their demands for new and improved technologies.","Principle V
Decisions affecting resources and natural systems are based on a wide range of considerations and decision-making processes.","ELA/Literacy
W.5.7:  Conduct short research projects that use several sources to build knowledge through investigation of different aspects of a topic.
W.5.8:  Recall relevant information from experiences or gather relevant information from print and digital sources; summarize or paraphrase information in notes and finished work, and provide a list of sources. 
W.5.9.a,b: Draw evidence from literary or informational texts to support analysis, reflection, and research.

Mathematics
MP.2: Reason abstractly and quantitatively.
MP.4: Model with mathematics. 
MP.5: Use appropriate tools strategically.
3.OA.1-4: Represent and solve problems involving multiplication and division. 
3.OA.5-6: Understand properties of multiplication and the relationship between multiplication and division. 
3.OA.7: Multiply and divide within 100.
3.OA.8-9: Solve problems involving the four operations, and identify and explain patterns in arithmetic. 
4.OA.1-3: Use the four operations with whole numbers to solve problems. 
4.OA.4: Gain familiarity with factors and multiples. 
4.OA.5: Generate and analyze patterns. 
5.OA.1-2.1: Write and interpret numerical expressions. 
5.OA.3: Analyze patterns and relationships.","Connections to 3-5-ETS1.A: Defining and Delimiting Engineering Problems include:
Fourth Grade: 4-PS3-4",K-2.ETS1.A; MS.ETS1.A; MS.ETS1.B,,https://www.cde.ca.gov/Ci/pl/ngssstandards.asp,,"Standard Identifier: 3-5-ETS1-1
Grade: 3
Disciplinary Core Idea: ETS1.A: Defining and Delimiting Engineering Problems
Science & Engineering Practice: SEP-1: Asking Questions and Defining Problems
Content Area: Engineering, Technology, and Applications of Science

Title: 3–5-ETS1 Engineering, Technology, and Applications of Science

Performance Expectation: Define a simple design problem reflecting a need or a want that includes specified criteria for success and constraints on materials, time, or cost. 

Disciplinary Core Idea(s):
ETS1.A: Defining and Delimiting Engineering Problems
Possible solutions to a problem are limited by available materials and resources (constraints). The success of a designed solution is determined by considering the desired features of a solution (criteria). Different proposals for solutions can be compared on the basis of how well each one meets the specified criteria for success or how well each takes the constraints into account.

Science & Engineering Practices: Asking Questions and Defining Problems 
Define a simple design problem that can be solved through the development of an object, tool, process, or system and includes several criteria for success and constraints on materials, time, or cost.

Crosscutting Concepts: Influence of Engineering, Technology, and Science on Society and the Natural World
People’s needs and wants change over time, as do their demands for new and improved technologies.

California Environmental Principles and Concepts:
Principle V
Decisions affecting resources and natural systems are based on a wide range of considerations and decision-making processes.

California Common Core State Standards Connections:
ELA/Literacy
W.5.7:  Conduct short research projects that use several sources to build knowledge through investigation of different aspects of a topic.
W.5.8:  Recall relevant information from experiences or gather relevant information from print and digital sources; summarize or paraphrase information in notes and finished work, and provide a list of sources. 
W.5.9.a,b: Draw evidence from literary or informational texts to support analysis, reflection, and research.

Mathematics
MP.2: Reason abstractly and quantitatively.
MP.4: Model with mathematics. 
MP.5: Use appropriate tools strategically.
3.OA.1-4: Represent and solve problems involving multiplication and division. 
3.OA.5-6: Understand properties of multiplication and the relationship between multiplication and division. 
3.OA.7: Multiply and divide within 100.
3.OA.8-9: Solve problems involving the four operations, and identify and explain patterns in arithmetic. 
4.OA.1-3: Use the four operations with whole numbers to solve problems. 
4.OA.4: Gain familiarity with factors and multiples. 
4.OA.5: Generate and analyze patterns. 
5.OA.1-2.1: Write and interpret numerical expressions. 
5.OA.3: Analyze patterns and relationships.

DCI Connections:
Connections to 3-5-ETS1.A: Defining and Delimiting Engineering Problems include:
Fourth Grade: 4-PS3-4

Articulation across grade-bands: K-2.ETS1.A; MS.ETS1.A; MS.ETS1.B
"
CA-NGSS-2013,3-5-ETS1-2,3,ETS1.B: Developing Possible Solutions,,SEP-6: Constructing Explanations and Designing Solutions,"Engineering, Technology, and Applications of Science","3–5-ETS1 Engineering, Technology, and Applications of Science",Generate and compare multiple possible solutions to a problem based on how well each is likely to meet the criteria and constraints of the problem.,"ETS1.B: Developing Possible Solutions
Research on a problem should be carried out before beginning to design a solution. Testing a solution involves investigating how well it performs under a range of likely conditions. At whatever stage, communicating with peers about proposed solutions is an important part of the design process, and shared ideas can lead to improved designs.","Constructing Explanations and Designing Solutions 
Generate and compare multiple solutions to a problem based on how well they meet the criteria and constraints of the design problem.","Influence of Engineering, Technology, and Science on Society and the Natural World
Engineers improve existing technologies or develop new ones to increase their benefits, decrease known risks, and meet societal demands.","Principle V
Decisions affecting resources and natural systems are based on a wide range of considerations and decision-making processes.","ELA/Literacy
RI.5.1: Quote accurately from a text when explaining what the text says explicitly and when drawing inferences from the text.
RI.5.7: Draw on information from multiple print or digital sources, demonstrating the ability to locate an answer to a question quickly or to solve a problem efficiently.
RI.5.9:  Integrate information from several texts on the same topic in order to write or speak about the subject knowledgeably.

Mathematics
MP.2: Reason abstractly and quantitatively.
MP.4: Model with mathematics. 
MP.5: Use appropriate tools strategically.
3.OA.1-4: Represent and solve problems involving multiplication and division. 
3.OA.5-6: Understand properties of multiplication and the relationship between multiplication and division. 
3.OA.7: Multiply and divide within 100. 
3.OA.8-9: Solve problems involving the four operations, and identify and explain patterns in arithmetic. 
4.OA.1-3: Use the four operations with whole numbers to solve problems. 
4.OA.4: Gain familiarity with factors and multiples. 
4.OA.5: Generate and analyze patterns. 
5.OA.1-2.1: Write and interpret numerical expressions. 
5.OA.3: Analyze patterns and relationships.","Connections to 3-5-ETS1.B: Developing Possible Solutions Problems include:
Fourth Grade: 4-ESS3-2",K-2.ETS1.A; K-2.ETS1.B; K-2.ETS1.C; MS.ETS1.B; MS.ETS1.C,,https://www.cde.ca.gov/Ci/pl/ngssstandards.asp,,"Standard Identifier: 3-5-ETS1-2
Grade: 3
Disciplinary Core Idea: ETS1.B: Developing Possible Solutions
Science & Engineering Practice: SEP-6: Constructing Explanations and Designing Solutions
Content Area: Engineering, Technology, and Applications of Science

Title: 3–5-ETS1 Engineering, Technology, and Applications of Science

Performance Expectation: Generate and compare multiple possible solutions to a problem based on how well each is likely to meet the criteria and constraints of the problem. 

Disciplinary Core Idea(s):
ETS1.B: Developing Possible Solutions
Research on a problem should be carried out before beginning to design a solution. Testing a solution involves investigating how well it performs under a range of likely conditions. At whatever stage, communicating with peers about proposed solutions is an important part of the design process, and shared ideas can lead to improved designs.

Science & Engineering Practices: Constructing Explanations and Designing Solutions 
Generate and compare multiple solutions to a problem based on how well they meet the criteria and constraints of the design problem.

Crosscutting Concepts: Influence of Engineering, Technology, and Science on Society and the Natural World
Engineers improve existing technologies or develop new ones to increase their benefits, decrease known risks, and meet societal demands.

California Environmental Principles and Concepts:
Principle V
Decisions affecting resources and natural systems are based on a wide range of considerations and decision-making processes.

California Common Core State Standards Connections:
ELA/Literacy
RI.5.1: Quote accurately from a text when explaining what the text says explicitly and when drawing inferences from the text.
RI.5.7: Draw on information from multiple print or digital sources, demonstrating the ability to locate an answer to a question quickly or to solve a problem efficiently.
RI.5.9:  Integrate information from several texts on the same topic in order to write or speak about the subject knowledgeably.

Mathematics
MP.2: Reason abstractly and quantitatively.
MP.4: Model with mathematics. 
MP.5: Use appropriate tools strategically.
3.OA.1-4: Represent and solve problems involving multiplication and division. 
3.OA.5-6: Understand properties of multiplication and the relationship between multiplication and division. 
3.OA.7: Multiply and divide within 100. 
3.OA.8-9: Solve problems involving the four operations, and identify and explain patterns in arithmetic. 
4.OA.1-3: Use the four operations with whole numbers to solve problems. 
4.OA.4: Gain familiarity with factors and multiples. 
4.OA.5: Generate and analyze patterns. 
5.OA.1-2.1: Write and interpret numerical expressions. 
5.OA.3: Analyze patterns and relationships.

DCI Connections:
Connections to 3-5-ETS1.B: Developing Possible Solutions Problems include:
Fourth Grade: 4-ESS3-2

Articulation across grade-bands: K-2.ETS1.A; K-2.ETS1.B; K-2.ETS1.C; MS.ETS1.B; MS.ETS1.C
"
CA-NGSS-2013,3-5-ETS1-3,3,"ETS1.B: Developing Possible Solutions, ETS1.C: Optimizing the Design Solution",,SEP-3: Planning and Carrying Out Investigations,"Engineering, Technology, and Applications of Science","3–5-ETS1 Engineering, Technology, and Applications of Science",Plan and carry out fair tests in which variables are controlled and failure points are considered to identify aspects of a model or prototype that can be improved.,"ETS1.B: Developing Possible Solutions
Tests are often designed to identify failure points or difficulties, which suggest the elements of the design that need to be improved.

ETS1.C: Optimizing the Design Solution
Different solutions need to be tested in order to determine which of them best solves the problem, given the criteria and the constraints.","Planning and Carrying Out Investigations 
Plan and conduct an investigation collaboratively to produce data to serve as the basis for evidence, using fair tests in which variables are controlled and the number of trials considered.",N/A,"Principle V
Decisions affecting resources and natural systems are based on a wide range of considerations and decision-making processes.","ELA/Literacy
W.5.7: Conduct short research projects that use several sources to build knowledge through investigation of different aspects of a topic.
W.5.8: Recall relevant information from experiences or gather relevant information from print and digital sources; summarize or paraphrase information in notes and finished work, and provide a list of sources. 
W.5.9: Draw evidence from literary or informational texts to support analysis, reflection, and research.   

Mathematics
MP.2: Reason abstractly and quantitatively.
MP.4: Model with mathematics. 
MP.5: Use appropriate tools strategically.","Connections to 3-5-ETS1.B: Developing Possible Solutions Problems include:
Fourth Grade: 4-ESS3-2

Connections to K-2-ETS1.C: Optimizing the Design Solution include:
Fourth Grade: 4-PS4-3",K-2.ETS1.A; K-2.ETS1.C; MS.ETS1.B; MS.ETS1.C,,https://www.cde.ca.gov/Ci/pl/ngssstandards.asp,,"Standard Identifier: 3-5-ETS1-3
Grade: 3
Disciplinary Core Idea: ETS1.B: Developing Possible Solutions, ETS1.C: Optimizing the Design Solution
Science & Engineering Practice: SEP-3: Planning and Carrying Out Investigations
Content Area: Engineering, Technology, and Applications of Science

Title: 3–5-ETS1 Engineering, Technology, and Applications of Science

Performance Expectation: Plan and carry out fair tests in which variables are controlled and failure points are considered to identify aspects of a model or prototype that can be improved.

Disciplinary Core Idea(s):
ETS1.B: Developing Possible Solutions
Tests are often designed to identify failure points or difficulties, which suggest the elements of the design that need to be improved.

ETS1.C: Optimizing the Design Solution
Different solutions need to be tested in order to determine which of them best solves the problem, given the criteria and the constraints.

Science & Engineering Practices: Planning and Carrying Out Investigations 
Plan and conduct an investigation collaboratively to produce data to serve as the basis for evidence, using fair tests in which variables are controlled and the number of trials considered.

Crosscutting Concepts: N/A

California Environmental Principles and Concepts:
Principle V
Decisions affecting resources and natural systems are based on a wide range of considerations and decision-making processes.

California Common Core State Standards Connections:
ELA/Literacy
W.5.7: Conduct short research projects that use several sources to build knowledge through investigation of different aspects of a topic.
W.5.8: Recall relevant information from experiences or gather relevant information from print and digital sources; summarize or paraphrase information in notes and finished work, and provide a list of sources. 
W.5.9: Draw evidence from literary or informational texts to support analysis, reflection, and research.   

Mathematics
MP.2: Reason abstractly and quantitatively.
MP.4: Model with mathematics. 
MP.5: Use appropriate tools strategically.

DCI Connections:
Connections to 3-5-ETS1.B: Developing Possible Solutions Problems include:
Fourth Grade: 4-ESS3-2

Connections to K-2-ETS1.C: Optimizing the Design Solution include:
Fourth Grade: 4-PS4-3

Articulation across grade-bands: K-2.ETS1.A; K-2.ETS1.C; MS.ETS1.B; MS.ETS1.C
"
CA-NGSS-2013,3-ESS2-1,3,ESS2.D: Weather and Climate,CCC-1: Patterns,SEP-4: Analyzing and Interpreting Data,Earth and Space Science,3-ESS2 Earth’s Systems,"Represent data in tables and graphical displays to describe typical weather conditions expected during a particular season.  [Clarification Statement: Examples of data could include average temperature, precipitation, and wind direction.] [Assessment Boundary: Assessment of graphical displays is limited to pictographs and bar graphs. Assessment does not include climate change.]","ESS2.D: Weather and Climate
Scientists record patterns of the weather across different times and areas so that they can make predictions about what kind of weather might happen next.","Analyzing and Interpreting Data
Represent data in tables and various graphical displays (bar graphs and pictographs) to reveal patterns that indicate relationships.","Patterns
Patterns of change can be used to make predictions.",N/A,"Mathematics
MP.2: Reason abstractly and quantitatively.
MP.4: Model with mathematics. 
MP.5: Use appropriate tools strategically.
3.MD.2: Measure and estimate liquid volumes and masses of objects using standard units of grams (g), kilograms (kg), and liters (l). Add, subtract, multiply, or divide to solve one-step word problems involving masses or volumes that are given in the same units, e.g., by using drawings (such as a beaker with a measurement scale) to represent the problem.
3.MD.3: Draw a scaled picture graph and a scaled bar graph to represent a data set with several categories. Solve one- and two-step “how many more” and “how many less” problems using information presented in bar graphs.",Connections to other DCIs in third grade: N/A,,K.ESS2.D; 4.ESS2.A; 5.ESS2.A; MS.ESS2.C; MS.ESS2.D,https://www.cde.ca.gov/Ci/pl/ngssstandards.asp,,"Standard Identifier: 3-ESS2-1
Grade: 3
Disciplinary Core Idea: ESS2.D: Weather and Climate
Cross Cutting Concept: CCC-1: Patterns
Science & Engineering Practice: SEP-4: Analyzing and Interpreting Data
Content Area: Earth and Space Science

Title: 3-ESS2 Earth’s Systems

Performance Expectation:  Represent data in tables and graphical displays to describe typical weather conditions expected during a particular season.  [Clarification Statement: Examples of data could include average temperature, precipitation, and wind direction.] [Assessment Boundary: Assessment of graphical displays is limited to pictographs and bar graphs. Assessment does not include climate change.] 

Disciplinary Core Idea(s):
ESS2.D: Weather and Climate
Scientists record patterns of the weather across different times and areas so that they can make predictions about what kind of weather might happen next.

Science & Engineering Practices: Analyzing and Interpreting Data
Represent data in tables and various graphical displays (bar graphs and pictographs) to reveal patterns that indicate relationships.

Crosscutting Concepts: Patterns
Patterns of change can be used to make predictions.

California Environmental Principles and Concepts:
N/A

California Common Core State Standards Connections:
Mathematics
MP.2: Reason abstractly and quantitatively.
MP.4: Model with mathematics. 
MP.5: Use appropriate tools strategically.
3.MD.2: Measure and estimate liquid volumes and masses of objects using standard units of grams (g), kilograms (kg), and liters (l). Add, subtract, multiply, or divide to solve one-step word problems involving masses or volumes that are given in the same units, e.g., by using drawings (such as a beaker with a measurement scale) to represent the problem.
3.MD.3: Draw a scaled picture graph and a scaled bar graph to represent a data set with several categories. Solve one- and two-step “how many more” and “how many less” problems using information presented in bar graphs.

DCI Connections:
Connections to other DCIs in third grade: N/A

Articulation across grade-levels: K.ESS2.D; 4.ESS2.A; 5.ESS2.A; MS.ESS2.C; MS.ESS2.D
"
CA-NGSS-2013,3-ESS2-2,3,ESS2.D: Weather and Climate,CCC-1: Patterns,"SEP-8: Obtaining, Evaluating, and Communicating Information",Earth and Space Science,3-ESS2 Earth’s Systems,Obtain and combine information to describe climates in different regions of the world.,"ESS2.D: Weather and Climate
Climate describes a range of an area's typical weather conditions and the extent to which those conditions vary over years.","Obtaining, Evaluating, and Communicating Information
Obtain and combine information from books and other reliable media to explain phenomena.","Patterns
Patterns of change can be used to make predictions.",N/A,"ELA/Literacy
RI.3.1: Ask and answer questions to demonstrate understanding of a text, referring explicitly to the text as the basis for the answers.
RI.3.9: Compare and contrast the most important points and key details presented in two texts on the same topic. 
W.3.8: Recall information from experiences or gather information from print and digital sources; take brief notes on sources and sort evidence into provided categories. 

Mathematics
MP.2: Reason abstractly and quantitatively.
MP.4: Model with mathematics.",Connections to other DCIs in third grade: N/A,,MS.ESS2.C; MS.ESS2.D,https://www.cde.ca.gov/Ci/pl/ngssstandards.asp,,"Standard Identifier: 3-ESS2-2
Grade: 3
Disciplinary Core Idea: ESS2.D: Weather and Climate
Cross Cutting Concept: CCC-1: Patterns
Science & Engineering Practice: SEP-8: Obtaining, Evaluating, and Communicating Information
Content Area: Earth and Space Science

Title: 3-ESS2 Earth’s Systems

Performance Expectation: Obtain and combine information to describe climates in different regions of the world.

Disciplinary Core Idea(s):
ESS2.D: Weather and Climate
Climate describes a range of an area's typical weather conditions and the extent to which those conditions vary over years.

Science & Engineering Practices: Obtaining, Evaluating, and Communicating Information
Obtain and combine information from books and other reliable media to explain phenomena.

Crosscutting Concepts: Patterns
Patterns of change can be used to make predictions.

California Environmental Principles and Concepts:
N/A

California Common Core State Standards Connections:
ELA/Literacy
RI.3.1: Ask and answer questions to demonstrate understanding of a text, referring explicitly to the text as the basis for the answers.
RI.3.9: Compare and contrast the most important points and key details presented in two texts on the same topic. 
W.3.8: Recall information from experiences or gather information from print and digital sources; take brief notes on sources and sort evidence into provided categories. 

Mathematics
MP.2: Reason abstractly and quantitatively.
MP.4: Model with mathematics.

DCI Connections:
Connections to other DCIs in third grade: N/A

Articulation across grade-levels: MS.ESS2.C; MS.ESS2.D
"
CA-NGSS-2013,3-ESS3-1,3,ESS3.B: Natural Hazards,CCC-2: Cause and Effect: Mechanism and Explanation,SEP-7: Engaging in Argument From Science,Earth and Space Science,3-ESS3 Earth and Human Activity,"Make a claim about the merit of a design solution that reduces the impacts of a weather-related hazard.*  [Clarification Statement: Examples of design solutions to weather-related hazards could include barriers to prevent flooding, wind resistant roofs, and lightning rods.]","ESS3.B: Natural Hazards
A variety of natural hazards result from natural processes. Humans cannot eliminate natural hazards but can take steps to reduce their impacts. (Note: This Disciplinary Core Idea is also addressed by 4-ESS3-2.)","Engaging in Argument from Evidence
Make a claim about the merit of a solution to a problem by citing relevant evidence about how it meets the criteria and constraints of the problem.","Cause and Effect
Cause and effect relationships are routinely identified, tested, and used to explain change.

Connections to Engineering, Technology, and Applications of Science:

Influence of Engineering, Technology, and Science on Society and the Natural World 
Engineers improve existing technologies or develop new ones to increase their benefits (e.g., better artificial limbs), decrease known risks (e.g., seatbelts in cars), and meet societal demands (e.g., cell phones).

Connections to Nature of Science:

Science is a Human Endeavor 
Science affects everyday life.",N/A,"ELA/Literacy
W.3.1.a–d: Write opinion pieces on topics or texts, supporting a point of view with reasons. 
W.3.7: Conduct short research projects that build knowledge about a topic.

Mathematics
MP.2: Reason abstractly and quantitatively.
MP.4: Model with mathematics.",Connections to other DCIs in third grade: N/A,,K.ESS3.B; K.ETS1.A; 4.ESS3.B; 4.ETS1.A; MS.ESS3.B,https://www.cde.ca.gov/Ci/pl/ngssstandards.asp,,"Standard Identifier: 3-ESS3-1
Grade: 3
Disciplinary Core Idea: ESS3.B: Natural Hazards
Cross Cutting Concept: CCC-2: Cause and Effect: Mechanism and Explanation
Science & Engineering Practice: SEP-7: Engaging in Argument From Science
Content Area: Earth and Space Science

Title: 3-ESS3 Earth and Human Activity

Performance Expectation: Make a claim about the merit of a design solution that reduces the impacts of a weather-related hazard.*  [Clarification Statement: Examples of design solutions to weather-related hazards could include barriers to prevent flooding, wind resistant roofs, and lightning rods.]

Disciplinary Core Idea(s):
ESS3.B: Natural Hazards
A variety of natural hazards result from natural processes. Humans cannot eliminate natural hazards but can take steps to reduce their impacts. (Note: This Disciplinary Core Idea is also addressed by 4-ESS3-2.)

Science & Engineering Practices: Engaging in Argument from Evidence
Make a claim about the merit of a solution to a problem by citing relevant evidence about how it meets the criteria and constraints of the problem.

Crosscutting Concepts: Cause and Effect
Cause and effect relationships are routinely identified, tested, and used to explain change.

Connections to Engineering, Technology, and Applications of Science:

Influence of Engineering, Technology, and Science on Society and the Natural World 
Engineers improve existing technologies or develop new ones to increase their benefits (e.g., better artificial limbs), decrease known risks (e.g., seatbelts in cars), and meet societal demands (e.g., cell phones).

Connections to Nature of Science:

Science is a Human Endeavor 
Science affects everyday life.

California Environmental Principles and Concepts:
N/A

California Common Core State Standards Connections:
ELA/Literacy
W.3.1.a–d: Write opinion pieces on topics or texts, supporting a point of view with reasons. 
W.3.7: Conduct short research projects that build knowledge about a topic.

Mathematics
MP.2: Reason abstractly and quantitatively.
MP.4: Model with mathematics.

DCI Connections:
Connections to other DCIs in third grade: N/A

Articulation across grade-levels: K.ESS3.B; K.ETS1.A; 4.ESS3.B; 4.ETS1.A; MS.ESS3.B
"
CA-NGSS-2013,3-LS1-1,3,LS1.B: Growth and Development of Organisms,CCC-1: Patterns,SEP-2: Developing and Using Models,Life Science,3-LS1 From Molecules to Organisms: Structures and Processes,"Develop models to describe that organisms have unique and diverse life cycles but all have in common birth, growth, reproduction, and death.  [Clarification Statement: Changes organisms go through during their life form a pattern.] [Assessment Boundary: Assessment of plant life cycles is limited to those of flowering plants. Assessment does not include details of human reproduction.]","LS1.B: Growth and Development of Organisms
Reproduction is essential to the continued existence of every kind of organism. Plants and animals have unique and diverse life cycles.","Developing and Using Models
Develop models to describe phenomena.

Connections to Nature of Science:

Scientific Knowledge is Based on Empirical Evidence
Science findings are based on recognizing patterns.","Patterns
Patterns of change can be used to make predictions.","Principle III
Natural systems proceed through cycles that humans depend upon, benefit from, and can alter.","ELA/Literacy
RI.3.7: Use information gained from illustrations (e.g., maps, photographs) and the words in a text to demonstrate understanding of the text (e.g., where, when, why, and how key events occur). 
SL.3.5: Create engaging audio recordings of stories or poems that demonstrate fluid reading at an understandable pace; add visual displays when appropriate to emphasize or enhance certain facts or details.

Mathematics
MP.4: Model with mathematics.
3.NBT.1-3: Use place value understanding and properties of operations to perform multi-digit arithmetic.
3.NF.1-3: Develop understanding of fractions as numbers.",Connections to other DCIs in third grade: N/A,,MS.LS1.B,https://www.cde.ca.gov/Ci/pl/ngssstandards.asp,,"Standard Identifier: 3-LS1-1
Grade: 3
Disciplinary Core Idea: LS1.B: Growth and Development of Organisms
Cross Cutting Concept: CCC-1: Patterns
Science & Engineering Practice: SEP-2: Developing and Using Models
Content Area: Life Science

Title: 3-LS1 From Molecules to Organisms: Structures and Processes

Performance Expectation: Develop models to describe that organisms have unique and diverse life cycles but all have in common birth, growth, reproduction, and death.  [Clarification Statement: Changes organisms go through during their life form a pattern.] [Assessment Boundary: Assessment of plant life cycles is limited to those of flowering plants. Assessment does not include details of human reproduction.]

Disciplinary Core Idea(s):
LS1.B: Growth and Development of Organisms
Reproduction is essential to the continued existence of every kind of organism. Plants and animals have unique and diverse life cycles.

Science & Engineering Practices: Developing and Using Models
Develop models to describe phenomena.

Connections to Nature of Science:

Scientific Knowledge is Based on Empirical Evidence
Science findings are based on recognizing patterns.

Crosscutting Concepts: Patterns
Patterns of change can be used to make predictions.

California Environmental Principles and Concepts:
Principle III
Natural systems proceed through cycles that humans depend upon, benefit from, and can alter.

California Common Core State Standards Connections:
ELA/Literacy
RI.3.7: Use information gained from illustrations (e.g., maps, photographs) and the words in a text to demonstrate understanding of the text (e.g., where, when, why, and how key events occur). 
SL.3.5: Create engaging audio recordings of stories or poems that demonstrate fluid reading at an understandable pace; add visual displays when appropriate to emphasize or enhance certain facts or details.

Mathematics
MP.4: Model with mathematics.
3.NBT.1-3: Use place value understanding and properties of operations to perform multi-digit arithmetic.
3.NF.1-3: Develop understanding of fractions as numbers.

DCI Connections:
Connections to other DCIs in third grade: N/A

Articulation across grade-levels: MS.LS1.B
"
CA-NGSS-2013,3-LS2-1,3,LS2.D: Social Interactions and Group Behavior,CCC-2: Cause and Effect: Mechanism and Explanation,SEP-7: Engaging in Argument From Science,Life Science,"3-LS2 Ecosystems: Interactions, Energy, and Dynamics",Construct an argument that some animals form groups that help members survive.,"LS2.D: Social Interactions and Group Behavior 
Being part of a group helps animals obtain food, defend themselves, and cope with changes. Groups may serve different functions and vary dramatically in size (Note: Moved from K–2).","Engaging in Argument from Evidence
Construct an argument with evidence, data, and/or a model.","Cause and Effect
Cause and effect relationships are routinely identified and used to explain change.",N/A,"ELA/Literacy
RI.3.1:  Ask and answer questions to demonstrate understanding of a text, referring explicitly to the text as the basis for the answers. 
RI.3.3:  Describe the relationship between a series of historical events, scientific ideas or concepts, or steps in technical procedures in a text, using language that pertains to time, sequence, and cause/effect. 
W.3.1.a–d: Write opinion pieces on topics or texts, supporting a point of view with reasons.
W.3.8: Recall information from experiences or gather information from print and digital sources; take brief notes on sources and sort evidence into provided categories.  

Mathematics
MP.4: Model with mathematics.
3.NBT.1-3: Use place value understanding and properties of operations to perform multi-digit arithmetic.",Connections to other DCIs in third grade: N/A,,1.LS1.B; MS.LS2.A,https://www.cde.ca.gov/Ci/pl/ngssstandards.asp,,"Standard Identifier: 3-LS2-1
Grade: 3
Disciplinary Core Idea: LS2.D: Social Interactions and Group Behavior
Cross Cutting Concept: CCC-2: Cause and Effect: Mechanism and Explanation
Science & Engineering Practice: SEP-7: Engaging in Argument From Science
Content Area: Life Science

Title: 3-LS2 Ecosystems: Interactions, Energy, and Dynamics

Performance Expectation: Construct an argument that some animals form groups that help members survive.  

Disciplinary Core Idea(s):
LS2.D: Social Interactions and Group Behavior 
Being part of a group helps animals obtain food, defend themselves, and cope with changes. Groups may serve different functions and vary dramatically in size (Note: Moved from K–2).

Science & Engineering Practices: Engaging in Argument from Evidence
Construct an argument with evidence, data, and/or a model.

Crosscutting Concepts: Cause and Effect
Cause and effect relationships are routinely identified and used to explain change.

California Environmental Principles and Concepts:
N/A

California Common Core State Standards Connections:
ELA/Literacy
RI.3.1:  Ask and answer questions to demonstrate understanding of a text, referring explicitly to the text as the basis for the answers. 
RI.3.3:  Describe the relationship between a series of historical events, scientific ideas or concepts, or steps in technical procedures in a text, using language that pertains to time, sequence, and cause/effect. 
W.3.1.a–d: Write opinion pieces on topics or texts, supporting a point of view with reasons.
W.3.8: Recall information from experiences or gather information from print and digital sources; take brief notes on sources and sort evidence into provided categories.  

Mathematics
MP.4: Model with mathematics.
3.NBT.1-3: Use place value understanding and properties of operations to perform multi-digit arithmetic.

DCI Connections:
Connections to other DCIs in third grade: N/A

Articulation across grade-levels: 1.LS1.B; MS.LS2.A
"
CA-NGSS-2013,3-LS3-1,3,"LS3.A: Inheritance of Traits, LS3.B: Variation of Traits",CCC-1: Patterns,SEP-4: Analyzing and Interpreting Data,Life Science,3-LS3 Heredity: Inheritance and Variation of Traits,"Analyze and interpret data to provide evidence that plants and animals have traits inherited from parents and that variation of these traits exists in a group of similar organisms.  [Clarification Statement: Patterns are the similarities and differences in traits shared between offspring and their parents, or among siblings. Emphasis is on organisms other than humans.] [Assessment Boundary: Assessment does not include genetic mechanisms of inheritance and prediction of traits. Assessment is limited to non-human examples.]","LS3.A: Inheritance of Traits
Many characteristics of organisms are inherited from their parents. 

LS3.B: Variation of Traits
Different organisms vary in how they look and function because they have different inherited information.","Analyzing and Interpreting Data
Analyze and interpret data to make sense of phenomena using logical reasoning.","Patterns
Similarities and differences in patterns can be used to sort and classify natural phenomena.","Principle II
The long-term functioning and health of terrestrial, freshwater, coastal, and marine ecosystems are influenced by their relationships with human societies.","ELA/Literacy
RI.3.1:  Ask and answer questions to demonstrate understanding of a text, referring explicitly to the text as the basis for the answers.
RI.3.2:  Determine the main idea of a text; recount the key details and explain how they support the main idea.
RI.3.3:  Describe the relationship between a series of historical events, scientific ideas or concepts, or steps in technical procedures in a text, using language that pertains to time, sequence, and cause/effect.
W.3.2.a–d: Write informative/explanatory texts to examine a topic and convey ideas and information clearly.
SL.3.4: Report on a topic or text, tell a story, or recount an experience with appropriate facts and relevant, descriptive details, speaking clearly at an understandable pace.
a. Plan and deliver an informative/explanatory presentation on a topic that: organizes ideas around major points of information, follows a logical sequence, includes supporting details, uses clear and specific vocabulary, and provides a strong conclusion.                

Mathematics
MP.4: Model with mathematics.
MP.2: Reason abstractly and quantitatively.
3.MD.4: Generate measurement data by measuring lengths using rulers marked with halves and fourths of an inch. Show the data by making a line plot, where the horizontal scale is marked off in appropriate units—whole numbers, halves, or quarters.",Connections to other DCIs in third grade: N/A,,1.LS3.A; 1.LS3.B; MS.LS3.A; MS.LS3.B,https://www.cde.ca.gov/Ci/pl/ngssstandards.asp,,"Standard Identifier: 3-LS3-1
Grade: 3
Disciplinary Core Idea: LS3.A: Inheritance of Traits, LS3.B: Variation of Traits
Cross Cutting Concept: CCC-1: Patterns
Science & Engineering Practice: SEP-4: Analyzing and Interpreting Data
Content Area: Life Science

Title: 3-LS3 Heredity: Inheritance and Variation of Traits

Performance Expectation: Analyze and interpret data to provide evidence that plants and animals have traits inherited from parents and that variation of these traits exists in a group of similar organisms.  [Clarification Statement: Patterns are the similarities and differences in traits shared between offspring and their parents, or among siblings. Emphasis is on organisms other than humans.] [Assessment Boundary: Assessment does not include genetic mechanisms of inheritance and prediction of traits. Assessment is limited to non-human examples.]

Disciplinary Core Idea(s):
LS3.A: Inheritance of Traits
Many characteristics of organisms are inherited from their parents. 

LS3.B: Variation of Traits
Different organisms vary in how they look and function because they have different inherited information.

Science & Engineering Practices: Analyzing and Interpreting Data
Analyze and interpret data to make sense of phenomena using logical reasoning.

Crosscutting Concepts: Patterns
Similarities and differences in patterns can be used to sort and classify natural phenomena.

California Environmental Principles and Concepts:
Principle II
The long-term functioning and health of terrestrial, freshwater, coastal, and marine ecosystems are influenced by their relationships with human societies.

California Common Core State Standards Connections:
ELA/Literacy
RI.3.1:  Ask and answer questions to demonstrate understanding of a text, referring explicitly to the text as the basis for the answers.
RI.3.2:  Determine the main idea of a text; recount the key details and explain how they support the main idea.
RI.3.3:  Describe the relationship between a series of historical events, scientific ideas or concepts, or steps in technical procedures in a text, using language that pertains to time, sequence, and cause/effect.
W.3.2.a–d: Write informative/explanatory texts to examine a topic and convey ideas and information clearly.
SL.3.4: Report on a topic or text, tell a story, or recount an experience with appropriate facts and relevant, descriptive details, speaking clearly at an understandable pace.
a. Plan and deliver an informative/explanatory presentation on a topic that: organizes ideas around major points of information, follows a logical sequence, includes supporting details, uses clear and specific vocabulary, and provides a strong conclusion.                

Mathematics
MP.4: Model with mathematics.
MP.2: Reason abstractly and quantitatively.
3.MD.4: Generate measurement data by measuring lengths using rulers marked with halves and fourths of an inch. Show the data by making a line plot, where the horizontal scale is marked off in appropriate units—whole numbers, halves, or quarters.

DCI Connections:
Connections to other DCIs in third grade: N/A

Articulation across grade-levels: 1.LS3.A; 1.LS3.B; MS.LS3.A; MS.LS3.B
"
CA-NGSS-2013,3-LS3-2,3,"LS3.A: Inheritance of Traits, LS3.B: Variation of Traits",CCC-2: Cause and Effect: Mechanism and Explanation,SEP-6: Constructing Explanations and Designing Solutions,Life Science,3-LS3 Heredity: Inheritance and Variation of Traits,"Use evidence to support the explanation that traits can be influenced by the environment.  [Clarification Statement: Examples of the environment affecting a trait could include normally tall plants grown with insufficient water are stunted; and, a pet dog that is given too much food and little exercise may become overweight.]","LS3.A: Inheritance of Traits
Other characteristics result from individuals’ interactions with the environment, which can range from diet to learning. Many characteristics involve both inheritance and environment. 

LS3.B: Variation of Traits
The environment also affects the traits that an organism develops.","Constructing Explanations and Designing Solutions
Use evidence (e.g., observations, patterns) to support an explanation.","Cause and Effect 
Cause and effect relationships are routinely identified and used to explain change.","Principle II
The long-term functioning and health of terrestrial, freshwater, coastal, and marine ecosystems are influenced by their relationships with human societies.","ELA/Literacy
RI.3.1:  Ask and answer questions to demonstrate understanding of a text, referring explicitly to the text as the basis for the answers.
RI.3.2:  Determine the main idea of a text; recount the key details and explain how they support the main idea.
RI.3.3:  Describe the relationship between a series of historical events, scientific ideas or concepts, or steps in technical procedures in a text, using language that pertains to time, sequence, and cause/effect.
W.3.2.a–d: Write informative/explanatory texts to examine a topic and convey ideas and information clearly. 
SL.3.4: Report on a topic or text, tell a story, or recount an experience with appropriate facts and relevant, descriptive details, speaking clearly at an understandable pace.
a. Plan and deliver an informative/explanatory presentation on a topic that: organizes ideas around major points of information, follows a logical sequence, includes supporting details, uses clear and specific vocabulary, and provides a strong conclusion. 

Mathematics
MP.4: Model with mathematics.
MP.2: Reason abstractly and quantitatively.
3.MD.4: Generate measurement data by measuring lengths using rulers marked with halves and fourths of an inch. Show the data by making a line plot, where the horizontal scale is marked off in appropriate units—whole numbers, halves, or quarters.",Connections to other DCIs in third grade: N/A,,MS.LS1.B,https://www.cde.ca.gov/Ci/pl/ngssstandards.asp,,"Standard Identifier: 3-LS3-2
Grade: 3
Disciplinary Core Idea: LS3.A: Inheritance of Traits, LS3.B: Variation of Traits
Cross Cutting Concept: CCC-2: Cause and Effect: Mechanism and Explanation
Science & Engineering Practice: SEP-6: Constructing Explanations and Designing Solutions
Content Area: Life Science

Title: 3-LS3 Heredity: Inheritance and Variation of Traits

Performance Expectation: Use evidence to support the explanation that traits can be influenced by the environment.  [Clarification Statement: Examples of the environment affecting a trait could include normally tall plants grown with insufficient water are stunted; and, a pet dog that is given too much food and little exercise may become overweight.]

Disciplinary Core Idea(s):
LS3.A: Inheritance of Traits
Other characteristics result from individuals’ interactions with the environment, which can range from diet to learning. Many characteristics involve both inheritance and environment. 

LS3.B: Variation of Traits
The environment also affects the traits that an organism develops.

Science & Engineering Practices: Constructing Explanations and Designing Solutions
Use evidence (e.g., observations, patterns) to support an explanation.

Crosscutting Concepts: Cause and Effect 
Cause and effect relationships are routinely identified and used to explain change.

California Environmental Principles and Concepts:
Principle II
The long-term functioning and health of terrestrial, freshwater, coastal, and marine ecosystems are influenced by their relationships with human societies.

California Common Core State Standards Connections:
ELA/Literacy
RI.3.1:  Ask and answer questions to demonstrate understanding of a text, referring explicitly to the text as the basis for the answers.
RI.3.2:  Determine the main idea of a text; recount the key details and explain how they support the main idea.
RI.3.3:  Describe the relationship between a series of historical events, scientific ideas or concepts, or steps in technical procedures in a text, using language that pertains to time, sequence, and cause/effect.
W.3.2.a–d: Write informative/explanatory texts to examine a topic and convey ideas and information clearly. 
SL.3.4: Report on a topic or text, tell a story, or recount an experience with appropriate facts and relevant, descriptive details, speaking clearly at an understandable pace.
a. Plan and deliver an informative/explanatory presentation on a topic that: organizes ideas around major points of information, follows a logical sequence, includes supporting details, uses clear and specific vocabulary, and provides a strong conclusion. 

Mathematics
MP.4: Model with mathematics.
MP.2: Reason abstractly and quantitatively.
3.MD.4: Generate measurement data by measuring lengths using rulers marked with halves and fourths of an inch. Show the data by making a line plot, where the horizontal scale is marked off in appropriate units—whole numbers, halves, or quarters.

DCI Connections:
Connections to other DCIs in third grade: N/A

Articulation across grade-levels: MS.LS1.B
"
CA-NGSS-2013,3-LS4-1,3,LS4.A: Evidence of Common Ancestry and Diversity,"CCC-3: Scale, Proportion, and Quantity",SEP-4: Analyzing and Interpreting Data,Life Science,3-LS4 Biological Evolution: Unity and Diversity,"Analyze and interpret data from fossils to provide evidence of the organisms and the environments in which they lived long ago.  [Clarification Statement: Examples of data could include type, size, and distributions of fossil organisms. Examples of fossils and environments could include marine fossils found on dry land, tropical plant fossils found in Arctic areas, and fossils of extinct organisms.] [Assessment Boundary: Assessment does not include identification of specific fossils or present plants and animals. Assessment is limited to major fossil types and relative ages.]","LS4.A: Evidence of Common Ancestry and Diversity
Some kinds of plants and animals that once lived on Earth are no longer found anywhere. (Note: moved from K-2)
Fossils provide evidence about the types of organisms that lived long ago and also about the nature of their environments.","Analyzing and Interpreting Data
Analyze and interpret data to make sense of phenomena using logical reasoning.","Scale, Proportion, and Quantity
Observable phenomena exist from very short to very long time periods. 

Connections to Nature of Science:

Scientific Knowledge Assumes an Order and Consistency in Natural Systems
Science assumes consistent patterns in natural systems.","Principle II
The long-term functioning and health of terrestrial, freshwater, coastal, and marine ecosystems are influenced by their relationships with human societies.","ELA/Literacy
RI.3.1.a–d: Ask and answer questions to demonstrate understanding of a text, referring explicitly to the text as the basis for the answers.  
RI.3.2.a–d: Determine the main idea of a text; recount the key details and explain how they support the main idea.
RI.3.3:  Describe the relationship between a series of historical events, scientific ideas or concepts, or steps in technical procedures in a text, using language that pertains to time, sequence, and cause/effect.
W.3.1:  Write opinion pieces on topics or texts, supporting a point of view with reasons. 
W.3.2: Write informative/explanatory texts to examine a topic and convey ideas and information clearly.
W.3.8: Recall information from experiences or gather information from print and digital sources; take brief notes on sources and sort evidence into provided categories.

Mathematics
MP.2: Reason abstractly and quantitatively. 
MP.4: Model with mathematics.
MP.5: Use appropriate tools strategically.
3.MD.4: Generate measurement data by measuring lengths using rulers marked with halves and fourths of an inch. Show the data by making a line plot, where the horizontal scale is marked off in appropriate units—whole numbers, halves, or quarters.",Connections to other DCIs in third grade: N/A,,4.ESS1.C; MS.LS2.A; MS.LS4.A; MS.ESS1.C; MS.ESS2.B,https://www.cde.ca.gov/Ci/pl/ngssstandards.asp,,"Standard Identifier: 3-LS4-1
Grade: 3
Disciplinary Core Idea: LS4.A: Evidence of Common Ancestry and Diversity
Cross Cutting Concept: CCC-3: Scale, Proportion, and Quantity
Science & Engineering Practice: SEP-4: Analyzing and Interpreting Data
Content Area: Life Science

Title: 3-LS4 Biological Evolution: Unity and Diversity

Performance Expectation: Analyze and interpret data from fossils to provide evidence of the organisms and the environments in which they lived long ago.  [Clarification Statement: Examples of data could include type, size, and distributions of fossil organisms. Examples of fossils and environments could include marine fossils found on dry land, tropical plant fossils found in Arctic areas, and fossils of extinct organisms.] [Assessment Boundary: Assessment does not include identification of specific fossils or present plants and animals. Assessment is limited to major fossil types and relative ages.]

Disciplinary Core Idea(s):
LS4.A: Evidence of Common Ancestry and Diversity
Some kinds of plants and animals that once lived on Earth are no longer found anywhere. (Note: moved from K-2)
Fossils provide evidence about the types of organisms that lived long ago and also about the nature of their environments.

Science & Engineering Practices: Analyzing and Interpreting Data
Analyze and interpret data to make sense of phenomena using logical reasoning.

Crosscutting Concepts: Scale, Proportion, and Quantity
Observable phenomena exist from very short to very long time periods. 

Connections to Nature of Science:

Scientific Knowledge Assumes an Order and Consistency in Natural Systems
Science assumes consistent patterns in natural systems.

California Environmental Principles and Concepts:
Principle II
The long-term functioning and health of terrestrial, freshwater, coastal, and marine ecosystems are influenced by their relationships with human societies.

California Common Core State Standards Connections:
ELA/Literacy
RI.3.1.a–d: Ask and answer questions to demonstrate understanding of a text, referring explicitly to the text as the basis for the answers.  
RI.3.2.a–d: Determine the main idea of a text; recount the key details and explain how they support the main idea.
RI.3.3:  Describe the relationship between a series of historical events, scientific ideas or concepts, or steps in technical procedures in a text, using language that pertains to time, sequence, and cause/effect.
W.3.1:  Write opinion pieces on topics or texts, supporting a point of view with reasons. 
W.3.2: Write informative/explanatory texts to examine a topic and convey ideas and information clearly.
W.3.8: Recall information from experiences or gather information from print and digital sources; take brief notes on sources and sort evidence into provided categories.

Mathematics
MP.2: Reason abstractly and quantitatively. 
MP.4: Model with mathematics.
MP.5: Use appropriate tools strategically.
3.MD.4: Generate measurement data by measuring lengths using rulers marked with halves and fourths of an inch. Show the data by making a line plot, where the horizontal scale is marked off in appropriate units—whole numbers, halves, or quarters.

DCI Connections:
Connections to other DCIs in third grade: N/A

Articulation across grade-levels: 4.ESS1.C; MS.LS2.A; MS.LS4.A; MS.ESS1.C; MS.ESS2.B
"
CA-NGSS-2013,3-LS4-2,3,LS4.B: Natural Selection,CCC-2: Cause and Effect: Mechanism and Explanation,SEP-6: Constructing Explanations and Designing Solutions,Life Science,3-LS4 Biological Evolution: Unity and Diversity,"Use evidence to construct an explanation for how the variations in characteristics among individuals of the same species may provide advantages in surviving, finding mates, and reproducing.  [Clarification Statement: Examples of cause and effect relationships could be plants that have larger thorns than other plants may be less likely to be eaten by predators; and, animals that have better camouflage coloration than other animals may be more likely to survive and therefore more likely to leave offspring.]","LS4.B: Natural Selection
Sometimes the differences in characteristics between individuals of the same species provide advantages in surviving, finding mates, and reproducing.","Constructing Explanations and Designing Solutions
Use evidence (e.g., observations, patterns) to construct an explanation.","Cause and Effect
Cause and effect relationships are routinely identified and used to explain change.","Principle II
The long-term functioning and health of terrestrial, freshwater, coastal, and marine ecosystems are influenced by their relationships with human societies.","ELA/Literacy
RI.3.1.a–d: Ask and answer questions to demonstrate understanding of a text, referring explicitly to the text as the basis for the answers. 
RI.3.2.a–d: Determine the main idea of a text; recount the key details and explain how they support the main idea.  
RI.3.3:  Describe the relationship between a series of historical events, scientific ideas or concepts, or steps in technical procedures in a text, using language that pertains to time, sequence, and cause/effect.
W.3.2: Write informative/explanatory texts to examine a topic and convey ideas and information clearly.
SL.3.4: Report on a topic or text, tell a story, or recount an experience with appropriate facts and relevant, descriptive details, speaking clearly at an understandable pace.
a. Plan and deliver an informative/explanatory presentation on a topic that: organizes ideas around major points of information, follows a logical sequence, includes supporting details, uses clear and specific vocabulary, and provides a strong conclusion. 

Mathematics
MP.2: Reason abstractly and quantitatively. 
MP.4: Model with mathematics.
3.MD.3: Draw a scaled picture graph and a scaled bar graph to represent a data set with several categories. Solve one- and two-step “how many more” and “how many less” problems using information presented in scaled bar graphs. For example, draw a bar graph in which each square in the bar graph might represent 5 pets.",Connections to other DCIs in third grade: 3.LS4.C,,MS.LS2.A; MS.LS3.B; MS.LS4.B,https://www.cde.ca.gov/Ci/pl/ngssstandards.asp,,"Standard Identifier: 3-LS4-2
Grade: 3
Disciplinary Core Idea: LS4.B: Natural Selection
Cross Cutting Concept: CCC-2: Cause and Effect: Mechanism and Explanation
Science & Engineering Practice: SEP-6: Constructing Explanations and Designing Solutions
Content Area: Life Science

Title: 3-LS4 Biological Evolution: Unity and Diversity

Performance Expectation: Use evidence to construct an explanation for how the variations in characteristics among individuals of the same species may provide advantages in surviving, finding mates, and reproducing.  [Clarification Statement: Examples of cause and effect relationships could be plants that have larger thorns than other plants may be less likely to be eaten by predators; and, animals that have better camouflage coloration than other animals may be more likely to survive and therefore more likely to leave offspring.]

Disciplinary Core Idea(s):
LS4.B: Natural Selection
Sometimes the differences in characteristics between individuals of the same species provide advantages in surviving, finding mates, and reproducing.

Science & Engineering Practices: Constructing Explanations and Designing Solutions
Use evidence (e.g., observations, patterns) to construct an explanation.

Crosscutting Concepts: Cause and Effect
Cause and effect relationships are routinely identified and used to explain change.

California Environmental Principles and Concepts:
Principle II
The long-term functioning and health of terrestrial, freshwater, coastal, and marine ecosystems are influenced by their relationships with human societies.

California Common Core State Standards Connections:
ELA/Literacy
RI.3.1.a–d: Ask and answer questions to demonstrate understanding of a text, referring explicitly to the text as the basis for the answers. 
RI.3.2.a–d: Determine the main idea of a text; recount the key details and explain how they support the main idea.  
RI.3.3:  Describe the relationship between a series of historical events, scientific ideas or concepts, or steps in technical procedures in a text, using language that pertains to time, sequence, and cause/effect.
W.3.2: Write informative/explanatory texts to examine a topic and convey ideas and information clearly.
SL.3.4: Report on a topic or text, tell a story, or recount an experience with appropriate facts and relevant, descriptive details, speaking clearly at an understandable pace.
a. Plan and deliver an informative/explanatory presentation on a topic that: organizes ideas around major points of information, follows a logical sequence, includes supporting details, uses clear and specific vocabulary, and provides a strong conclusion. 

Mathematics
MP.2: Reason abstractly and quantitatively. 
MP.4: Model with mathematics.
3.MD.3: Draw a scaled picture graph and a scaled bar graph to represent a data set with several categories. Solve one- and two-step “how many more” and “how many less” problems using information presented in scaled bar graphs. For example, draw a bar graph in which each square in the bar graph might represent 5 pets.

DCI Connections:
Connections to other DCIs in third grade: 3.LS4.C

Articulation across grade-levels: MS.LS2.A; MS.LS3.B; MS.LS4.B
"
CA-NGSS-2013,3-LS4-3,3,LS4.C: Adaptation,CCC-2: Cause and Effect: Mechanism and Explanation,SEP-7: Engaging in Argument From Science,Life Science,3-LS4 Biological Evolution: Unity and Diversity,"Construct an argument with evidence that in a particular habitat some organisms can survive well, some survive less well, and some cannot survive at all.  [Clarification Statement: Examples of evidence could include needs and characteristics of the organisms and habitats involved. The organisms and their habitat make up a system in which the parts depend on each other.]","LS4.C: Adaptation
For any particular environment, some kinds of organisms survive well, some survive less well, and some cannot survive at all.","Engaging in Argument from Evidence
Construct an argument with evidence.","Cause and Effect
Cause and effect relationships are routinely identified and used to explain change.","Principle II
The long-term functioning and health of terrestrial, freshwater, coastal, and marine ecosystems are influenced by their relationships with human societies.","ELA/Literacy
RI.3.1.a–d: Ask and answer questions to demonstrate understanding of a text, referring explicitly to the text as the basis for the answers.  
RI.3.2.a–d: Determine the main idea of a text; recount the key details and explain how they support the main idea. 
RI.3.3:  Describe the relationship between a series of historical events, scientific ideas or concepts, or steps in technical procedures in a text, using language that pertains to time, sequence, and cause/effect.
W.3.1:  Write opinion pieces on topics or texts, supporting a point of view with reasons. 
W.3.2: Write informative/explanatory texts to examine a topic and convey ideas and information clearly. 
SL.3.4: Report on a topic or text, tell a story, or recount an experience with appropriate facts and relevant, descriptive details, speaking clearly at an understandable pace.
a. Plan and deliver an informative/explanatory presentation on a topic that: organizes ideas around major points of information, follows a logical sequence, includes supporting details, uses clear and specific vocabulary, and provides a strong conclusion.

Mathematics
MP.2: Reason abstractly and quantitatively.
MP.4: Model with mathematics.
3.MD.3: Draw a scaled picture graph and a scaled bar graph to represent a data set with several categories. Solve one- and two-step “how many more” and “how many less” problems using information presented in scaled bar graphs. For example, draw a bar graph in which each square in the bar graph might represent 5 pets.",Connections to other DCIs in third grade: 3.ESS2.D,,K.ESS3.A; 2.LS2.A; 2.LS4.D; MS.LS2.A; MS.LS4.B; MS.LS4.C; MS.ESS1.C,https://www.cde.ca.gov/Ci/pl/ngssstandards.asp,,"Standard Identifier: 3-LS4-3
Grade: 3
Disciplinary Core Idea: LS4.C: Adaptation
Cross Cutting Concept: CCC-2: Cause and Effect: Mechanism and Explanation
Science & Engineering Practice: SEP-7: Engaging in Argument From Science
Content Area: Life Science

Title: 3-LS4 Biological Evolution: Unity and Diversity

Performance Expectation:  Construct an argument with evidence that in a particular habitat some organisms can survive well, some survive less well, and some cannot survive at all.  [Clarification Statement: Examples of evidence could include needs and characteristics of the organisms and habitats involved. The organisms and their habitat make up a system in which the parts depend on each other.] 

Disciplinary Core Idea(s):
LS4.C: Adaptation
For any particular environment, some kinds of organisms survive well, some survive less well, and some cannot survive at all.

Science & Engineering Practices: Engaging in Argument from Evidence
Construct an argument with evidence.

Crosscutting Concepts: Cause and Effect
Cause and effect relationships are routinely identified and used to explain change.

California Environmental Principles and Concepts:
Principle II
The long-term functioning and health of terrestrial, freshwater, coastal, and marine ecosystems are influenced by their relationships with human societies.

California Common Core State Standards Connections:
ELA/Literacy
RI.3.1.a–d: Ask and answer questions to demonstrate understanding of a text, referring explicitly to the text as the basis for the answers.  
RI.3.2.a–d: Determine the main idea of a text; recount the key details and explain how they support the main idea. 
RI.3.3:  Describe the relationship between a series of historical events, scientific ideas or concepts, or steps in technical procedures in a text, using language that pertains to time, sequence, and cause/effect.
W.3.1:  Write opinion pieces on topics or texts, supporting a point of view with reasons. 
W.3.2: Write informative/explanatory texts to examine a topic and convey ideas and information clearly. 
SL.3.4: Report on a topic or text, tell a story, or recount an experience with appropriate facts and relevant, descriptive details, speaking clearly at an understandable pace.
a. Plan and deliver an informative/explanatory presentation on a topic that: organizes ideas around major points of information, follows a logical sequence, includes supporting details, uses clear and specific vocabulary, and provides a strong conclusion.

Mathematics
MP.2: Reason abstractly and quantitatively.
MP.4: Model with mathematics.
3.MD.3: Draw a scaled picture graph and a scaled bar graph to represent a data set with several categories. Solve one- and two-step “how many more” and “how many less” problems using information presented in scaled bar graphs. For example, draw a bar graph in which each square in the bar graph might represent 5 pets.

DCI Connections:
Connections to other DCIs in third grade: 3.ESS2.D

Articulation across grade-levels: K.ESS3.A; 2.LS2.A; 2.LS4.D; MS.LS2.A; MS.LS4.B; MS.LS4.C; MS.ESS1.C
"
CA-NGSS-2013,3-LS4-4,3,LS4.D: Biodiversity and Humans,CCC-4: Systems and Systems Models,SEP-7: Engaging in Argument From Science,Life Science,3-LS4 Biological Evolution: Unity and Diversity,"Make a claim about the merit of a solution to a problem caused when the environment changes and the types of plants and animals that live there may change.*  [Clarification Statement: Examples of environmental changes could include changes in land characteristics, water distribution, temperature, food, and other organisms.] [Assessment Boundary: Assessment is limited to a single environmental change. Assessment does not include the greenhouse effect or climate change.]","LS4.D: Biodiversity and Humans
Populations live in a variety of habitats, and change in those habitats affects the organisms living there.","Engaging in Argument from Evidence
Make a claim about the merit of a solution to a problem by citing relevant evidence about how it meets the criteria and constraints of the problem.","Systems and System Models
A system can be described in terms of its components and their interactions.

Connections to Engineering, Technology, and Applications of Science:

Interdependence of Science, Engineering, and Technology
Knowledge of relevant scientific concepts and research findings is important in engineering.","Principle II
The long-term functioning and health of terrestrial, freshwater, coastal, and marine ecosystems are influenced by their relationships with human societies.","ELA/Literacy
RI.3.1.a–d: Ask and answer questions to demonstrate understanding of a text, referring explicitly to the text as the basis for the answers.
RI.3.2.a–d: Determine the main idea of a text; recount the key details and explain how they support the main idea. 
RI.3.3:  Describe the relationship between a series of historical events, scientific ideas or concepts, or steps in technical procedures in a text, using language that pertains to time, sequence, and cause/effect.
W.3.1:  Write opinion pieces on topics or texts, supporting a point of view with reasons. 
W.3.2: Write informative/explanatory texts to examine a topic and convey ideas and information clearly. 
SL.3.4: Report on a topic or text, tell a story, or recount an experience with appropriate facts and relevant, descriptive details, speaking clearly at an understandable pace.
 a. Plan and deliver an informative/explanatory presentation on a topic that: organizes ideas around major points of information, follows a logical sequence, includes supporting details, uses clear and specific vocabulary, and provides a strong conclusion.
              
Mathematics
MP.2: Reason abstractly and quantitatively. 
MP.4: Model with mathematics.",Connections to other DCIs in third grade: 3.ESS3.B,,K.ESS3.A; K.ETS1.A; 2.LS2.A; 2.LS4.D; 4.ESS3.B; 4.ETS1.A; MS.LS2.A; MS.LS2.C; MS.LS4.C; MS.ESS1.C; MS.ESS3.C,https://www.cde.ca.gov/Ci/pl/ngssstandards.asp,,"Standard Identifier: 3-LS4-4
Grade: 3
Disciplinary Core Idea: LS4.D: Biodiversity and Humans
Cross Cutting Concept: CCC-4: Systems and Systems Models
Science & Engineering Practice: SEP-7: Engaging in Argument From Science
Content Area: Life Science

Title: 3-LS4 Biological Evolution: Unity and Diversity

Performance Expectation: Make a claim about the merit of a solution to a problem caused when the environment changes and the types of plants and animals that live there may change.*  [Clarification Statement: Examples of environmental changes could include changes in land characteristics, water distribution, temperature, food, and other organisms.] [Assessment Boundary: Assessment is limited to a single environmental change. Assessment does not include the greenhouse effect or climate change.]

Disciplinary Core Idea(s):
LS4.D: Biodiversity and Humans
Populations live in a variety of habitats, and change in those habitats affects the organisms living there.

Science & Engineering Practices: Engaging in Argument from Evidence
Make a claim about the merit of a solution to a problem by citing relevant evidence about how it meets the criteria and constraints of the problem.

Crosscutting Concepts: Systems and System Models
A system can be described in terms of its components and their interactions.

Connections to Engineering, Technology, and Applications of Science:

Interdependence of Science, Engineering, and Technology
Knowledge of relevant scientific concepts and research findings is important in engineering.

California Environmental Principles and Concepts:
Principle II
The long-term functioning and health of terrestrial, freshwater, coastal, and marine ecosystems are influenced by their relationships with human societies.

California Common Core State Standards Connections:
ELA/Literacy
RI.3.1.a–d: Ask and answer questions to demonstrate understanding of a text, referring explicitly to the text as the basis for the answers.
RI.3.2.a–d: Determine the main idea of a text; recount the key details and explain how they support the main idea. 
RI.3.3:  Describe the relationship between a series of historical events, scientific ideas or concepts, or steps in technical procedures in a text, using language that pertains to time, sequence, and cause/effect.
W.3.1:  Write opinion pieces on topics or texts, supporting a point of view with reasons. 
W.3.2: Write informative/explanatory texts to examine a topic and convey ideas and information clearly. 
SL.3.4: Report on a topic or text, tell a story, or recount an experience with appropriate facts and relevant, descriptive details, speaking clearly at an understandable pace.
 a. Plan and deliver an informative/explanatory presentation on a topic that: organizes ideas around major points of information, follows a logical sequence, includes supporting details, uses clear and specific vocabulary, and provides a strong conclusion.
              
Mathematics
MP.2: Reason abstractly and quantitatively. 
MP.4: Model with mathematics.

DCI Connections:
Connections to other DCIs in third grade: 3.ESS3.B

Articulation across grade-levels: K.ESS3.A; K.ETS1.A; 2.LS2.A; 2.LS4.D; 4.ESS3.B; 4.ETS1.A; MS.LS2.A; MS.LS2.C; MS.LS4.C; MS.ESS1.C; MS.ESS3.C
"
CA-NGSS-2013,3-PS2-1,3,"PS2.A: Forces and Motion, PS2.B: Types of Interactions",CCC-2: Cause and Effect: Mechanism and Explanation,SEP-3: Planning and Carrying Out Investigations,Physical Science,3-PS2 Motion and Stability: Forces and Interactions,"Plan and conduct an investigation to provide evidence of the effects of balanced and unbalanced forces on the motion of an object.  [Clarification Statement: Examples could include an unbalanced force on one side of a ball can make it start moving; and, balanced forces pushing on a box from both sides will not produce any motion at all.] [Assessment Boundary: Assessment is limited to one variable at a time: number, size, or direction of forces. Assessment does not include quantitative force size, only qualitative and relative. Assessment is limited to gravity being addressed as a force that pulls objects down.]","PS2.A: Forces and Motion
Each force acts on one particular object and has both strength and a direction. An object at rest typically has multiple forces acting on it, but they add to give zero net force on the object. Forces that do not sum to zero can cause changes in the object’s speed or direction of motion. (Boundary: Qualitative and conceptual, but not quantitative addition of forces are used at this level.)

PS2.B: Types of Interactions 
Objects in contact exert forces on each other.","Planning and Carrying Out Investigations
Plan and conduct an investigation collaboratively to produce data to serve as the basis for evidence, using fair tests in which variables are controlled and the number of trials considered.

Connections to Nature of Science:

Scientific Investigations Use a Variety of Methods 
Science investigations use a variety of methods, tools, and techniques.","Cause and Effect
Cause and effect relationships are routinely identified.",N/A,"ELA/Literacy
RI.3.1: Ask and answer questions to demonstrate understanding of a text, referring explicitly to the text as the basis for the answers. 
W.3.7: Conduct short research projects that build knowledge about a topic.
W.3.8: Recall information from experiences or gather information from print and digital sources; take brief notes on sources and sort evidence into provided categories.  

Mathematics
MP.2: Reason abstractly and quantitatively.
MP.5: Use appropriate tools strategically. 
3.MD.2: Measure and estimate liquid volumes and masses of objects using standard units of grams (g), kilograms (kg), and liters (l).  Add, subtract, multiply, or divide to solve one-step word problems involving masses or volumes that are given in the same units, e.g., by using drawings (such as a beaker with a measurement scale) to represent the problem.",Connections to other DCIs in third grade: N/A,,K.PS2.A; K.PS2.B; K.PS3.C; 5.PS2.B; MS.PS2.A; MS.ESS1.B; MS.ESS2.C,https://www.cde.ca.gov/Ci/pl/ngssstandards.asp,,"Standard Identifier: 3-PS2-1
Grade: 3
Disciplinary Core Idea: PS2.A: Forces and Motion, PS2.B: Types of Interactions
Cross Cutting Concept: CCC-2: Cause and Effect: Mechanism and Explanation
Science & Engineering Practice: SEP-3: Planning and Carrying Out Investigations
Content Area: Physical Science

Title: 3-PS2 Motion and Stability: Forces and Interactions

Performance Expectation: Plan and conduct an investigation to provide evidence of the effects of balanced and unbalanced forces on the motion of an object.  [Clarification Statement: Examples could include an unbalanced force on one side of a ball can make it start moving; and, balanced forces pushing on a box from both sides will not produce any motion at all.] [Assessment Boundary: Assessment is limited to one variable at a time: number, size, or direction of forces. Assessment does not include quantitative force size, only qualitative and relative. Assessment is limited to gravity being addressed as a force that pulls objects down.]

Disciplinary Core Idea(s):
PS2.A: Forces and Motion
Each force acts on one particular object and has both strength and a direction. An object at rest typically has multiple forces acting on it, but they add to give zero net force on the object. Forces that do not sum to zero can cause changes in the object’s speed or direction of motion. (Boundary: Qualitative and conceptual, but not quantitative addition of forces are used at this level.)

PS2.B: Types of Interactions 
Objects in contact exert forces on each other.

Science & Engineering Practices: Planning and Carrying Out Investigations
Plan and conduct an investigation collaboratively to produce data to serve as the basis for evidence, using fair tests in which variables are controlled and the number of trials considered.

Connections to Nature of Science:

Scientific Investigations Use a Variety of Methods 
Science investigations use a variety of methods, tools, and techniques.

Crosscutting Concepts: Cause and Effect
Cause and effect relationships are routinely identified.

California Environmental Principles and Concepts:
N/A

California Common Core State Standards Connections:
ELA/Literacy
RI.3.1: Ask and answer questions to demonstrate understanding of a text, referring explicitly to the text as the basis for the answers. 
W.3.7: Conduct short research projects that build knowledge about a topic.
W.3.8: Recall information from experiences or gather information from print and digital sources; take brief notes on sources and sort evidence into provided categories.  

Mathematics
MP.2: Reason abstractly and quantitatively.
MP.5: Use appropriate tools strategically. 
3.MD.2: Measure and estimate liquid volumes and masses of objects using standard units of grams (g), kilograms (kg), and liters (l).  Add, subtract, multiply, or divide to solve one-step word problems involving masses or volumes that are given in the same units, e.g., by using drawings (such as a beaker with a measurement scale) to represent the problem.

DCI Connections:
Connections to other DCIs in third grade: N/A

Articulation across grade-levels: K.PS2.A; K.PS2.B; K.PS3.C; 5.PS2.B; MS.PS2.A; MS.ESS1.B; MS.ESS2.C
"
CA-NGSS-2013,3-PS2-2,3,PS2.A: Forces and Motion,CCC-1: Patterns,SEP-3: Planning and Carrying Out Investigations,Physical Science,3-PS2 Motion and Stability: Forces and Interactions,"Make observations and/or measurements of an object’s motion to provide evidence that a pattern can be used to predict future motion.  [Clarification Statement: Examples of motion with a predictable pattern could include a child swinging in a swing, a ball rolling back and forth in a bowl, and two children on a see-saw.] [Assessment Boundary: Assessment does not include technical terms such as period and frequency.]","PS2.A: Forces and Motion
The patterns of an object’s motion in various situations can be observed and measured; when that past motion exhibits a regular pattern, future motion can be predicted from it. (Boundary: Technical terms, such as magnitude, velocity, momentum, and vector quantity, are not introduced at this level, but the concept that some quantities need both size and direction to be described is developed.)","Planning and Carrying Out Investigations
Make observations and/or measurements to produce data to serve as the basis for evidence for an explanation of a phenomenon or test a design solution.

Connections to Nature of Science:

Science Knowledge is Based on Empirical Evidence
Science findings are based on recognizing patterns.","Patterns
Patterns of change can be used to make predictions.",N/A,"ELA/Literacy
W.3.7: Conduct short research projects that build knowledge about a topic.
W.3.8: Recall information from experiences or gather information from print and digital sources; take brief notes on sources and sort evidence into provided categories.",Connections to other DCIs in third grade: N/A,,1.ESS1.A; 4.PS4.A; MS.PS2.A; MS.ESS1.B,https://www.cde.ca.gov/Ci/pl/ngssstandards.asp,,"Standard Identifier: 3-PS2-2
Grade: 3
Disciplinary Core Idea: PS2.A: Forces and Motion
Cross Cutting Concept: CCC-1: Patterns
Science & Engineering Practice: SEP-3: Planning and Carrying Out Investigations
Content Area: Physical Science

Title: 3-PS2 Motion and Stability: Forces and Interactions

Performance Expectation: Make observations and/or measurements of an object’s motion to provide evidence that a pattern can be used to predict future motion.  [Clarification Statement: Examples of motion with a predictable pattern could include a child swinging in a swing, a ball rolling back and forth in a bowl, and two children on a see-saw.] [Assessment Boundary: Assessment does not include technical terms such as period and frequency.]

Disciplinary Core Idea(s):
PS2.A: Forces and Motion
The patterns of an object’s motion in various situations can be observed and measured; when that past motion exhibits a regular pattern, future motion can be predicted from it. (Boundary: Technical terms, such as magnitude, velocity, momentum, and vector quantity, are not introduced at this level, but the concept that some quantities need both size and direction to be described is developed.)

Science & Engineering Practices: Planning and Carrying Out Investigations
Make observations and/or measurements to produce data to serve as the basis for evidence for an explanation of a phenomenon or test a design solution.

Connections to Nature of Science:

Science Knowledge is Based on Empirical Evidence
Science findings are based on recognizing patterns.

Crosscutting Concepts: Patterns
Patterns of change can be used to make predictions.

California Environmental Principles and Concepts:
N/A

California Common Core State Standards Connections:
ELA/Literacy
W.3.7: Conduct short research projects that build knowledge about a topic.
W.3.8: Recall information from experiences or gather information from print and digital sources; take brief notes on sources and sort evidence into provided categories.

DCI Connections:
Connections to other DCIs in third grade: N/A

Articulation across grade-levels: 1.ESS1.A; 4.PS4.A; MS.PS2.A; MS.ESS1.B
"
CA-NGSS-2013,3-PS2-3,3,PS2.B: Types of Interactions,CCC-1: Patterns,SEP-1: Asking Questions and Defining Problems,Physical Science,3-PS2 Motion and Stability: Forces and Interactions,"Ask questions to determine cause and effect relationships of electric or magnetic interactions between two objects not in contact with each other.  [Clarification Statement: Examples of an electric force could include the force on hair from an electrically charged balloon and the electrical forces between a charged rod and pieces of paper; examples of a magnetic force could include the force between two permanent magnets, the force between an electromagnet and steel paperclips, and the force exerted by one magnet versus the force exerted by two magnets. Examples of cause and effect relationships could include how the distance between objects affects strength of the force and how the orientation of magnets affects the direction of the magnetic force.] [Assessment Boundary: Assessment is limited to forces produced by objects that can be manipulated by students, and electrical interactions are limited to static electricity.]","PS2.B: Types of Interactions 
Electric, and magnetic forces between a pair of objects do not require that the objects be in contact. The sizes of the forces in each situation depend on the properties of the objects and their distances apart and, for forces between two magnets, on their orientation relative to each other.","Asking Questions and Defining Problems
Ask questions that can be investigated based on patterns such as cause and effect relationships.","Cause and Effect
Cause and effect relationships are routinely identified, tested, and used to explain change.",N/A,"ELA/Literacy
RI.3.1: Ask and answer questions to demonstrate understanding of a text, referring explicitly to the text as the basis for the answers. 
RI.3.3: Describe the relationship between a series of historical events, scientific ideas or concepts, or steps in technical procedures in a text, using language that pertains to time, sequence, and cause/effect.
RI.3.8: Describe the logical connection between particular sentences and paragraphs in a text (e.g., comparison, cause/effect, first/second/third in a sequence).
SL.3.3: Ask and answer questions about information from a speaker, offering appropriate elaboration and detail.",Connections to other DCIs in third grade: N/A,,MS.PS2.B,https://www.cde.ca.gov/Ci/pl/ngssstandards.asp,,"Standard Identifier: 3-PS2-3
Grade: 3
Disciplinary Core Idea: PS2.B: Types of Interactions
Cross Cutting Concept: CCC-1: Patterns
Science & Engineering Practice: SEP-1: Asking Questions and Defining Problems
Content Area: Physical Science

Title: 3-PS2 Motion and Stability: Forces and Interactions

Performance Expectation: Ask questions to determine cause and effect relationships of electric or magnetic interactions between two objects not in contact with each other.  [Clarification Statement: Examples of an electric force could include the force on hair from an electrically charged balloon and the electrical forces between a charged rod and pieces of paper; examples of a magnetic force could include the force between two permanent magnets, the force between an electromagnet and steel paperclips, and the force exerted by one magnet versus the force exerted by two magnets. Examples of cause and effect relationships could include how the distance between objects affects strength of the force and how the orientation of magnets affects the direction of the magnetic force.] [Assessment Boundary: Assessment is limited to forces produced by objects that can be manipulated by students, and electrical interactions are limited to static electricity.]

Disciplinary Core Idea(s):
PS2.B: Types of Interactions 
Electric, and magnetic forces between a pair of objects do not require that the objects be in contact. The sizes of the forces in each situation depend on the properties of the objects and their distances apart and, for forces between two magnets, on their orientation relative to each other.

Science & Engineering Practices: Asking Questions and Defining Problems
Ask questions that can be investigated based on patterns such as cause and effect relationships.

Crosscutting Concepts: Cause and Effect
Cause and effect relationships are routinely identified, tested, and used to explain change.

California Environmental Principles and Concepts:
N/A

California Common Core State Standards Connections:
ELA/Literacy
RI.3.1: Ask and answer questions to demonstrate understanding of a text, referring explicitly to the text as the basis for the answers. 
RI.3.3: Describe the relationship between a series of historical events, scientific ideas or concepts, or steps in technical procedures in a text, using language that pertains to time, sequence, and cause/effect.
RI.3.8: Describe the logical connection between particular sentences and paragraphs in a text (e.g., comparison, cause/effect, first/second/third in a sequence).
SL.3.3: Ask and answer questions about information from a speaker, offering appropriate elaboration and detail.

DCI Connections:
Connections to other DCIs in third grade: N/A

Articulation across grade-levels: MS.PS2.B
"
CA-NGSS-2013,3-PS2-4,3,PS2.B: Types of Interactions,,SEP-1: Asking Questions and Defining Problems,Physical Science,3-PS2 Motion and Stability: Forces and Interactions,Define a simple design problem that can be solved by applying scientific ideas about magnets.*  [Clarification Statement: Examples of problems could include constructing a latch to keep a door shut and creating a device to keep two moving objects from touching each other.],"PS2.B: Types of Interactions 
Electric, and magnetic forces between a pair of objects do not require that the objects be in contact. The sizes of the forces in each situation depend on the properties of the objects and their distances apart and, for forces between two magnets, on their orientation relative to each other.","Asking Questions and Defining Problems
Define a simple problem that can be solved through the development of a new or improved object or tool.","Connections to Engineering, Technology, and Applications of Science:

Interdependence of Science, Engineering, and Technology
Scientific discoveries about the natural world can often lead to new and improved technologies, which are developed through the Engineering, Technology, and Applications of Science process.",N/A,N/A,Connections to other DCIs in third grade: N/A,,K.ETS1.A; 4.ETS1.A; MS.PS2.B,https://www.cde.ca.gov/Ci/pl/ngssstandards.asp,,"Standard Identifier: 3-PS2-4
Grade: 3
Disciplinary Core Idea: PS2.B: Types of Interactions
Science & Engineering Practice: SEP-1: Asking Questions and Defining Problems
Content Area: Physical Science

Title: 3-PS2 Motion and Stability: Forces and Interactions

Performance Expectation: Define a simple design problem that can be solved by applying scientific ideas about magnets.*  [Clarification Statement: Examples of problems could include constructing a latch to keep a door shut and creating a device to keep two moving objects from touching each other.]

Disciplinary Core Idea(s):
PS2.B: Types of Interactions 
Electric, and magnetic forces between a pair of objects do not require that the objects be in contact. The sizes of the forces in each situation depend on the properties of the objects and their distances apart and, for forces between two magnets, on their orientation relative to each other.

Science & Engineering Practices: Asking Questions and Defining Problems
Define a simple problem that can be solved through the development of a new or improved object or tool.

Crosscutting Concepts: Connections to Engineering, Technology, and Applications of Science:

Interdependence of Science, Engineering, and Technology
Scientific discoveries about the natural world can often lead to new and improved technologies, which are developed through the Engineering, Technology, and Applications of Science process.

California Environmental Principles and Concepts:
N/A

California Common Core State Standards Connections:
N/A

DCI Connections:
Connections to other DCIs in third grade: N/A

Articulation across grade-levels: K.ETS1.A; 4.ETS1.A; MS.PS2.B
"
CA-NGSS-2013,3-5-ETS1-1,4,ETS1.A: Defining and Delimiting Engineering Problems,,SEP-1: Asking Questions and Defining Problems,"Engineering, Technology, and Applications of Science","3–5-ETS1 Engineering, Technology, and Applications of Science","Define a simple design problem reflecting a need or a want that includes specified criteria for success and constraints on materials, time, or cost.","ETS1.A: Defining and Delimiting Engineering Problems
Possible solutions to a problem are limited by available materials and resources (constraints). The success of a designed solution is determined by considering the desired features of a solution (criteria). Different proposals for solutions can be compared on the basis of how well each one meets the specified criteria for success or how well each takes the constraints into account.","Asking Questions and Defining Problems 
Define a simple design problem that can be solved through the development of an object, tool, process, or system and includes several criteria for success and constraints on materials, time, or cost.","Influence of Engineering, Technology, and Science on Society and the Natural World
People’s needs and wants change over time, as do their demands for new and improved technologies.","Principle V
Decisions affecting resources and natural systems are based on a wide range of considerations and decision-making processes.","ELA/Literacy
W.5.7:  Conduct short research projects that use several sources to build knowledge through investigation of different aspects of a topic.
W.5.8:  Recall relevant information from experiences or gather relevant information from print and digital sources; summarize or paraphrase information in notes and finished work, and provide a list of sources. 
W.5.9.a-b: Draw evidence from literary or informational texts to support analysis, reflection, and research.

Mathematics
MP.2: Reason abstractly and quantitatively. 
MP.4: Model with mathematics. 
MP.5: Use appropriate tools strategically. 
3.OA.1-4: Represent and solve problems involving multiplication and division. 
3.OA.5-6: Understand properties of multiplication and the relationship between multiplication and division. 
3.OA.7: Multiply and divide within 100. 
3.OA.8-9: Solve problems involving the four operations, and identify and explain patterns in arithmetic. 
4.OA.1-3: Use the four operations with whole numbers to solve problems.  
4.OA.4: Gain familiarity with factors and multiples. 
4.OA.5: Generate and analyze patterns. 
5.OA.1-2.1: Write and interpret numerical expressions. 
5.OA.3: Analyze patterns and relationships.","Connections to 3-5-ETS1.A: Defining and Delimiting Engineering Problems include:
Fourth Grade: 4-PS3-4",K-2.ETS1.A; MS.ETS1.A; MS.ETS1.B,,https://www.cde.ca.gov/Ci/pl/ngssstandards.asp,,"Standard Identifier: 3-5-ETS1-1
Grade: 4
Disciplinary Core Idea: ETS1.A: Defining and Delimiting Engineering Problems
Science & Engineering Practice: SEP-1: Asking Questions and Defining Problems
Content Area: Engineering, Technology, and Applications of Science

Title: 3–5-ETS1 Engineering, Technology, and Applications of Science

Performance Expectation: Define a simple design problem reflecting a need or a want that includes specified criteria for success and constraints on materials, time, or cost. 

Disciplinary Core Idea(s):
ETS1.A: Defining and Delimiting Engineering Problems
Possible solutions to a problem are limited by available materials and resources (constraints). The success of a designed solution is determined by considering the desired features of a solution (criteria). Different proposals for solutions can be compared on the basis of how well each one meets the specified criteria for success or how well each takes the constraints into account.

Science & Engineering Practices: Asking Questions and Defining Problems 
Define a simple design problem that can be solved through the development of an object, tool, process, or system and includes several criteria for success and constraints on materials, time, or cost.

Crosscutting Concepts: Influence of Engineering, Technology, and Science on Society and the Natural World
People’s needs and wants change over time, as do their demands for new and improved technologies.

California Environmental Principles and Concepts:
Principle V
Decisions affecting resources and natural systems are based on a wide range of considerations and decision-making processes.

California Common Core State Standards Connections:
ELA/Literacy
W.5.7:  Conduct short research projects that use several sources to build knowledge through investigation of different aspects of a topic.
W.5.8:  Recall relevant information from experiences or gather relevant information from print and digital sources; summarize or paraphrase information in notes and finished work, and provide a list of sources. 
W.5.9.a-b: Draw evidence from literary or informational texts to support analysis, reflection, and research.

Mathematics
MP.2: Reason abstractly and quantitatively. 
MP.4: Model with mathematics. 
MP.5: Use appropriate tools strategically. 
3.OA.1-4: Represent and solve problems involving multiplication and division. 
3.OA.5-6: Understand properties of multiplication and the relationship between multiplication and division. 
3.OA.7: Multiply and divide within 100. 
3.OA.8-9: Solve problems involving the four operations, and identify and explain patterns in arithmetic. 
4.OA.1-3: Use the four operations with whole numbers to solve problems.  
4.OA.4: Gain familiarity with factors and multiples. 
4.OA.5: Generate and analyze patterns. 
5.OA.1-2.1: Write and interpret numerical expressions. 
5.OA.3: Analyze patterns and relationships.

DCI Connections:
Connections to 3-5-ETS1.A: Defining and Delimiting Engineering Problems include:
Fourth Grade: 4-PS3-4


Articulation across grade-bands: K-2.ETS1.A; MS.ETS1.A; MS.ETS1.B
"
CA-NGSS-2013,3-5-ETS1-2,4,ETS1.B: Developing Possible Solutions,,SEP-6: Constructing Explanations and Designing Solutions,"Engineering, Technology, and Applications of Science","3–5-ETS1 Engineering, Technology, and Applications of Science",Generate and compare multiple possible solutions to a problem based on how well each is likely to meet the criteria and constraints of the problem.,"ETS1.B: Developing Possible Solutions
Research on a problem should be carried out before beginning to design a solution.  Testing a solution involves investigating how well it performs under a range of likely conditions.  At whatever stage, communicating with peers about proposed solutions is an important part of the design process, and shared ideas can lead to improved designs.","Constructing Explanations and Designing Solutions 
Generate and compare multiple solutions to a problem based on how well they meet the criteria and constraints of the design problem.","Influence of Engineering, Technology, and Science on Society and the Natural World
Engineers improve existing technologies or develop new ones to increase their benefits, decrease known risks, and meet societal demands.","Principle V
Decisions affecting resources and natural systems are based on a wide range of considerations and decision-making processes.","ELA/Literacy
RI.5.1: Quote accurately from a text when explaining what the text says explicitly and when drawing inferences from the text.
RI.5.7: Draw on information from multiple print or digital sources, demonstrating the ability to locate an answer to a question quickly or to solve a problem efficiently.
RI.5.9:  Integrate information from several texts on the same topic in order to write or speak about the subject knowledgeably.

Mathematics
MP.2: Reason abstractly and quantitatively. 
MP.4: Model with mathematics. 
MP.5: Use appropriate tools strategically. 
3.OA.1-4: Represent and solve problems involving multiplication and division. 
3.OA.5-6: Understand properties of multiplication and the relationship between multiplication and division. 
3.OA.7: Multiply and divide within 100. 
3.OA.8-9: Solve problems involving the four operations, and identify and explain patterns in arithmetic. 
4.OA.1-3: Use the four operations with whole numbers to solve problems.  
4.OA.4: Gain familiarity with factors and multiples. 
4.OA.5: Generate and analyze patterns. 
5.OA.1-2.1: Write and interpret numerical expressions. 
5.OA.3: Analyze patterns and relationships.","Connections to 3-5-ETS1.B: Developing Possible Solutions Problems include:
Fourth Grade: 4-ESS3-2",K-2.ETS1.A; K-2.ETS1.B; K-2.ETS1.C; MS.ETS1.B; MS.ETS1.C,,https://www.cde.ca.gov/Ci/pl/ngssstandards.asp,,"Standard Identifier: 3-5-ETS1-2
Grade: 4
Disciplinary Core Idea: ETS1.B: Developing Possible Solutions
Science & Engineering Practice: SEP-6: Constructing Explanations and Designing Solutions
Content Area: Engineering, Technology, and Applications of Science

Title: 3–5-ETS1 Engineering, Technology, and Applications of Science

Performance Expectation: Generate and compare multiple possible solutions to a problem based on how well each is likely to meet the criteria and constraints of the problem. 

Disciplinary Core Idea(s):
ETS1.B: Developing Possible Solutions
Research on a problem should be carried out before beginning to design a solution.  Testing a solution involves investigating how well it performs under a range of likely conditions.  At whatever stage, communicating with peers about proposed solutions is an important part of the design process, and shared ideas can lead to improved designs.

Science & Engineering Practices: Constructing Explanations and Designing Solutions 
Generate and compare multiple solutions to a problem based on how well they meet the criteria and constraints of the design problem.

Crosscutting Concepts: Influence of Engineering, Technology, and Science on Society and the Natural World
Engineers improve existing technologies or develop new ones to increase their benefits, decrease known risks, and meet societal demands.

California Environmental Principles and Concepts:
Principle V
Decisions affecting resources and natural systems are based on a wide range of considerations and decision-making processes.

California Common Core State Standards Connections:
ELA/Literacy
RI.5.1: Quote accurately from a text when explaining what the text says explicitly and when drawing inferences from the text.
RI.5.7: Draw on information from multiple print or digital sources, demonstrating the ability to locate an answer to a question quickly or to solve a problem efficiently.
RI.5.9:  Integrate information from several texts on the same topic in order to write or speak about the subject knowledgeably.

Mathematics
MP.2: Reason abstractly and quantitatively. 
MP.4: Model with mathematics. 
MP.5: Use appropriate tools strategically. 
3.OA.1-4: Represent and solve problems involving multiplication and division. 
3.OA.5-6: Understand properties of multiplication and the relationship between multiplication and division. 
3.OA.7: Multiply and divide within 100. 
3.OA.8-9: Solve problems involving the four operations, and identify and explain patterns in arithmetic. 
4.OA.1-3: Use the four operations with whole numbers to solve problems.  
4.OA.4: Gain familiarity with factors and multiples. 
4.OA.5: Generate and analyze patterns. 
5.OA.1-2.1: Write and interpret numerical expressions. 
5.OA.3: Analyze patterns and relationships.

DCI Connections:
Connections to 3-5-ETS1.B: Developing Possible Solutions Problems include:
Fourth Grade: 4-ESS3-2

Articulation across grade-bands: K-2.ETS1.A; K-2.ETS1.B; K-2.ETS1.C; MS.ETS1.B; MS.ETS1.C
"
CA-NGSS-2013,3-5-ETS1-3,4,"ETS1.B: Developing Possible Solutions, ETS1.C: Optimizing the Design Solution",,SEP-3: Planning and Carrying Out Investigations,"Engineering, Technology, and Applications of Science","3–5-ETS1 Engineering, Technology, and Applications of Science",Plan and carry out fair tests in which variables are controlled and failure points are considered to identify aspects of a model or prototype that can be improved.,"ETS1.B: Developing Possible Solutions
Tests are often designed to identify failure points or difficulties, which suggest the elements of the design that need to be improved.

ETS1.C: Optimizing the Design Solution
Different solutions need to be tested in order to determine which of them best solves the problem, given the criteria and the constraints.","Planning and Carrying Out Investigations 
Plan and conduct an investigation collaboratively to produce data to serve as the basis for evidence, using fair tests in which variables are controlled and the number of trials considered.",N/A,"Principle V
Decisions affecting resources and natural systems are based on a wide range of considerations and decision-making processes.","ELA/Literacy
W.5.7: Conduct short research projects that use several sources to build knowledge through investigation of different aspects of a topic.
W.5.8: Recall relevant information from experiences or gather relevant information from print and digital sources; summarize or paraphrase information in notes and finished work, and provide a list of sources. 
W.5.9.a-b Draw evidence from literary or informational texts to support analysis, reflection, and research.   

Mathematics
MP.2: Reason abstractly and quantitatively.
MP.4: Model with mathematics. 
MP.5: Use appropriate tools strategically.","Connections to 3-5-ETS1.B: Developing Possible Solutions Problems include:
Fourth Grade: 4-ESS3-2

Connections to K-2-ETS1.C: Optimizing the Design Solution include:
Fourth Grade: 4-PS4-3",K-2.ETS1.A; K-2.ETS1.C; MS.ETS1.B; MS.ETS1.C,,https://www.cde.ca.gov/Ci/pl/ngssstandards.asp,,"Standard Identifier: 3-5-ETS1-3
Grade: 4
Disciplinary Core Idea: ETS1.B: Developing Possible Solutions, ETS1.C: Optimizing the Design Solution
Science & Engineering Practice: SEP-3: Planning and Carrying Out Investigations
Content Area: Engineering, Technology, and Applications of Science

Title: 3–5-ETS1 Engineering, Technology, and Applications of Science

Performance Expectation: Plan and carry out fair tests in which variables are controlled and failure points are considered to identify aspects of a model or prototype that can be improved.

Disciplinary Core Idea(s):
ETS1.B: Developing Possible Solutions
Tests are often designed to identify failure points or difficulties, which suggest the elements of the design that need to be improved.

ETS1.C: Optimizing the Design Solution
Different solutions need to be tested in order to determine which of them best solves the problem, given the criteria and the constraints.

Science & Engineering Practices: Planning and Carrying Out Investigations 
Plan and conduct an investigation collaboratively to produce data to serve as the basis for evidence, using fair tests in which variables are controlled and the number of trials considered.

Crosscutting Concepts: N/A

California Environmental Principles and Concepts:
Principle V
Decisions affecting resources and natural systems are based on a wide range of considerations and decision-making processes.

California Common Core State Standards Connections:
ELA/Literacy
W.5.7: Conduct short research projects that use several sources to build knowledge through investigation of different aspects of a topic.
W.5.8: Recall relevant information from experiences or gather relevant information from print and digital sources; summarize or paraphrase information in notes and finished work, and provide a list of sources. 
W.5.9.a-b Draw evidence from literary or informational texts to support analysis, reflection, and research.   

Mathematics
MP.2: Reason abstractly and quantitatively.
MP.4: Model with mathematics. 
MP.5: Use appropriate tools strategically.

DCI Connections:
Connections to 3-5-ETS1.B: Developing Possible Solutions Problems include:
Fourth Grade: 4-ESS3-2

Connections to K-2-ETS1.C: Optimizing the Design Solution include:
Fourth Grade: 4-PS4-3

Articulation across grade-bands: K-2.ETS1.A; K-2.ETS1.C; MS.ETS1.B; MS.ETS1.C
"
CA-NGSS-2013,4-ESS1-1,4,ESS1.C: The History of Planet Earth,CCC-1: Patterns,SEP-6: Constructing Explanations and Designing Solutions,Earth and Space Science,4-ESS1 Earth’s Place in the Universe,"Identify evidence from patterns in rock formations and fossils in rock layers to support an explanation for changes in a landscape over time.  [Clarification Statement: Examples of evidence from patterns could include rock layers with marine shell fossils above rock layers with plant fossils and no shells, indicating a change from land to water over time.] [Assessment Boundary: Assessment does not include specific knowledge of the mechanism of rock formation or memorization of specific rock formations and layers. Assessment is limited to relative time.]","ESS1.C: The History of Planet Earth
Local, regional, and global patterns of rock formations reveal changes over time due to earth forces, such as earthquakes. The presence and location of certain fossil types indicate the order in which rock layers were formed.","Constructing Explanations and Designing Solutions
Identify the evidence that supports particular points in an explanation.","Patterns
Patterns can be used as evidence to support an explanation.

Connections to Nature of Science:

Scientific Knowledge Assumes an Order and Consistency in Natural Systems
Science assumes consistent patterns in natural systems.",N/A,"ELA/Literacy
W.4.7: Conduct short research projects that build knowledge through investigation of different aspects of a topic.
W.4.8: Recall relevant information from experiences or gather relevant information from print and digital sources; take notes, paraphrase, and categorize information, and provide a list of sources.
W.4.9.a,b: Draw evidence from literary or informational texts to support analysis, reflection, and research. 

Mathematics
MP.2: Reason abstractly and quantitatively.
MP.4: Model with mathematics.
4.MD.1: Know relative sizes of measurement units within one system of units including km, m, cm; kg, g; lb, oz.; l, ml; hr, min, sec. Within a single system of measurement, express measurements in a larger unit in terms of a smaller unit. Record measurement equivalents in a two-column table. For example, know that 1 ft is 12 times as long as 1 in. Express the length of a 4ft snake as 48 in. Generate a conversion table for feet and inches listing the number pairs (1,12), (2,24), (3,36),...",Connections to other DCIs in fourth grade: N/A,,2.ESS1.C; 3.LS4.A; MS.LS4.A; MS.ESS1.C; MS.ESS2.A; MS.ESS2.B,https://www.cde.ca.gov/Ci/pl/ngssstandards.asp,,"Standard Identifier: 4-ESS1-1
Grade: 4
Disciplinary Core Idea: ESS1.C: The History of Planet Earth
Cross Cutting Concept: CCC-1: Patterns
Science & Engineering Practice: SEP-6: Constructing Explanations and Designing Solutions
Content Area: Earth and Space Science

Title: 4-ESS1 Earth’s Place in the Universe

Performance Expectation: Identify evidence from patterns in rock formations and fossils in rock layers to support an explanation for changes in a landscape over time.  [Clarification Statement: Examples of evidence from patterns could include rock layers with marine shell fossils above rock layers with plant fossils and no shells, indicating a change from land to water over time.] [Assessment Boundary: Assessment does not include specific knowledge of the mechanism of rock formation or memorization of specific rock formations and layers. Assessment is limited to relative time.]

Disciplinary Core Idea(s):
ESS1.C: The History of Planet Earth
Local, regional, and global patterns of rock formations reveal changes over time due to earth forces, such as earthquakes. The presence and location of certain fossil types indicate the order in which rock layers were formed.

Science & Engineering Practices: Constructing Explanations and Designing Solutions
Identify the evidence that supports particular points in an explanation.

Crosscutting Concepts: Patterns
Patterns can be used as evidence to support an explanation.

Connections to Nature of Science:

Scientific Knowledge Assumes an Order and Consistency in Natural Systems
Science assumes consistent patterns in natural systems.

California Environmental Principles and Concepts:
N/A

California Common Core State Standards Connections:
ELA/Literacy
W.4.7: Conduct short research projects that build knowledge through investigation of different aspects of a topic.
W.4.8: Recall relevant information from experiences or gather relevant information from print and digital sources; take notes, paraphrase, and categorize information, and provide a list of sources.
W.4.9.a,b: Draw evidence from literary or informational texts to support analysis, reflection, and research. 

Mathematics
MP.2: Reason abstractly and quantitatively.
MP.4: Model with mathematics.
4.MD.1: Know relative sizes of measurement units within one system of units including km, m, cm; kg, g; lb, oz.; l, ml; hr, min, sec. Within a single system of measurement, express measurements in a larger unit in terms of a smaller unit. Record measurement equivalents in a two-column table. For example, know that 1 ft is 12 times as long as 1 in. Express the length of a 4ft snake as 48 in. Generate a conversion table for feet and inches listing the number pairs (1,12), (2,24), (3,36),...

DCI Connections:
Connections to other DCIs in fourth grade: N/A

Articulation across grade-levels: 2.ESS1.C; 3.LS4.A; MS.LS4.A; MS.ESS1.C; MS.ESS2.A; MS.ESS2.B
"
CA-NGSS-2013,4-ESS2-1,4,"ESS2.A: Earth Materials and Systems, ETS1.C: Optimizing the Design Solution",CCC-2: Cause and Effect: Mechanism and Explanation,SEP-3: Planning and Carrying Out Investigations,Earth and Space Science,4-ESS2 Earth’s Systems,"Make observations and/or measurements to provide evidence of the effects of weathering or the rate of erosion by water, ice, wind, or vegetation.  [Clarification Statement: Examples of variables to test could include angle of slope in the downhill movement of water, amount of vegetation, speed of wind, relative rate of deposition, cycles of freezing and thawing of water, cycles of heating and cooling, and volume of water flow.] [Assessment Boundary: Assessment is limited to a single form of weathering or erosion.]","ESS2.A: Earth Materials and Systems
Rainfall helps to shape the land and affects the types of living things found in a region. Water, ice, wind, living organisms, and gravity break rocks, soils, and sediments into smaller particles and move them around.

ESS2.E: Biogeology
Living things affect the physical characteristics of their regions.","Planning and Carrying Out Investigations
Make observations and/or measurements to produce data to serve as the basis for evidence for an explanation of a phenomenon.","Cause and Effect
Cause and effect relationships are routinely identified, tested, and used to explain change.",N/A,"ELA/Literacy
W4.7: Conduct short research projects that build knowledge through investigation of different aspects of a topic.
W.4.8: Recall relevant information from experiences or gather relevant information from print and digital sources; take notes, paraphrase, and categorize information, and provide a list of sources.

Mathematics
MP.2: Reason abstractly and quantitatively.
MP.4: Model with mathematics. 
MP.5: Use appropriate tools strategically.
4.MD.A.1: Know relative sizes of measurement units within one system of units including km, m, cm; kg, g; lb, oz.; l, ml; hr, min, sec. Within a single system of measurement, express measurements in a larger unit in terms of a smaller unit. Record measurement equivalents in a two-column table. For example, know that 1 ft is 12 times as long as 1 in.  Express the length of a 4 ft snake as 48 in. Generate a conversion table for feet and inches listing the number pairs (1,12), (2, 24), (3,36),...
4.MD.2: Use the four operations to solve word problems involving distances, intervals of time, liquid volumes, masses of objects, and money, including problems involving simple fractions or decimals, and problems that require expressing measurements given in a larger unit in terms of a smaller unit. Represent measurement quantities using diagrams such as number line diagrams that feature a measurement scale.",Connections to other DCIs in fourth grade: N/A,,2.ESS1.C; 2.ESS2.A; 5.ESS2.A,https://www.cde.ca.gov/Ci/pl/ngssstandards.asp,,"Standard Identifier: 4-ESS2-1
Grade: 4
Disciplinary Core Idea: ESS2.A: Earth Materials and Systems, ETS1.C: Optimizing the Design Solution
Cross Cutting Concept: CCC-2: Cause and Effect: Mechanism and Explanation
Science & Engineering Practice: SEP-3: Planning and Carrying Out Investigations
Content Area: Earth and Space Science

Title: 4-ESS2 Earth’s Systems

Performance Expectation:  Make observations and/or measurements to provide evidence of the effects of weathering or the rate of erosion by water, ice, wind, or vegetation.  [Clarification Statement: Examples of variables to test could include angle of slope in the downhill movement of water, amount of vegetation, speed of wind, relative rate of deposition, cycles of freezing and thawing of water, cycles of heating and cooling, and volume of water flow.] [Assessment Boundary: Assessment is limited to a single form of weathering or erosion.]

Disciplinary Core Idea(s):
ESS2.A: Earth Materials and Systems
Rainfall helps to shape the land and affects the types of living things found in a region. Water, ice, wind, living organisms, and gravity break rocks, soils, and sediments into smaller particles and move them around.

ESS2.E: Biogeology
Living things affect the physical characteristics of their regions.

Science & Engineering Practices: Planning and Carrying Out Investigations
Make observations and/or measurements to produce data to serve as the basis for evidence for an explanation of a phenomenon.

Crosscutting Concepts: Cause and Effect
Cause and effect relationships are routinely identified, tested, and used to explain change.

California Environmental Principles and Concepts:
N/A

California Common Core State Standards Connections:
ELA/Literacy
W4.7: Conduct short research projects that build knowledge through investigation of different aspects of a topic.
W.4.8: Recall relevant information from experiences or gather relevant information from print and digital sources; take notes, paraphrase, and categorize information, and provide a list of sources.

Mathematics
MP.2: Reason abstractly and quantitatively.
MP.4: Model with mathematics. 
MP.5: Use appropriate tools strategically.
4.MD.A.1: Know relative sizes of measurement units within one system of units including km, m, cm; kg, g; lb, oz.; l, ml; hr, min, sec. Within a single system of measurement, express measurements in a larger unit in terms of a smaller unit. Record measurement equivalents in a two-column table. For example, know that 1 ft is 12 times as long as 1 in.  Express the length of a 4 ft snake as 48 in. Generate a conversion table for feet and inches listing the number pairs (1,12), (2, 24), (3,36),...
4.MD.2: Use the four operations to solve word problems involving distances, intervals of time, liquid volumes, masses of objects, and money, including problems involving simple fractions or decimals, and problems that require expressing measurements given in a larger unit in terms of a smaller unit. Represent measurement quantities using diagrams such as number line diagrams that feature a measurement scale.

DCI Connections:
Connections to other DCIs in fourth grade: N/A

Articulation across grade-levels: 2.ESS1.C; 2.ESS2.A; 5.ESS2.A
"
CA-NGSS-2013,4-ESS2-2,4,ESS2.B: Plate Tectonics and Large-Scale System Interactions,CCC-1: Patterns,SEP-4: Analyzing and Interpreting Data,Earth and Space Science,4-ESS2 Earth’s Systems,"Analyze and interpret data from maps to describe patterns of Earth’s features.  [Clarification Statement: Maps can include topographic maps of Earth’s land and ocean floor, as well as maps of the locations of mountains, continental boundaries, volcanoes, and earthquakes.]","ESS2.B: Plate Tectonics and Large-Scale System Interactions
The locations of mountain ranges, deep ocean trenches, ocean floor structures, earthquakes, and volcanoes occur in patterns. Most earthquakes and volcanoes occur in bands that are often along the boundaries between continents and oceans. Major mountain chains form inside continents or near their edges. Maps can help locate the different land and water features areas of Earth.","Analyzing and Interpreting Data
Analyze and interpret data to make sense of phenomena using logical reasoning.","Patterns
Patterns can be used as evidence to support an explanation.",N/A,"ELA/Literacy
RI.4.7: Interpret information presented visually, orally, or quantitatively (e.g., in charts, graphs, diagrams, time lines, animations, or interactive elements on Web pages) and explain how the information contributes to an understanding of the text in which it appears.

Mathematics
4.MD.2: Use the four operations to solve word problems involving distances, intervals of time, liquid volumes, masses of objects, and money, including problems involving simple fractions or decimals, and problems that require expressing measurements given in a larger unit in terms of a smaller unit. Represent measurement quantities using diagrams such as number line diagrams that feature a measurement scale.",Connections to other DCIs in fourth grade: N/A,,2.ESS2.B; 2.ESS2.C; 5.ESS2.C; MS.ESS1.C; MS.ESS2.A; MS.ESS2.B,https://www.cde.ca.gov/Ci/pl/ngssstandards.asp,,"Standard Identifier: 4-ESS2-2
Grade: 4
Disciplinary Core Idea: ESS2.B: Plate Tectonics and Large-Scale System Interactions
Cross Cutting Concept: CCC-1: Patterns
Science & Engineering Practice: SEP-4: Analyzing and Interpreting Data
Content Area: Earth and Space Science

Title: 4-ESS2 Earth’s Systems

Performance Expectation:  Analyze and interpret data from maps to describe patterns of Earth’s features.  [Clarification Statement: Maps can include topographic maps of Earth’s land and ocean floor, as well as maps of the locations of mountains, continental boundaries, volcanoes, and earthquakes.]

Disciplinary Core Idea(s):
ESS2.B: Plate Tectonics and Large-Scale System Interactions
The locations of mountain ranges, deep ocean trenches, ocean floor structures, earthquakes, and volcanoes occur in patterns. Most earthquakes and volcanoes occur in bands that are often along the boundaries between continents and oceans. Major mountain chains form inside continents or near their edges. Maps can help locate the different land and water features areas of Earth.

Science & Engineering Practices: Analyzing and Interpreting Data
Analyze and interpret data to make sense of phenomena using logical reasoning.

Crosscutting Concepts: Patterns
Patterns can be used as evidence to support an explanation.

California Environmental Principles and Concepts:
N/A

California Common Core State Standards Connections:
ELA/Literacy
RI.4.7: Interpret information presented visually, orally, or quantitatively (e.g., in charts, graphs, diagrams, time lines, animations, or interactive elements on Web pages) and explain how the information contributes to an understanding of the text in which it appears.

Mathematics
4.MD.2: Use the four operations to solve word problems involving distances, intervals of time, liquid volumes, masses of objects, and money, including problems involving simple fractions or decimals, and problems that require expressing measurements given in a larger unit in terms of a smaller unit. Represent measurement quantities using diagrams such as number line diagrams that feature a measurement scale.

DCI Connections:
Connections to other DCIs in fourth grade: N/A

Articulation across grade-levels: 2.ESS2.B; 2.ESS2.C; 5.ESS2.C; MS.ESS1.C; MS.ESS2.A; MS.ESS2.B
"
CA-NGSS-2013,4-ESS3-1,4,ESS3.A: Natural Resources,CCC-2: Cause and Effect: Mechanism and Explanation,"SEP-8: Obtaining, Evaluating, and Communicating Information",Earth and Space Science,4-ESS3 Earth and Human Activity,"Obtain and combine information to describe that energy and fuels are derived from natural resources and that their uses affect the environment.  [Clarification Statement: Examples of renewable energy resources could include wind energy, water behind dams, and sunlight; non-renewable energy resources are fossil fuels and fissile materials. Examples of environmental effects could include loss of habitat due to dams, loss of habitat due to surface mining, and air pollution from burning of fossil fuels.]","ESS3.A: Natural Resources 
Energy and fuels that humans use are derived from natural sources, and their use affects the environment in multiple ways. Some resources are renewable over time, and others are not.","Obtaining, Evaluating, and Communicating Information
Obtain and combine information from books and other reliable media to explain phenomena.","Cause and Effect  
Cause and effect relationships are routinely identified and used to explain change.

Connections to Engineering, Technology, and Applications of Science:

Interdependence of Science, Engineering, and Technology
Knowledge of relevant scientific concepts and research findings is important in engineering.

Influence of Science, Engineering and Technology on Society and the Natural World
Over time, people’s needs and wants change, as do their demands for new and improved technologies.","Principle I
The continuation and health of individual human lives and of human communities and societies depend on the health of the natural systems that provide essential goods and ecosystem services.","ELA/Literacy
W.4.7: Conduct short research projects that build knowledge through investigation of different aspects of a topic.
W.4.8: Recall relevant information from experiences or gather relevant information from print and digital sources; take notes, paraphrase, and categorize information, and provide a list of sources.
W.4.9.a-b: Draw evidence from literary or informational texts to support analysis, reflection, and research.

Mathematics
MP.2: Reason abstractly and quantitatively. 
MP.4: Model with mathematics.
4.OA.1: Interpret a multiplication equation as a comparison, e.g., interpret 35 = 5 × 7 as a statement that 35 is 5 times as many as 7 and 7 times as many as 5. Represent verbal statements of multiplicative comparisons as multiplication equations.",Connections to other DCIs in fourth grade: N/A,,5.ESS3.C; MS.PS3.D; MS.ESS2.A; MS.ESS3.A; MS.ESS3.C; MS.ESS3.D,https://www.cde.ca.gov/Ci/pl/ngssstandards.asp,,"Standard Identifier: 4-ESS3-1
Grade: 4
Disciplinary Core Idea: ESS3.A: Natural Resources
Cross Cutting Concept: CCC-2: Cause and Effect: Mechanism and Explanation
Science & Engineering Practice: SEP-8: Obtaining, Evaluating, and Communicating Information
Content Area: Earth and Space Science

Title: 4-ESS3 Earth and Human Activity

Performance Expectation: Obtain and combine information to describe that energy and fuels are derived from natural resources and that their uses affect the environment.  [Clarification Statement: Examples of renewable energy resources could include wind energy, water behind dams, and sunlight; non-renewable energy resources are fossil fuels and fissile materials. Examples of environmental effects could include loss of habitat due to dams, loss of habitat due to surface mining, and air pollution from burning of fossil fuels.]

Disciplinary Core Idea(s):
ESS3.A: Natural Resources 
Energy and fuels that humans use are derived from natural sources, and their use affects the environment in multiple ways. Some resources are renewable over time, and others are not.

Science & Engineering Practices: Obtaining, Evaluating, and Communicating Information
Obtain and combine information from books and other reliable media to explain phenomena.

Crosscutting Concepts: Cause and Effect  
Cause and effect relationships are routinely identified and used to explain change.

Connections to Engineering, Technology, and Applications of Science:

Interdependence of Science, Engineering, and Technology
Knowledge of relevant scientific concepts and research findings is important in engineering.

Influence of Science, Engineering and Technology on Society and the Natural World
Over time, people’s needs and wants change, as do their demands for new and improved technologies.

California Environmental Principles and Concepts:
Principle I
The continuation and health of individual human lives and of human communities and societies depend on the health of the natural systems that provide essential goods and ecosystem services.

California Common Core State Standards Connections:
ELA/Literacy
W.4.7: Conduct short research projects that build knowledge through investigation of different aspects of a topic.
W.4.8: Recall relevant information from experiences or gather relevant information from print and digital sources; take notes, paraphrase, and categorize information, and provide a list of sources.
W.4.9.a-b: Draw evidence from literary or informational texts to support analysis, reflection, and research.

Mathematics
MP.2: Reason abstractly and quantitatively. 
MP.4: Model with mathematics.
4.OA.1: Interpret a multiplication equation as a comparison, e.g., interpret 35 = 5 × 7 as a statement that 35 is 5 times as many as 7 and 7 times as many as 5. Represent verbal statements of multiplicative comparisons as multiplication equations.

DCI Connections:
Connections to other DCIs in fourth grade: N/A

Articulation across grade-levels: 5.ESS3.C; MS.PS3.D; MS.ESS2.A; MS.ESS3.A; MS.ESS3.C; MS.ESS3.D
"
CA-NGSS-2013,4-ESS3-2,4,"ESS3.B: Natural Hazards, ETS1.B: Developing Possible Solutions",CCC-2: Cause and Effect: Mechanism and Explanation,SEP-6: Constructing Explanations and Designing Solutions,Earth and Space Science,4-ESS3 Earth and Human Activity,"Generate and compare multiple solutions to reduce the impacts of natural Earth processes on humans.*  [Clarification Statement: Examples of solutions could include designing an earthquake resistant building and improving monitoring of volcanic activity.] [Assessment Boundary: Assessment is limited to earthquakes, floods, tsunamis, and volcanic eruptions.]","ESS3.B: Natural Hazards
A variety of hazards result from natural processes (e.g., earthquakes, tsunamis, volcanic eruptions). Humans cannot eliminate the hazards but can take steps to reduce their impacts. (Note: This Disciplinary Core Idea can also be found in 3.WC.) 

ETS1.B: Designing Solutions to Engineering Problems
Testing a solution involves investigating how well it performs under a range of likely conditions. (secondary to 4-ESS3-2)","Constructing Explanations and Designing Solutions
Generate and compare multiple solutions to a problem based on how well they meet the criteria and constraints of the design solution.","Cause and Effect  
Cause and effect relationships are routinely identified, tested, and used to explain change. 

Connections to Engineering, Technology, and Applications of Science:

Influence of Science, Engineering and Technology on Society and the Natural World
Engineers improve existing technologies or develop new ones to increase their benefits, to decrease known risks, and to meet societal demands.","Principle I
The continuation and health of individual human lives and of human communities and societies depend on the health of the natural systems that provide essential goods and ecosystem services.","ELA/Literacy
RI.4.1: Refer to details and examples in a text when explaining what the text says explicitly and when drawing inferences from the text. 
RI.4.9: Integrate information from two texts on the same topic in order to write or speak about the subject knowledgeably.

Mathematics 
MP.2: Reason abstractly and quantitatively. 
MP.4: Model with mathematics.
4.OA.1: Interpret a multiplication equation as a comparison, e.g., interpret 35 = 5 × 7 as a statement that 35 is 5 times as many as 7 and 7 times as many as 5. Represent verbal statements of multiplicative comparisons as multiplication equations.",Connections to other DCIs in fourth grade: 4.ETS1.C,,K.ETS1.A; 2.ETS1.B; 2.ETS1.C; MS.ESS2.A; MS.ESS3.B; MS.ETS1.B,https://www.cde.ca.gov/Ci/pl/ngssstandards.asp,,"Standard Identifier: 4-ESS3-2
Grade: 4
Disciplinary Core Idea: ESS3.B: Natural Hazards, ETS1.B: Developing Possible Solutions
Cross Cutting Concept: CCC-2: Cause and Effect: Mechanism and Explanation
Science & Engineering Practice: SEP-6: Constructing Explanations and Designing Solutions
Content Area: Earth and Space Science

Title: 4-ESS3 Earth and Human Activity

Performance Expectation: Generate and compare multiple solutions to reduce the impacts of natural Earth processes on humans.*  [Clarification Statement: Examples of solutions could include designing an earthquake resistant building and improving monitoring of volcanic activity.] [Assessment Boundary: Assessment is limited to earthquakes, floods, tsunamis, and volcanic eruptions.]

Disciplinary Core Idea(s):
ESS3.B: Natural Hazards
A variety of hazards result from natural processes (e.g., earthquakes, tsunamis, volcanic eruptions). Humans cannot eliminate the hazards but can take steps to reduce their impacts. (Note: This Disciplinary Core Idea can also be found in 3.WC.) 

ETS1.B: Designing Solutions to Engineering Problems
Testing a solution involves investigating how well it performs under a range of likely conditions. (secondary to 4-ESS3-2)

Science & Engineering Practices: Constructing Explanations and Designing Solutions
Generate and compare multiple solutions to a problem based on how well they meet the criteria and constraints of the design solution.

Crosscutting Concepts: Cause and Effect  
Cause and effect relationships are routinely identified, tested, and used to explain change. 

Connections to Engineering, Technology, and Applications of Science:

Influence of Science, Engineering and Technology on Society and the Natural World
Engineers improve existing technologies or develop new ones to increase their benefits, to decrease known risks, and to meet societal demands.

California Environmental Principles and Concepts:
Principle I
The continuation and health of individual human lives and of human communities and societies depend on the health of the natural systems that provide essential goods and ecosystem services.

California Common Core State Standards Connections:
ELA/Literacy
RI.4.1: Refer to details and examples in a text when explaining what the text says explicitly and when drawing inferences from the text. 
RI.4.9: Integrate information from two texts on the same topic in order to write or speak about the subject knowledgeably.

Mathematics 
MP.2: Reason abstractly and quantitatively. 
MP.4: Model with mathematics.
4.OA.1: Interpret a multiplication equation as a comparison, e.g., interpret 35 = 5 × 7 as a statement that 35 is 5 times as many as 7 and 7 times as many as 5. Represent verbal statements of multiplicative comparisons as multiplication equations.

DCI Connections:
Connections to other DCIs in fourth grade: 4.ETS1.C

Articulation across grade-levels: K.ETS1.A; 2.ETS1.B; 2.ETS1.C; MS.ESS2.A; MS.ESS3.B; MS.ETS1.B
"
CA-NGSS-2013,4-LS1-1,4,LS1.A: Structure and Function,CCC-4: Systems and Systems Models,SEP-7: Engaging in Argument From Science,Life Science,4-LS1 From Molecules to Organisms: Structures and Processes,"Construct an argument that plants and animals have internal and external structures that function to support survival, growth, behavior, and reproduction.  [Clarification Statement: Examples of structures could include thorns, stems, roots, colored petals, heart, stomach, lung, brain, and skin.] [Assessment Boundary: Assessment is limited to macroscopic structures within plant and animal systems.]","LS1.A: Structure and Function
Plants and animals have both internal and external structures that serve various functions in growth, survival, behavior, and reproduction.","Engaging in Argument from Evidence
Construct an argument with evidence, data, and/or a model.","Systems and System Models
A system can be described in terms of its components and their interactions.","Principle II
The long-term functioning and health of terrestrial, freshwater, coastal, and marine ecosystems are influenced by their relationships with human societies.","ELA/Literacy
W.4.1.a–d: Write opinion pieces on topics or texts, supporting a point of view with reasons and information.

Mathematics
4.G.3: Recognize a line of symmetry for a two-dimensional figure as a line across the figure such that the figure can be folded along the line into matching parts. Identify line-symmetric figures and draw lines of symmetry.",Connections to other DCIs in fourth grade: N/A,,1.LS1.A; 3.LS3.B; MS.LS1.A,https://www.cde.ca.gov/Ci/pl/ngssstandards.asp,,"Standard Identifier: 4-LS1-1
Grade: 4
Disciplinary Core Idea: LS1.A: Structure and Function
Cross Cutting Concept: CCC-4: Systems and Systems Models
Science & Engineering Practice: SEP-7: Engaging in Argument From Science
Content Area: Life Science

Title: 4-LS1 From Molecules to Organisms: Structures and Processes

Performance Expectation: Construct an argument that plants and animals have internal and external structures that function to support survival, growth, behavior, and reproduction.  [Clarification Statement: Examples of structures could include thorns, stems, roots, colored petals, heart, stomach, lung, brain, and skin.] [Assessment Boundary: Assessment is limited to macroscopic structures within plant and animal systems.]

Disciplinary Core Idea(s):
LS1.A: Structure and Function
Plants and animals have both internal and external structures that serve various functions in growth, survival, behavior, and reproduction.

Science & Engineering Practices: Engaging in Argument from Evidence
Construct an argument with evidence, data, and/or a model.

Crosscutting Concepts: Systems and System Models
A system can be described in terms of its components and their interactions.

California Environmental Principles and Concepts:
Principle II
The long-term functioning and health of terrestrial, freshwater, coastal, and marine ecosystems are influenced by their relationships with human societies.

California Common Core State Standards Connections:
ELA/Literacy
W.4.1.a–d: Write opinion pieces on topics or texts, supporting a point of view with reasons and information.

Mathematics
4.G.3: Recognize a line of symmetry for a two-dimensional figure as a line across the figure such that the figure can be folded along the line into matching parts. Identify line-symmetric figures and draw lines of symmetry.

DCI Connections:
Connections to other DCIs in fourth grade: N/A

Articulation across grade-levels: 1.LS1.A; 3.LS3.B; MS.LS1.A
"
CA-NGSS-2013,4-LS1-2,4,LS1.D: Information Processing,CCC-4: Systems and Systems Models,SEP-2: Developing and Using Models,Life Science,4-LS1 From Molecules to Organisms: Structures and Processes,"Use a model to describe that animals receive different types of information through their senses, process the information in their brain, and respond to the information in different ways.  [Clarification Statement: Emphasis is on systems of information transfer.] [Assessment Boundary: Assessment does not include the mechanisms by which the brain stores and recalls information or the mechanisms of how sensory receptors function.]","LS1.D: Information Processing
Different sense receptors are specialized for particular kinds of information, which may be then processed by the animal’s brain. Animals are able to use their perceptions and memories to guide their actions.","Developing and Using Models
Use a model to test interactions concerning the functioning of a natural system.","Systems and System Models
A system can be described in terms of its components and their interactions.","Principle II
The long-term functioning and health of terrestrial, freshwater, coastal, and marine ecosystems are influenced by their relationships with human societies.","ELA/Literacy
SL.4.5: Add audio recordings and visual displays to presentations when appropriate to enhance the development of main ideas or themes.",Connections to other DCIs in fourth grade: N/A,,1.LS1.D; MS.LS1.A; MS.LS1.D,https://www.cde.ca.gov/Ci/pl/ngssstandards.asp,,"Standard Identifier: 4-LS1-2
Grade: 4
Disciplinary Core Idea: LS1.D: Information Processing
Cross Cutting Concept: CCC-4: Systems and Systems Models
Science & Engineering Practice: SEP-2: Developing and Using Models
Content Area: Life Science

Title: 4-LS1 From Molecules to Organisms: Structures and Processes

Performance Expectation: Use a model to describe that animals receive different types of information through their senses, process the information in their brain, and respond to the information in different ways.  [Clarification Statement: Emphasis is on systems of information transfer.] [Assessment Boundary: Assessment does not include the mechanisms by which the brain stores and recalls information or the mechanisms of how sensory receptors function.]

Disciplinary Core Idea(s):
LS1.D: Information Processing
Different sense receptors are specialized for particular kinds of information, which may be then processed by the animal’s brain. Animals are able to use their perceptions and memories to guide their actions.

Science & Engineering Practices: Developing and Using Models
Use a model to test interactions concerning the functioning of a natural system.

Crosscutting Concepts: Systems and System Models
A system can be described in terms of its components and their interactions.

California Environmental Principles and Concepts:
Principle II
The long-term functioning and health of terrestrial, freshwater, coastal, and marine ecosystems are influenced by their relationships with human societies.

California Common Core State Standards Connections:
ELA/Literacy
SL.4.5: Add audio recordings and visual displays to presentations when appropriate to enhance the development of main ideas or themes.

DCI Connections:
Connections to other DCIs in fourth grade: N/A

Articulation across grade-levels: 1.LS1.D; MS.LS1.A; MS.LS1.D
"
CA-NGSS-2013,4-PS3-1,4,PS3.A: Definitions of Energy,"CCC-5: Energy and Matter: Flows, Cycles, and Conservation",SEP-6: Constructing Explanations and Designing Solutions,Physical Science,4-PS3 Energy,Use evidence to construct an explanation relating the speed of an object to the energy of that object.  [Assessment Boundary: Assessment does not include quantitative measures of changes in the speed of an object or on any precise or quantitative definition of energy.],"PS3.A: Definitions of Energy 
The faster a given object is moving, the more energy it possesses.","Constructing Explanations and Designing Solutions
Use evidence (e.g., measurements, observations, patterns) to construct an explanation.","Energy and Matter
Energy can be transferred in various ways and between objects.",N/A,"ELA/Literacy
RI.4.1: Refer to details and examples in a text when explaining what the text says explicitly and when drawing inferences from the text.
RI.4.3: Explain events, procedures, ideas, or concepts in a historical, scientific, or technical text, including what happened and why, based on specific information in the text.
RI.4.9: Integrate information from two texts on the same topic in order to write or speak about the subject knowledgeably.
W.4.2.a–d: Write informative/explanatory texts to examine a topic and convey ideas and information clearly.
W.4.8: Recall relevant information from experiences or gather relevant information from print and digital sources; take notes, paraphrase, and categorize information, and provide a list of sources.
W.4.9: Draw evidence from literary or informational texts to support analysis, reflection, and research.",Connections to other DCIs in fourth grade: N/A,,MS.PS3.A,https://www.cde.ca.gov/Ci/pl/ngssstandards.asp,,"Standard Identifier: 4-PS3-1
Grade: 4
Disciplinary Core Idea: PS3.A: Definitions of Energy
Cross Cutting Concept: CCC-5: Energy and Matter: Flows, Cycles, and Conservation
Science & Engineering Practice: SEP-6: Constructing Explanations and Designing Solutions
Content Area: Physical Science

Title: 4-PS3 Energy

Performance Expectation: Use evidence to construct an explanation relating the speed of an object to the energy of that object.  [Assessment Boundary: Assessment does not include quantitative measures of changes in the speed of an object or on any precise or quantitative definition of energy.]

Disciplinary Core Idea(s):
PS3.A: Definitions of Energy 
The faster a given object is moving, the more energy it possesses.

Science & Engineering Practices: Constructing Explanations and Designing Solutions
Use evidence (e.g., measurements, observations, patterns) to construct an explanation.

Crosscutting Concepts: Energy and Matter
Energy can be transferred in various ways and between objects.

California Environmental Principles and Concepts:
N/A

California Common Core State Standards Connections:
ELA/Literacy
RI.4.1: Refer to details and examples in a text when explaining what the text says explicitly and when drawing inferences from the text.
RI.4.3: Explain events, procedures, ideas, or concepts in a historical, scientific, or technical text, including what happened and why, based on specific information in the text.
RI.4.9: Integrate information from two texts on the same topic in order to write or speak about the subject knowledgeably.
W.4.2.a–d: Write informative/explanatory texts to examine a topic and convey ideas and information clearly.
W.4.8: Recall relevant information from experiences or gather relevant information from print and digital sources; take notes, paraphrase, and categorize information, and provide a list of sources.
W.4.9: Draw evidence from literary or informational texts to support analysis, reflection, and research.

DCI Connections:
Connections to other DCIs in fourth grade: N/A

Articulation across grade-levels: MS.PS3.A
"
CA-NGSS-2013,4-PS3-2,4,"PS3.A: Definitions of Energy, PS3.B: Conservation of Energy and Energy Transfer","CCC-5: Energy and Matter: Flows, Cycles, and Conservation",SEP-3: Planning and Carrying Out Investigations,Physical Science,4-PS3 Energy,"Make observations to provide evidence that energy can be transferred from place to place by sound, light, heat, and electric currents.  [Assessment Boundary: Assessment does not include quantitative measurements of energy.]","PS3.A: Definitions of Energy 
Energy can be moved from place to place by moving objects or through sound, light, or electric currents.

PS3.B: Conservation of Energy and Energy Transfer
Energy is present whenever there are moving objects, sound, light, or heat. When objects collide, energy can be transferred from one object to another, thereby changing their motion. In such collisions, some energy is typically also transferred to the surrounding air; as a result, the air gets heated and sound is produced.
Light also transfers energy from place to place.
Energy can also be transferred from place to place by electric currents, which can then be used locally to produce motion, sound, heat, or light. The currents may have been produced to begin with by transforming the energy of motion into electrical energy.","Planning and Carrying Out Investigations 
Make observations to produce data to serve as the basis for evidence for an explanation of a phenomenon or test a design solution.","Energy and Matter
Energy can be transferred in various ways and between objects.",N/A,"ELA/Literacy
W.4.7: Conduct short research projects that build knowledge through investigation of different aspects of a topic. 
W.4.8: Recall relevant information from experiences or gather relevant information from print and digital sources; take notes, paraphrase, and categorize information, and provide a list of sources.",Connections to other DCIs in fourth grade: N/A,,MS.PS3.A; MS.PS3.B; MS.PS4.B,https://www.cde.ca.gov/Ci/pl/ngssstandards.asp,,"Standard Identifier: 4-PS3-2
Grade: 4
Disciplinary Core Idea: PS3.A: Definitions of Energy, PS3.B: Conservation of Energy and Energy Transfer
Cross Cutting Concept: CCC-5: Energy and Matter: Flows, Cycles, and Conservation
Science & Engineering Practice: SEP-3: Planning and Carrying Out Investigations
Content Area: Physical Science

Title: 4-PS3 Energy

Performance Expectation: Make observations to provide evidence that energy can be transferred from place to place by sound, light, heat, and electric currents.  [Assessment Boundary: Assessment does not include quantitative measurements of energy.]

Disciplinary Core Idea(s):
PS3.A: Definitions of Energy 
Energy can be moved from place to place by moving objects or through sound, light, or electric currents.

PS3.B: Conservation of Energy and Energy Transfer
Energy is present whenever there are moving objects, sound, light, or heat. When objects collide, energy can be transferred from one object to another, thereby changing their motion. In such collisions, some energy is typically also transferred to the surrounding air; as a result, the air gets heated and sound is produced.
Light also transfers energy from place to place.
Energy can also be transferred from place to place by electric currents, which can then be used locally to produce motion, sound, heat, or light. The currents may have been produced to begin with by transforming the energy of motion into electrical energy.

Science & Engineering Practices: Planning and Carrying Out Investigations 
Make observations to produce data to serve as the basis for evidence for an explanation of a phenomenon or test a design solution.

Crosscutting Concepts: Energy and Matter
Energy can be transferred in various ways and between objects.

California Environmental Principles and Concepts:
N/A

California Common Core State Standards Connections:
ELA/Literacy
W.4.7: Conduct short research projects that build knowledge through investigation of different aspects of a topic. 
W.4.8: Recall relevant information from experiences or gather relevant information from print and digital sources; take notes, paraphrase, and categorize information, and provide a list of sources.

DCI Connections:
Connections to other DCIs in fourth grade: N/A

Articulation across grade-levels: MS.PS3.A; MS.PS3.B; MS.PS4.B
"
CA-NGSS-2013,4-PS3-3,4,"PS3.A: Definitions of Energy, PS3.B: Conservation of Energy and Energy Transfer, PS3.C: Relationship between Energy and Forces","CCC-5: Energy and Matter: Flows, Cycles, and Conservation",SEP-1: Asking Questions and Defining Problems,Physical Science,4-PS3 Energy,"Ask questions and predict outcomes about the changes in energy that occur when objects collide.  [Clarification Statement: Emphasis is on the change in the energy due to the change in speed, not on the forces, as objects interact.] [Assessment Boundary: Assessment does not include quantitative measurements of energy.]","PS3.A: Definitions of Energy 
Energy can be moved from place to place by moving objects or through sound, light, or electric currents.

PS3.B: Conservation of Energy and Energy Transfer
Energy is present whenever there are moving objects, sound, light, or heat. When objects collide, energy can be transferred from one object to another, thereby changing their motion. In such collisions, some energy is typically also transferred to the surrounding air; as a result, the air gets heated and sound is produced.

PS3.C: Relationship Between Energy and Forces
When objects collide, the contact forces transfer energy so as to change the objects’ motions.","Asking Questions and Defining Problems
Ask questions that can be investigated and predict reasonable outcomes based on patterns such as cause and effect relationships.","Energy and Matter
Energy can be transferred in various ways and between objects.",N/A,"ELA/Literacy
W.4.7: Conduct short research projects that build knowledge through investigation of different aspects of a topic. 
W.4.8: Recall relevant information from experiences or gather relevant information from print and digital sources; take notes, paraphrase, and categorize information, and provide a list of sources.",Connections to other DCIs in fourth grade: N/A,,K.PS2.B; 3.PS2.A; MS.PS2.A; MS.PS3.A; MS.PS3.B; MS.PS3.C,https://www.cde.ca.gov/Ci/pl/ngssstandards.asp,,"Standard Identifier: 4-PS3-3
Grade: 4
Disciplinary Core Idea: PS3.A: Definitions of Energy, PS3.B: Conservation of Energy and Energy Transfer, PS3.C: Relationship between Energy and Forces
Cross Cutting Concept: CCC-5: Energy and Matter: Flows, Cycles, and Conservation
Science & Engineering Practice: SEP-1: Asking Questions and Defining Problems
Content Area: Physical Science

Title: 4-PS3 Energy

Performance Expectation:  Ask questions and predict outcomes about the changes in energy that occur when objects collide.  [Clarification Statement: Emphasis is on the change in the energy due to the change in speed, not on the forces, as objects interact.] [Assessment Boundary: Assessment does not include quantitative measurements of energy.]

Disciplinary Core Idea(s):
PS3.A: Definitions of Energy 
Energy can be moved from place to place by moving objects or through sound, light, or electric currents.

PS3.B: Conservation of Energy and Energy Transfer
Energy is present whenever there are moving objects, sound, light, or heat. When objects collide, energy can be transferred from one object to another, thereby changing their motion. In such collisions, some energy is typically also transferred to the surrounding air; as a result, the air gets heated and sound is produced.

PS3.C: Relationship Between Energy and Forces
When objects collide, the contact forces transfer energy so as to change the objects’ motions.

Science & Engineering Practices: Asking Questions and Defining Problems
Ask questions that can be investigated and predict reasonable outcomes based on patterns such as cause and effect relationships.

Crosscutting Concepts: Energy and Matter
Energy can be transferred in various ways and between objects.

California Environmental Principles and Concepts:
N/A

California Common Core State Standards Connections:
ELA/Literacy
W.4.7: Conduct short research projects that build knowledge through investigation of different aspects of a topic. 
W.4.8: Recall relevant information from experiences or gather relevant information from print and digital sources; take notes, paraphrase, and categorize information, and provide a list of sources.

DCI Connections:
Connections to other DCIs in fourth grade: N/A

Articulation across grade-levels: K.PS2.B; 3.PS2.A; MS.PS2.A; MS.PS3.A; MS.PS3.B; MS.PS3.C
"
CA-NGSS-2013,4-PS3-4,4,"PS3.B: Conservation of Energy and Energy Transfer, PS3.D: Energy in Chemical Processes, ETS1.A: Defining and Delimiting Engineering Problems",CCC-2: Cause and Effect: Mechanism and Explanation,SEP-6: Constructing Explanations and Designing Solutions,Physical Science,4-PS3 Energy,"Apply scientific ideas to design, test, and refine a device that converts energy from one form to another.*  [Clarification Statement: Examples of devices could include electric circuits that convert electrical energy into motion energy of a vehicle, light, or sound; and, a passive solar heater that converts light into heat. Examples of constraints could include the materials, cost, or time to design the device.] [Assessment Boundary: Devices should be limited to those that convert motion energy to electric energy or use stored energy to cause motion or produce light or sound.]","PS3.B: Conservation of Energy and Energy Transfer
Energy can also be transferred from place to place by electric currents, which can then be used locally to produce motion, sound, heat, or light. The currents may have been produced to begin with by transforming the energy of motion into electrical energy.

PS3.D: Energy in Chemical Processes
The expression “produce energy” typically refers to the conversion of stored energy into a desired form for practical use. 

ETS1.A: Defining and Delimiting Engineering Problems
Possible solutions to a problem are limited by available materials and resources (constraints). The success of a designed solution is determined by considering the desired features of a solution (criteria). Different proposals for solutions can be compared on the basis of how well each one meets the specified criteria for success or how well each takes the constraints into account. (secondary to 4-PS3-4)","Constructing Explanations and Designing Solutions
Apply scientific ideas to solve design problems.","Energy and Matter
Energy can be transferred in various ways and between objects.

Connections to Engineering, Technology, and Applications of Science:

Influence of Science, Engineering and Technology on Society and the Natural World
Engineers improve existing technologies or develop new ones. 

Connections to Nature of Science:

Science is a Human Endeavor 
Most scientists and engineers work in teams.
Science affects everyday life.",N/A,"ELA/Literacy
W.4.7: Conduct short research projects that build knowledge through investigation of different aspects of a topic. 
W.4.8: Recall relevant information from experiences or gather relevant information from print and digital sources; take notes, paraphrase, and categorize information, and provide a list of sources.

Mathematics
4.OA.3: Solve multistep word problems posed with whole numbers and having whole-number answers using the four operations, including problems in which remainders must be interpreted. Represent these problems using equations with a letter standing for the unknown quantity. Assess the reasonableness of answers using mental computation and estimation strategies including rounding.",Connections to other DCIs in fourth grade: N/A,,K.ETS1.A; 2.ETS1.B; 5.PS3.D; 5.LS1.C; MS.PS3.A; MS.PS3.B; MS.ETS1.B; MS.ETS1.C,https://www.cde.ca.gov/Ci/pl/ngssstandards.asp,,"Standard Identifier: 4-PS3-4
Grade: 4
Disciplinary Core Idea: PS3.B: Conservation of Energy and Energy Transfer, PS3.D: Energy in Chemical Processes, ETS1.A: Defining and Delimiting Engineering Problems
Cross Cutting Concept: CCC-2: Cause and Effect: Mechanism and Explanation
Science & Engineering Practice: SEP-6: Constructing Explanations and Designing Solutions
Content Area: Physical Science

Title: 4-PS3 Energy

Performance Expectation: Apply scientific ideas to design, test, and refine a device that converts energy from one form to another.*  [Clarification Statement: Examples of devices could include electric circuits that convert electrical energy into motion energy of a vehicle, light, or sound; and, a passive solar heater that converts light into heat. Examples of constraints could include the materials, cost, or time to design the device.] [Assessment Boundary: Devices should be limited to those that convert motion energy to electric energy or use stored energy to cause motion or produce light or sound.]

Disciplinary Core Idea(s):
PS3.B: Conservation of Energy and Energy Transfer
Energy can also be transferred from place to place by electric currents, which can then be used locally to produce motion, sound, heat, or light. The currents may have been produced to begin with by transforming the energy of motion into electrical energy.

PS3.D: Energy in Chemical Processes
The expression “produce energy” typically refers to the conversion of stored energy into a desired form for practical use. 

ETS1.A: Defining and Delimiting Engineering Problems
Possible solutions to a problem are limited by available materials and resources (constraints). The success of a designed solution is determined by considering the desired features of a solution (criteria). Different proposals for solutions can be compared on the basis of how well each one meets the specified criteria for success or how well each takes the constraints into account. (secondary to 4-PS3-4)

Science & Engineering Practices: Constructing Explanations and Designing Solutions
Apply scientific ideas to solve design problems.

Crosscutting Concepts: Energy and Matter
Energy can be transferred in various ways and between objects.

Connections to Engineering, Technology, and Applications of Science:

Influence of Science, Engineering and Technology on Society and the Natural World
Engineers improve existing technologies or develop new ones. 

Connections to Nature of Science:

Science is a Human Endeavor 
Most scientists and engineers work in teams.
Science affects everyday life.

California Environmental Principles and Concepts:
N/A

California Common Core State Standards Connections:
ELA/Literacy
W.4.7: Conduct short research projects that build knowledge through investigation of different aspects of a topic. 
W.4.8: Recall relevant information from experiences or gather relevant information from print and digital sources; take notes, paraphrase, and categorize information, and provide a list of sources.

Mathematics
4.OA.3: Solve multistep word problems posed with whole numbers and having whole-number answers using the four operations, including problems in which remainders must be interpreted. Represent these problems using equations with a letter standing for the unknown quantity. Assess the reasonableness of answers using mental computation and estimation strategies including rounding.

DCI Connections:
Connections to other DCIs in fourth grade: N/A

Articulation across grade-levels: K.ETS1.A; 2.ETS1.B; 5.PS3.D; 5.LS1.C; MS.PS3.A; MS.PS3.B; MS.ETS1.B; MS.ETS1.C
"
CA-NGSS-2013,4-PS4-1,4,PS4.A: Wave Properties,CCC-1: Patterns,SEP-2: Developing and Using Models,Physical Science,4-PS4 Waves and Their Applications in Technologies for Information Transfer,"Develop a model of waves to describe patterns in terms of amplitude and wavelength and that waves can cause objects to move.  [Clarification Statement: Examples of models could include diagrams, analogies, and physical models using wire to illustrate wavelength and amplitude of waves.] [Assessment Boundary: Assessment does not include interference effects, electromagnetic waves, non-periodic waves, or quantitative models of amplitude and wavelength.]","PS4.A: Wave Properties 
Waves, which are regular patterns of motion, can be made in water by disturbing the surface. When waves move across the surface of deep water, the water goes up and down in place; there is no net motion in the direction of the wave except when the water meets a beach. (Note: This grade band endpoint was moved from K–2.)
Waves of the same type can differ in amplitude (height of the wave) and wavelength (spacing between wave peaks).","Developing and Using Models
Develop a model using an analogy, example, or abstract representation to describe a scientific principle.

Connections to Nature of Science:

Scientific Knowledge is Based on Empirical Evidence
Science findings are based on recognizing patterns.","Patterns
Similarities and differences in patterns can be used to sort and classify natural phenomena.",N/A,"ELA/Literacy
SL.4.5: Add audio recordings and visual displays to presentations when appropriate to enhance the development of main ideas or themes.

Mathematics
MP.4: Model with mathematics. 
4.G.1: Draw points, lines, line segments, rays, angles (right, acute, obtuse), and perpendicular and parallel lines. Identify these in two-dimensional figures.",Connections to other DCIs in fourth grade: 4.PS3.A ; 4.PS3.B,,MS.PS4.A,https://www.cde.ca.gov/Ci/pl/ngssstandards.asp,,"Standard Identifier: 4-PS4-1
Grade: 4
Disciplinary Core Idea: PS4.A: Wave Properties
Cross Cutting Concept: CCC-1: Patterns
Science & Engineering Practice: SEP-2: Developing and Using Models
Content Area: Physical Science

Title: 4-PS4 Waves and Their Applications in Technologies for Information Transfer

Performance Expectation: Develop a model of waves to describe patterns in terms of amplitude and wavelength and that waves can cause objects to move.  [Clarification Statement: Examples of models could include diagrams, analogies, and physical models using wire to illustrate wavelength and amplitude of waves.] [Assessment Boundary: Assessment does not include interference effects, electromagnetic waves, non-periodic waves, or quantitative models of amplitude and wavelength.]

Disciplinary Core Idea(s):
PS4.A: Wave Properties 
Waves, which are regular patterns of motion, can be made in water by disturbing the surface. When waves move across the surface of deep water, the water goes up and down in place; there is no net motion in the direction of the wave except when the water meets a beach. (Note: This grade band endpoint was moved from K–2.)
Waves of the same type can differ in amplitude (height of the wave) and wavelength (spacing between wave peaks).

Science & Engineering Practices: Developing and Using Models
Develop a model using an analogy, example, or abstract representation to describe a scientific principle.

Connections to Nature of Science:

Scientific Knowledge is Based on Empirical Evidence
Science findings are based on recognizing patterns.

Crosscutting Concepts: Patterns
Similarities and differences in patterns can be used to sort and classify natural phenomena.

California Environmental Principles and Concepts:
N/A

California Common Core State Standards Connections:
ELA/Literacy
SL.4.5: Add audio recordings and visual displays to presentations when appropriate to enhance the development of main ideas or themes.

Mathematics
MP.4: Model with mathematics. 
4.G.1: Draw points, lines, line segments, rays, angles (right, acute, obtuse), and perpendicular and parallel lines. Identify these in two-dimensional figures.

DCI Connections:
Connections to other DCIs in fourth grade: 4.PS3.A ; 4.PS3.B

Articulation across grade-levels: MS.PS4.A
"
CA-NGSS-2013,4-PS4-2,4,PS4.B: Electromagnetic Radiation,CCC-2: Cause and Effect: Mechanism and Explanation,SEP-2: Developing and Using Models,Physical Science,4-PS4 Waves and Their Applications in Technologies for Information Transfer,"Develop a model to describe that light reflecting from objects and entering the eye allows objects to be seen.  [Assessment Boundary: Assessment does not include knowledge of specific colors reflected and seen, the cellular mechanisms of vision, or how the retina works.]","PS4.B: Electromagnetic Radiation 
An object can be seen when light reflected from its surface enters the eyes.","Developing and Using Models
Develop a model to describe phenomena.","Cause and Effect
Cause and effect relationships are routinely identified.",N/A,"ELA/Literacy
SL.4.5: Add audio recordings and visual displays to presentations when appropriate to enhance the development of main ideas or themes.

Mathematics
MP.4: Model with mathematics. 
4.G.1: Draw points, lines, line segments, rays, angles (right, acute, obtuse), and perpendicular and parallel lines. Identify these in two-dimensional figures.",Connections to other DCIs in fourth grade: N/A,,1.PS4.B; MS.PS4.B; MS.LS1.D,https://www.cde.ca.gov/Ci/pl/ngssstandards.asp,,"Standard Identifier: 4-PS4-2
Grade: 4
Disciplinary Core Idea: PS4.B: Electromagnetic Radiation
Cross Cutting Concept: CCC-2: Cause and Effect: Mechanism and Explanation
Science & Engineering Practice: SEP-2: Developing and Using Models
Content Area: Physical Science

Title: 4-PS4 Waves and Their Applications in Technologies for Information Transfer

Performance Expectation: Develop a model to describe that light reflecting from objects and entering the eye allows objects to be seen.  [Assessment Boundary: Assessment does not include knowledge of specific colors reflected and seen, the cellular mechanisms of vision, or how the retina works.]

Disciplinary Core Idea(s):
PS4.B: Electromagnetic Radiation 
An object can be seen when light reflected from its surface enters the eyes.

Science & Engineering Practices: Developing and Using Models
Develop a model to describe phenomena.

Crosscutting Concepts: Cause and Effect
Cause and effect relationships are routinely identified.

California Environmental Principles and Concepts:
N/A

California Common Core State Standards Connections:
ELA/Literacy
SL.4.5: Add audio recordings and visual displays to presentations when appropriate to enhance the development of main ideas or themes.

Mathematics
MP.4: Model with mathematics. 
4.G.1: Draw points, lines, line segments, rays, angles (right, acute, obtuse), and perpendicular and parallel lines. Identify these in two-dimensional figures.

DCI Connections:
Connections to other DCIs in fourth grade: N/A

Articulation across grade-levels: 1.PS4.B; MS.PS4.B; MS.LS1.D
"
CA-NGSS-2013,4-PS4-3,4,"PS4.C: Information Technologies and Instrumentation, ETS1.C: Optimizing the Design Solution",CCC-1: Patterns,SEP-6: Constructing Explanations and Designing Solutions,Physical Science,4-PS4 Waves and Their Applications in Technologies for Information Transfer,"Generate and compare multiple solutions that use patterns to transfer information.*  [Clarification Statement: Examples of solutions could include drums sending coded information through sound waves, using a grid of 1’s and 0’s representing black and white to send information about a picture, and using Morse code to send text.]","PS4.C: Information Technologies and Instrumentation
Digitized information can be transmitted over long distances without significant degradation. High-tech devices, such as computers or cell phones, can receive and decode information—convert it from digitized form to voice—and vice versa.

ETS1.C: Optimizing the Design Solution
Different solutions need to be tested in order to determine which of them best solves the problem, given the criteria and the constraints. (secondary to 4-PS4-3)","Constructing Explanations and Designing Solutions
Generate and compare multiple solutions to a problem based on how well they meet the criteria and constraints of the design solution.","Patterns
Similarities and differences in patterns can be used to sort and classify designed products. 

Connections to Engineering, Technology, and Applications of Science:

Interdependence of Science, Engineering, and Technology
Knowledge of relevant scientific concepts and research findings is important in engineering.",N/A,"ELA/Literacy
RI.4.1: Write opinion pieces on topics or texts, supporting a point of view with reasons and information.
RI.4.9: Integrate information from two texts on the same topic in order to write or speak about the subject knowledgeably.",Connections to other DCIs in fourth grade: 4.ETS1.A,,K.ETS1.A; 2.ETS1.B; 2.ETS1.C; 3.PS2.A; MS.PS4.C; MS.ETS1.B,https://www.cde.ca.gov/Ci/pl/ngssstandards.asp,,"Standard Identifier: 4-PS4-3
Grade: 4
Disciplinary Core Idea: PS4.C: Information Technologies and Instrumentation, ETS1.C: Optimizing the Design Solution
Cross Cutting Concept: CCC-1: Patterns
Science & Engineering Practice: SEP-6: Constructing Explanations and Designing Solutions
Content Area: Physical Science

Title: 4-PS4 Waves and Their Applications in Technologies for Information Transfer

Performance Expectation: Generate and compare multiple solutions that use patterns to transfer information.*  [Clarification Statement: Examples of solutions could include drums sending coded information through sound waves, using a grid of 1’s and 0’s representing black and white to send information about a picture, and using Morse code to send text.]

Disciplinary Core Idea(s):
PS4.C: Information Technologies and Instrumentation
Digitized information can be transmitted over long distances without significant degradation. High-tech devices, such as computers or cell phones, can receive and decode information—convert it from digitized form to voice—and vice versa.

ETS1.C: Optimizing the Design Solution
Different solutions need to be tested in order to determine which of them best solves the problem, given the criteria and the constraints. (secondary to 4-PS4-3)

Science & Engineering Practices: Constructing Explanations and Designing Solutions
Generate and compare multiple solutions to a problem based on how well they meet the criteria and constraints of the design solution.

Crosscutting Concepts: Patterns
Similarities and differences in patterns can be used to sort and classify designed products. 

Connections to Engineering, Technology, and Applications of Science:

Interdependence of Science, Engineering, and Technology
Knowledge of relevant scientific concepts and research findings is important in engineering.

California Environmental Principles and Concepts:
N/A

California Common Core State Standards Connections:
ELA/Literacy
RI.4.1: Write opinion pieces on topics or texts, supporting a point of view with reasons and information.
RI.4.9: Integrate information from two texts on the same topic in order to write or speak about the subject knowledgeably.

DCI Connections:
Connections to other DCIs in fourth grade: 4.ETS1.A

Articulation across grade-levels: K.ETS1.A; 2.ETS1.B; 2.ETS1.C; 3.PS2.A; MS.PS4.C; MS.ETS1.B
"
CA-NGSS-2013,3-5-ETS1-1,5,ETS1.A: Defining and Delimiting Engineering Problems,,SEP-1: Asking Questions and Defining Problems,"Engineering, Technology, and Applications of Science","3–5-ETS1 Engineering, Technology, and Applications of Science","Define a simple design problem reflecting a need or a want that includes specified criteria for success and constraints on materials, time, or cost.","ETS1.A: Defining and Delimiting Engineering Problems
Possible solutions to a problem are limited by available materials and resources (constraints). The success of a designed solution is determined by considering the desired features of a solution (criteria). Different proposals for solutions can be compared on the basis of how well each one meets the specified criteria for success or how well each takes the constraints into account.","Asking Questions and Defining Problems 
Define a simple design problem that can be solved through the development of an object, tool, process, or system and includes several criteria for success and constraints on materials, time, or cost.","Influence of Engineering, Technology, and Science on Society and the Natural World
People’s needs and wants change over time, as do their demands for new and improved technologies.","Principle V
Decisions affecting resources and natural systems are based on a wide range of considerations and decision-making processes.","ELA/Literacy
W.5.7:  Conduct short research projects that use several sources to build knowledge through investigation of different aspects of a topic.
W.5.8:  Recall relevant information from experiences or gather relevant information from print and digital sources; summarize or paraphrase information in notes and finished work, and provide a list of sources. 
W.5.9.a-b: Draw evidence from literary or informational texts to support analysis, reflection, and research.

Mathematics
MP.2: Reason abstractly and quantitatively.
MP.4: Model with mathematics. 
MP.5: Use appropriate tools strategically.
3.OA.1-4: Represent and solve problems involving multiplication and division. 
3.OA.5-6: Understand properties of multiplication and the relationship between multiplication and division. 
3.OA.7: Multiply and divide within 100.
3.OA.8-9: Solve problems involving the four operations, and identify and explain patterns in arithmetic. 
4.OA.1-3: Use the four operations with whole numbers to solve problems. 
4.OA.4: Gain familiarity with factors and multiples. 
4.OA.5: Generate and analyze patterns. 
5.OA.1-2.1: Write and interpret numerical expressions. 
5.OA.3: Analyze patterns and relationships.","Connections to 3-5-ETS1.A: Defining and Delimiting Engineering Problems include:
Fourth Grade: 4-PS3-4",K-2.ETS1.A; MS.ETS1.A; MS.ETS1.B,,https://www.cde.ca.gov/Ci/pl/ngssstandards.asp,,"Standard Identifier: 3-5-ETS1-1
Grade: 5
Disciplinary Core Idea: ETS1.A: Defining and Delimiting Engineering Problems
Science & Engineering Practice: SEP-1: Asking Questions and Defining Problems
Content Area: Engineering, Technology, and Applications of Science

Title: 3–5-ETS1 Engineering, Technology, and Applications of Science

Performance Expectation: Define a simple design problem reflecting a need or a want that includes specified criteria for success and constraints on materials, time, or cost. 

Disciplinary Core Idea(s):
ETS1.A: Defining and Delimiting Engineering Problems
Possible solutions to a problem are limited by available materials and resources (constraints). The success of a designed solution is determined by considering the desired features of a solution (criteria). Different proposals for solutions can be compared on the basis of how well each one meets the specified criteria for success or how well each takes the constraints into account.

Science & Engineering Practices: Asking Questions and Defining Problems 
Define a simple design problem that can be solved through the development of an object, tool, process, or system and includes several criteria for success and constraints on materials, time, or cost.

Crosscutting Concepts: Influence of Engineering, Technology, and Science on Society and the Natural World
People’s needs and wants change over time, as do their demands for new and improved technologies.

California Environmental Principles and Concepts:
Principle V
Decisions affecting resources and natural systems are based on a wide range of considerations and decision-making processes.

California Common Core State Standards Connections:
ELA/Literacy
W.5.7:  Conduct short research projects that use several sources to build knowledge through investigation of different aspects of a topic.
W.5.8:  Recall relevant information from experiences or gather relevant information from print and digital sources; summarize or paraphrase information in notes and finished work, and provide a list of sources. 
W.5.9.a-b: Draw evidence from literary or informational texts to support analysis, reflection, and research.

Mathematics
MP.2: Reason abstractly and quantitatively.
MP.4: Model with mathematics. 
MP.5: Use appropriate tools strategically.
3.OA.1-4: Represent and solve problems involving multiplication and division. 
3.OA.5-6: Understand properties of multiplication and the relationship between multiplication and division. 
3.OA.7: Multiply and divide within 100.
3.OA.8-9: Solve problems involving the four operations, and identify and explain patterns in arithmetic. 
4.OA.1-3: Use the four operations with whole numbers to solve problems. 
4.OA.4: Gain familiarity with factors and multiples. 
4.OA.5: Generate and analyze patterns. 
5.OA.1-2.1: Write and interpret numerical expressions. 
5.OA.3: Analyze patterns and relationships.

DCI Connections:
Connections to 3-5-ETS1.A: Defining and Delimiting Engineering Problems include:
Fourth Grade: 4-PS3-4


Articulation across grade-bands: K-2.ETS1.A; MS.ETS1.A; MS.ETS1.B
"
CA-NGSS-2013,3-5-ETS1-2,5,ETS1.B: Developing Possible Solutions,,SEP-6: Constructing Explanations and Designing Solutions,"Engineering, Technology, and Applications of Science","3–5-ETS1 Engineering, Technology, and Applications of Science",Generate and compare multiple possible solutions to a problem based on how well each is likely to meet the criteria and constraints of the problem.,"ETS1.B: Developing Possible Solutions
Research on a problem should be carried out before beginning to design a solution.  Testing a solution involves investigating how well it performs under a range of likely conditions.  At whatever stage, communicating with peers about proposed solutions is an important part of the design process, and shared ideas can lead to improved designs.","Constructing Explanations and Designing Solutions 
Generate and compare multiple solutions to a problem based on how well they meet the criteria and constraints of the design problem.","Influence of Engineering, Technology, and Science on Society and the Natural World
Engineers improve existing technologies or develop new ones to increase their benefits, decrease known risks, and meet societal demands.","Principle V
Decisions affecting resources and natural systems are based on a wide range of considerations and decision-making processes.","ELA/Literacy
RI.5.1: Quote accurately from a text when explaining what the text says explicitly and when drawing inferences from the text.
RI.5.7: Draw on information from multiple print or digital sources, demonstrating the ability to locate an answer to a question quickly or to solve a problem efficiently.
RI.5.9:  Integrate information from several texts on the same topic in order to write or speak about the subject knowledgeably.

Mathematics
MP.2: Reason abstractly and quantitatively.
MP.4: Model with mathematics. 
MP.5: Use appropriate tools strategically.
3.OA.1-4: Represent and solve problems involving multiplication and division. 
3.OA.5-6: Understand properties of multiplication and the relationship between multiplication and division. 
3.OA.7: Multiply and divide within 100. 
3.OA.8-9: Solve problems involving the four operations, and identify and explain patterns in arithmetic. 
4.OA.1-3: Use the four operations with whole numbers to solve problems. 
4.OA.4: Gain familiarity with factors and multiples. 
4.OA.5: Generate and analyze patterns. 
5.OA.1-2.1: Write and interpret numerical expressions. 
5.OA.3: Analyze patterns and relationships.","Connections to 3-5-ETS1.B: Developing Possible Solutions Problems include:
Fourth Grade: 4-ESS3-2",K-2.ETS1.A; K-2.ETS1.B; K-2.ETS1.C; MS.ETS1.B; MS.ETS1.C,,https://www.cde.ca.gov/Ci/pl/ngssstandards.asp,,"Standard Identifier: 3-5-ETS1-2
Grade: 5
Disciplinary Core Idea: ETS1.B: Developing Possible Solutions
Science & Engineering Practice: SEP-6: Constructing Explanations and Designing Solutions
Content Area: Engineering, Technology, and Applications of Science

Title: 3–5-ETS1 Engineering, Technology, and Applications of Science

Performance Expectation: Generate and compare multiple possible solutions to a problem based on how well each is likely to meet the criteria and constraints of the problem. 

Disciplinary Core Idea(s):
ETS1.B: Developing Possible Solutions
Research on a problem should be carried out before beginning to design a solution.  Testing a solution involves investigating how well it performs under a range of likely conditions.  At whatever stage, communicating with peers about proposed solutions is an important part of the design process, and shared ideas can lead to improved designs.

Science & Engineering Practices: Constructing Explanations and Designing Solutions 
Generate and compare multiple solutions to a problem based on how well they meet the criteria and constraints of the design problem.

Crosscutting Concepts: Influence of Engineering, Technology, and Science on Society and the Natural World
Engineers improve existing technologies or develop new ones to increase their benefits, decrease known risks, and meet societal demands.

California Environmental Principles and Concepts:
Principle V
Decisions affecting resources and natural systems are based on a wide range of considerations and decision-making processes.

California Common Core State Standards Connections:
ELA/Literacy
RI.5.1: Quote accurately from a text when explaining what the text says explicitly and when drawing inferences from the text.
RI.5.7: Draw on information from multiple print or digital sources, demonstrating the ability to locate an answer to a question quickly or to solve a problem efficiently.
RI.5.9:  Integrate information from several texts on the same topic in order to write or speak about the subject knowledgeably.

Mathematics
MP.2: Reason abstractly and quantitatively.
MP.4: Model with mathematics. 
MP.5: Use appropriate tools strategically.
3.OA.1-4: Represent and solve problems involving multiplication and division. 
3.OA.5-6: Understand properties of multiplication and the relationship between multiplication and division. 
3.OA.7: Multiply and divide within 100. 
3.OA.8-9: Solve problems involving the four operations, and identify and explain patterns in arithmetic. 
4.OA.1-3: Use the four operations with whole numbers to solve problems. 
4.OA.4: Gain familiarity with factors and multiples. 
4.OA.5: Generate and analyze patterns. 
5.OA.1-2.1: Write and interpret numerical expressions. 
5.OA.3: Analyze patterns and relationships.

DCI Connections:
Connections to 3-5-ETS1.B: Developing Possible Solutions Problems include:
Fourth Grade: 4-ESS3-2

Articulation across grade-bands: K-2.ETS1.A; K-2.ETS1.B; K-2.ETS1.C; MS.ETS1.B; MS.ETS1.C
"
CA-NGSS-2013,3-5-ETS1-3,5,"ETS1.B: Developing Possible Solutions, ETS1.C: Optimizing the Design Solution",,SEP-3: Planning and Carrying Out Investigations,"Engineering, Technology, and Applications of Science","3–5-ETS1 Engineering, Technology, and Applications of Science",Plan and carry out fair tests in which variables are controlled and failure points are considered to identify aspects of a model or prototype that can be improved.,"ETS1.B: Developing Possible Solutions
Tests are often designed to identify failure points or difficulties, which suggest the elements of the design that need to be improved.

ETS1.C: Optimizing the Design Solution
Different solutions need to be tested in order to determine which of them best solves the problem, given the criteria and the constraints.","Planning and Carrying Out Investigations 
Plan and conduct an investigation collaboratively to produce data to serve as the basis for evidence, using fair tests in which variables are controlled and the number of trials considered.",N/A,"Principle V
Decisions affecting resources and natural systems are based on a wide range of considerations and decision-making processes.","ELA/Literacy
W.5.7: Conduct short research projects that use several sources to build knowledge through investigation of different aspects of a topic.
W.5.8: Recall relevant information from experiences or gather relevant information from print and digital sources; summarize or paraphrase information in notes and finished work, and provide a list of sources. 
W.5.9.a-b: Draw evidence from literary or informational texts to support analysis, reflection, and research.   

Mathematics
MP.2: Reason abstractly and quantitatively.
MP.4: Model with mathematics. 
MP.5: Use appropriate tools strategically.","Connections to 3-5-ETS1.B: Developing Possible Solutions Problems include:
Fourth Grade: 4-ESS3-2

Connections to K-2-ETS1.C: Optimizing the Design Solution include:
Fourth Grade: 4-PS4-3",K-2.ETS1.A; K-2.ETS1.C; MS.ETS1.B; MS.ETS1.C,,https://www.cde.ca.gov/Ci/pl/ngssstandards.asp,,"Standard Identifier: 3-5-ETS1-3
Grade: 5
Disciplinary Core Idea: ETS1.B: Developing Possible Solutions, ETS1.C: Optimizing the Design Solution
Science & Engineering Practice: SEP-3: Planning and Carrying Out Investigations
Content Area: Engineering, Technology, and Applications of Science

Title: 3–5-ETS1 Engineering, Technology, and Applications of Science

Performance Expectation: Plan and carry out fair tests in which variables are controlled and failure points are considered to identify aspects of a model or prototype that can be improved.

Disciplinary Core Idea(s):
ETS1.B: Developing Possible Solutions
Tests are often designed to identify failure points or difficulties, which suggest the elements of the design that need to be improved.

ETS1.C: Optimizing the Design Solution
Different solutions need to be tested in order to determine which of them best solves the problem, given the criteria and the constraints.

Science & Engineering Practices: Planning and Carrying Out Investigations 
Plan and conduct an investigation collaboratively to produce data to serve as the basis for evidence, using fair tests in which variables are controlled and the number of trials considered.

Crosscutting Concepts: N/A

California Environmental Principles and Concepts:
Principle V
Decisions affecting resources and natural systems are based on a wide range of considerations and decision-making processes.

California Common Core State Standards Connections:
ELA/Literacy
W.5.7: Conduct short research projects that use several sources to build knowledge through investigation of different aspects of a topic.
W.5.8: Recall relevant information from experiences or gather relevant information from print and digital sources; summarize or paraphrase information in notes and finished work, and provide a list of sources. 
W.5.9.a-b: Draw evidence from literary or informational texts to support analysis, reflection, and research.   

Mathematics
MP.2: Reason abstractly and quantitatively.
MP.4: Model with mathematics. 
MP.5: Use appropriate tools strategically.

DCI Connections:
Connections to 3-5-ETS1.B: Developing Possible Solutions Problems include:
Fourth Grade: 4-ESS3-2

Connections to K-2-ETS1.C: Optimizing the Design Solution include:
Fourth Grade: 4-PS4-3

Articulation across grade-bands: K-2.ETS1.A; K-2.ETS1.C; MS.ETS1.B; MS.ETS1.C
"
CA-NGSS-2013,5-ESS1-1,5,ESS1.A: The Universe and its Stars,"CCC-3: Scale, Proportion, and Quantity",SEP-7: Engaging in Argument From Science,Earth and Space Science,5-ESS1 Earth’s Place in the Universe,"Support an argument that differences in the apparent brightness of the sun compared to other stars is due to their relative distances from Earth. [Clarification Statement: Absolute brightness of stars is the result of a variety factors. Relative distance from Earth is one factor that affects apparent brightness and is the one selected to be addressed by the performance expectation.] [Assessment Boundary: Assessment is limited to relative distances, not sizes, of stars. Assessment does not include other factors that affect apparent brightness (such as stellar masses, age, stage).]","ESS1.A: The Universe and its Stars
The sun is a star that appears larger and brighter than other stars because it is closer. Stars range greatly in their distance from Earth.","Engaging in Argument from Evidence 
Support an argument with evidence, data, or a model.","Scale, Proportion, and Quantity 
Natural objects exist from the very small to the immensely large.",N/A,"ELA/Literacy
RI.5.1.a-d: Quote accurately from a text when explaining what the text says explicitly and when drawing inferences from the text.
RI.5.7: Draw on information from multiple print or digital sources, demonstrating the ability to locate an answer to a question quickly or to solve a problem efficiently.
RI.5.8: Explain how an author uses reasons and evidence to support particular points in a text, identifying which reasons and evidence support which point(s).
RI.5.9: Integrate information from several texts on the same topic in order to write or speak about the subject knowledgeably.
W.5.1.a–d: Write opinion pieces on topics or texts, supporting a point of view with reasons and information.

Mathematics
MP.2: Reason abstractly and quantitatively.
MP.4: Model with mathematics.
5.NBT.2: Explain patterns in the number of zeros of the product when multiplying a number by powers of 10, and explain patterns in the placement of the decimal point when a decimal is multiplied or divided by a power of 10. Use whole-number exponents to denote powers of 10.",Connections to other DCIs in fifth grade: N/A,,MS.ESS1.A; MS.ESS1.B,https://www.cde.ca.gov/Ci/pl/ngssstandards.asp,,"Standard Identifier: 5-ESS1-1
Grade: 5
Disciplinary Core Idea: ESS1.A: The Universe and its Stars
Cross Cutting Concept: CCC-3: Scale, Proportion, and Quantity
Science & Engineering Practice: SEP-7: Engaging in Argument From Science
Content Area: Earth and Space Science

Title: 5-ESS1 Earth’s Place in the Universe

Performance Expectation: Support an argument that differences in the apparent brightness of the sun compared to other stars is due to their relative distances from Earth. [Clarification Statement: Absolute brightness of stars is the result of a variety factors. Relative distance from Earth is one factor that affects apparent brightness and is the one selected to be addressed by the performance expectation.] [Assessment Boundary: Assessment is limited to relative distances, not sizes, of stars. Assessment does not include other factors that affect apparent brightness (such as stellar masses, age, stage).]

Disciplinary Core Idea(s):
ESS1.A: The Universe and its Stars
The sun is a star that appears larger and brighter than other stars because it is closer. Stars range greatly in their distance from Earth.

Science & Engineering Practices: Engaging in Argument from Evidence 
Support an argument with evidence, data, or a model.

Crosscutting Concepts: Scale, Proportion, and Quantity 
Natural objects exist from the very small to the immensely large.

California Environmental Principles and Concepts:
N/A

California Common Core State Standards Connections:
ELA/Literacy
RI.5.1.a-d: Quote accurately from a text when explaining what the text says explicitly and when drawing inferences from the text.
RI.5.7: Draw on information from multiple print or digital sources, demonstrating the ability to locate an answer to a question quickly or to solve a problem efficiently.
RI.5.8: Explain how an author uses reasons and evidence to support particular points in a text, identifying which reasons and evidence support which point(s).
RI.5.9: Integrate information from several texts on the same topic in order to write or speak about the subject knowledgeably.
W.5.1.a–d: Write opinion pieces on topics or texts, supporting a point of view with reasons and information.

Mathematics
MP.2: Reason abstractly and quantitatively.
MP.4: Model with mathematics.
5.NBT.2: Explain patterns in the number of zeros of the product when multiplying a number by powers of 10, and explain patterns in the placement of the decimal point when a decimal is multiplied or divided by a power of 10. Use whole-number exponents to denote powers of 10.

DCI Connections:
Connections to other DCIs in fifth grade: N/A

Articulation across grade-levels: MS.ESS1.A; MS.ESS1.B
"
CA-NGSS-2013,5-ESS1-2,5,ESS1.B: Earth and the Solar System,CCC-1: Patterns,SEP-4: Analyzing and Interpreting Data,Earth and Space Science,5-ESS1 Earth’s Place in the Universe,"Represent data in graphical displays to reveal patterns of daily changes in length and direction of shadows, day and night, and the seasonal appearance of some stars in the night sky.  [Clarification Statement: Examples of patterns could include the position and motion of Earth with respect to the sun and selected stars that are visible only in particular months.] [Assessment Boundary: Assessment does not include causes of seasons.]","ESS1.B: Earth and the Solar System
The orbits of Earth around the sun and of the moon around Earth, together with the rotation of Earth about an axis between its North and South poles, cause observable patterns. These include day and night; daily changes in the length and direction of shadows; and different positions of the sun, moon, and stars at different times of the day, month, and year.","Analyzing and Interpreting Data
Represent data in graphical displays (bar graphs, pictographs and/or pie charts) to reveal patterns that indicate relationships.","Patterns 
Similarities and differences in patterns can be used to sort, classify, communicate and analyze simple rates of change for natural phenomena.",N/A,"ELA/Literacy
SL.5.5: Include multimedia components (e.g., graphics, sound) and visual displays in presentations when appropriate to enhance the development of main ideas or themes.

Mathematics
MP.2: Reason abstractly and quantitatively.
MP.4: Model with mathematics.
5.G.2: Represent real world and mathematical problems by graphing points in the first quadrant of the coordinate plane, and interpret coordinate values of points in the context of the situation.",Connections to other DCIs in fifth grade: N/A,,1.ESS1.A; 1.ESS1.B; 3.PS2.A; MS.ESS1.A; MS.ESS1.B,https://www.cde.ca.gov/Ci/pl/ngssstandards.asp,,"Standard Identifier: 5-ESS1-2
Grade: 5
Disciplinary Core Idea: ESS1.B: Earth and the Solar System
Cross Cutting Concept: CCC-1: Patterns
Science & Engineering Practice: SEP-4: Analyzing and Interpreting Data
Content Area: Earth and Space Science

Title: 5-ESS1 Earth’s Place in the Universe

Performance Expectation: Represent data in graphical displays to reveal patterns of daily changes in length and direction of shadows, day and night, and the seasonal appearance of some stars in the night sky.  [Clarification Statement: Examples of patterns could include the position and motion of Earth with respect to the sun and selected stars that are visible only in particular months.] [Assessment Boundary: Assessment does not include causes of seasons.]

Disciplinary Core Idea(s):
ESS1.B: Earth and the Solar System
The orbits of Earth around the sun and of the moon around Earth, together with the rotation of Earth about an axis between its North and South poles, cause observable patterns. These include day and night; daily changes in the length and direction of shadows; and different positions of the sun, moon, and stars at different times of the day, month, and year.

Science & Engineering Practices: Analyzing and Interpreting Data
Represent data in graphical displays (bar graphs, pictographs and/or pie charts) to reveal patterns that indicate relationships.

Crosscutting Concepts: Patterns 
Similarities and differences in patterns can be used to sort, classify, communicate and analyze simple rates of change for natural phenomena.

California Environmental Principles and Concepts:
N/A

California Common Core State Standards Connections:
ELA/Literacy
SL.5.5: Include multimedia components (e.g., graphics, sound) and visual displays in presentations when appropriate to enhance the development of main ideas or themes.

Mathematics
MP.2: Reason abstractly and quantitatively.
MP.4: Model with mathematics.
5.G.2: Represent real world and mathematical problems by graphing points in the first quadrant of the coordinate plane, and interpret coordinate values of points in the context of the situation.

DCI Connections:
Connections to other DCIs in fifth grade: N/A

Articulation across grade-levels: 1.ESS1.A; 1.ESS1.B; 3.PS2.A; MS.ESS1.A; MS.ESS1.B
"
CA-NGSS-2013,5-ESS2-1,5,ESS2.A: Earth Materials and Systems,CCC-4: Systems and Systems Models,SEP-2: Developing and Using Models,Earth and Space Science,5-ESS2 Earth’s Systems,"Develop a model using an example to describe ways the geosphere, biosphere, hydrosphere, and/or atmosphere interact.  [Clarification Statement: The geosphere, hydrosphere (including ice), atmosphere, and biosphere are each system is a part of the whole Earth System. Examples could include the influence of the ocean on ecosystems, landform shape, and climate; the influence of the atmosphere on landforms and ecosystems through weather and climate; and the influence of mountain ranges on winds and clouds in the atmosphere. The geosphere, hydrosphere, atmosphere, and biosphere are each a system.] [Assessment Boundary: Assessment is limited to the interactions of two systems at a time.]","ESS2.A: Earth Materials and Systems
Earth’s major systems are the geosphere (solid and molten rock, soil, and sediments), the hydrosphere (water and ice), the atmosphere (air), and the biosphere (living things, including humans). These systems interact in multiple ways to affect Earth’s surface materials and processes. The ocean supports a variety of ecosystems and organisms, shapes landforms, and influences climate. Winds and clouds in the atmosphere interact with the landforms to determine patterns of weather.","Developing and Using Models
Develop a model using an example to describe a scientific principle.","Systems and System Models 
A system can be described in terms of its components and their interactions.","Principle III
Natural systems proceed through cycles that humans depend upon, benefit from, and can alter.","ELA/Literacy
RI.5.7: Draw on information from multiple print or digital sources, demonstrating the ability to locate an answer to a question quickly or to solve a problem efficiently.          
SL.5.5: Include multimedia components (e.g., graphics, sound) and visual displays in presentations when appropriate to enhance the development of main ideas or themes. 

Mathematics
MP.2: Reason abstractly and quantitatively. 
MP.4: Model with mathematics.
5.G.2: Represent real world and mathematical problems by graphing points in the first quadrant of the coordinate plane, and interpret coordinate values of points in the context of the situation.",Connections to other DCIs in fifth grade: N/A,,2.ESS2.A; 3.ESS2.D; 4.ESS2.A; MS.ESS2.A; MS.ESS2.C; MS.ESS2.D,https://www.cde.ca.gov/Ci/pl/ngssstandards.asp,,"Standard Identifier: 5-ESS2-1
Grade: 5
Disciplinary Core Idea: ESS2.A: Earth Materials and Systems
Cross Cutting Concept: CCC-4: Systems and Systems Models
Science & Engineering Practice: SEP-2: Developing and Using Models
Content Area: Earth and Space Science

Title: 5-ESS2 Earth’s Systems

Performance Expectation: Develop a model using an example to describe ways the geosphere, biosphere, hydrosphere, and/or atmosphere interact.  [Clarification Statement: The geosphere, hydrosphere (including ice), atmosphere, and biosphere are each system is a part of the whole Earth System. Examples could include the influence of the ocean on ecosystems, landform shape, and climate; the influence of the atmosphere on landforms and ecosystems through weather and climate; and the influence of mountain ranges on winds and clouds in the atmosphere. The geosphere, hydrosphere, atmosphere, and biosphere are each a system.] [Assessment Boundary: Assessment is limited to the interactions of two systems at a time.]

Disciplinary Core Idea(s):
ESS2.A: Earth Materials and Systems
Earth’s major systems are the geosphere (solid and molten rock, soil, and sediments), the hydrosphere (water and ice), the atmosphere (air), and the biosphere (living things, including humans). These systems interact in multiple ways to affect Earth’s surface materials and processes. The ocean supports a variety of ecosystems and organisms, shapes landforms, and influences climate. Winds and clouds in the atmosphere interact with the landforms to determine patterns of weather.

Science & Engineering Practices: Developing and Using Models
Develop a model using an example to describe a scientific principle.

Crosscutting Concepts: Systems and System Models 
A system can be described in terms of its components and their interactions.

California Environmental Principles and Concepts:
Principle III
Natural systems proceed through cycles that humans depend upon, benefit from, and can alter.

California Common Core State Standards Connections:
ELA/Literacy
RI.5.7: Draw on information from multiple print or digital sources, demonstrating the ability to locate an answer to a question quickly or to solve a problem efficiently.          
SL.5.5: Include multimedia components (e.g., graphics, sound) and visual displays in presentations when appropriate to enhance the development of main ideas or themes. 

Mathematics
MP.2: Reason abstractly and quantitatively. 
MP.4: Model with mathematics.
5.G.2: Represent real world and mathematical problems by graphing points in the first quadrant of the coordinate plane, and interpret coordinate values of points in the context of the situation.

DCI Connections:
Connections to other DCIs in fifth grade: N/A

Articulation across grade-levels: 2.ESS2.A; 3.ESS2.D; 4.ESS2.A; MS.ESS2.A; MS.ESS2.C; MS.ESS2.D
"
CA-NGSS-2013,5-ESS2-2,5,ESS2.C: The Roles of Water in Earth's Surface Processes,"CCC-3: Scale, Proportion, and Quantity",SEP-5: Using Mathematics and Computational Thinking,Earth and Space Science,5-ESS2 Earth’s Systems,"Describe and graph the amounts of salt water and fresh water in various reservoirs to provide evidence about the distribution of water on Earth.  [Assessment Boundary: Assessment is limited to oceans, lakes, rivers, glaciers, ground water, and polar ice caps, and does not include the atmosphere.]","ESS2.C: The Roles of Water in Earth’s Surface Processes
Nearly all of Earth’s available water is in the ocean. Most fresh water is in glaciers or underground; only a tiny fraction is in streams, lakes, wetlands, and the atmosphere.","Using Mathematics and Computational Thinking
Describe and graph quantities such as area and volume to address scientific questions.","Scale, Proportion, and Quantity
Standard units are used to measure and describe physical quantities such as weight and volume.","Principle III
Natural systems proceed through cycles that humans depend upon, benefit from, and can alter.","ELA/Literacy
RI.5.7: Draw on information from multiple print or digital sources, demonstrating the ability to locate an answer to a question quickly or to solve a problem efficiently.
W.5.8: Recall relevant information from experiences or gather relevant information from print and digital sources; summarize or paraphrase information in notes and finished work, and provide a list of sources. 
SL.5.5: Include multimedia components (e.g., graphics, sound) and visual displays in presentations when appropriate to enhance the development of main ideas or themes.

Mathematics
MP.2: Reason abstractly and quantitatively.
MP.4: Model with mathematics.",Connections to other DCIs in fifth grade: N/A,,2.ESS2.C; MS.ESS2.C; MS.ESS3.A,https://www.cde.ca.gov/Ci/pl/ngssstandards.asp,,"Standard Identifier: 5-ESS2-2
Grade: 5
Disciplinary Core Idea: ESS2.C: The Roles of Water in Earth's Surface Processes
Cross Cutting Concept: CCC-3: Scale, Proportion, and Quantity
Science & Engineering Practice: SEP-5: Using Mathematics and Computational Thinking
Content Area: Earth and Space Science

Title: 5-ESS2 Earth’s Systems

Performance Expectation: Describe and graph the amounts of salt water and fresh water in various reservoirs to provide evidence about the distribution of water on Earth.  [Assessment Boundary: Assessment is limited to oceans, lakes, rivers, glaciers, ground water, and polar ice caps, and does not include the atmosphere.]

Disciplinary Core Idea(s):
ESS2.C: The Roles of Water in Earth’s Surface Processes
Nearly all of Earth’s available water is in the ocean. Most fresh water is in glaciers or underground; only a tiny fraction is in streams, lakes, wetlands, and the atmosphere.

Science & Engineering Practices: Using Mathematics and Computational Thinking
Describe and graph quantities such as area and volume to address scientific questions.

Crosscutting Concepts: Scale, Proportion, and Quantity
Standard units are used to measure and describe physical quantities such as weight and volume.

California Environmental Principles and Concepts:
Principle III
Natural systems proceed through cycles that humans depend upon, benefit from, and can alter.

California Common Core State Standards Connections:
ELA/Literacy
RI.5.7: Draw on information from multiple print or digital sources, demonstrating the ability to locate an answer to a question quickly or to solve a problem efficiently.
W.5.8: Recall relevant information from experiences or gather relevant information from print and digital sources; summarize or paraphrase information in notes and finished work, and provide a list of sources. 
SL.5.5: Include multimedia components (e.g., graphics, sound) and visual displays in presentations when appropriate to enhance the development of main ideas or themes.

Mathematics
MP.2: Reason abstractly and quantitatively.
MP.4: Model with mathematics.

DCI Connections:
Connections to other DCIs in fifth grade: N/A

Articulation across grade-levels: 2.ESS2.C; MS.ESS2.C; MS.ESS3.A
"
CA-NGSS-2013,5-ESS3-1,5,ESS3.C: Human Impacts on Earth Systems,CCC-4: Systems and Systems Models,"SEP-8: Obtaining, Evaluating, and Communicating Information",Earth and Space Science,5-ESS3 Earth and Human Activity,Obtain and combine information about ways individual communities use science ideas to protect the Earth’s resources and environment.,"ESS3.C: Human Impacts on Earth Systems
Human activities in agriculture, industry, and everyday life have had major effects on the land, vegetation, streams, ocean, air, and even outer space. But individuals and communities are doing things to help protect Earth’s resources and environments.","Obtaining, Evaluating, and Communicating Information
Obtain and combine information from books and/or other reliable media to explain phenomena or solutions to a design problem.","Systems and System Models 
A system can be described in terms of its components and their interactions. 

Connections to Nature of Science:

Science Addresses Questions About the Natural and Material World 
Science findings are limited to questions that can be answered with empirical evidence.","Principle II
The long-term functioning and health of terrestrial, freshwater, coastal, and marine ecosystems are influenced by their relationships with human societies.","ELA/Literacy
RI.5.1: Quote accurately from a text when explaining what the text says explicitly and when drawing inferences from the text.
RI.5.7: Draw on information from multiple print or digital sources, demonstrating the ability to locate an answer to a question quickly or to solve a problem efficiently.
RI.5.9: Integrate information from several texts on the same topic in order to write or speak about the subject knowledgeably.
W.5.8: Recall relevant information from experiences or gather relevant information from print and digital sources; summarize or paraphrase information in notes and finished work, and provide a list of sources.
RI.5.9.a-b: Integrate information from several texts on the same topic in order to write or speak about the subject knowledgeably.

Mathematics
MP.2: Reason abstractly and quantitatively.
MP.4: Model with mathematics.",Connections to other DCIs in fifth grade: N/A,,MS.ESS3.A; MS.ESS3.C; MS.ESS3.D,https://www.cde.ca.gov/Ci/pl/ngssstandards.asp,,"Standard Identifier: 5-ESS3-1
Grade: 5
Disciplinary Core Idea: ESS3.C: Human Impacts on Earth Systems
Cross Cutting Concept: CCC-4: Systems and Systems Models
Science & Engineering Practice: SEP-8: Obtaining, Evaluating, and Communicating Information
Content Area: Earth and Space Science

Title: 5-ESS3 Earth and Human Activity

Performance Expectation: Obtain and combine information about ways individual communities use science ideas to protect the Earth’s resources and environment.

Disciplinary Core Idea(s):
ESS3.C: Human Impacts on Earth Systems
Human activities in agriculture, industry, and everyday life have had major effects on the land, vegetation, streams, ocean, air, and even outer space. But individuals and communities are doing things to help protect Earth’s resources and environments.

Science & Engineering Practices: Obtaining, Evaluating, and Communicating Information
Obtain and combine information from books and/or other reliable media to explain phenomena or solutions to a design problem.

Crosscutting Concepts: Systems and System Models 
A system can be described in terms of its components and their interactions. 

Connections to Nature of Science:

Science Addresses Questions About the Natural and Material World 
Science findings are limited to questions that can be answered with empirical evidence.

California Environmental Principles and Concepts:
Principle II
The long-term functioning and health of terrestrial, freshwater, coastal, and marine ecosystems are influenced by their relationships with human societies.

California Common Core State Standards Connections:
ELA/Literacy
RI.5.1: Quote accurately from a text when explaining what the text says explicitly and when drawing inferences from the text.
RI.5.7: Draw on information from multiple print or digital sources, demonstrating the ability to locate an answer to a question quickly or to solve a problem efficiently.
RI.5.9: Integrate information from several texts on the same topic in order to write or speak about the subject knowledgeably.
W.5.8: Recall relevant information from experiences or gather relevant information from print and digital sources; summarize or paraphrase information in notes and finished work, and provide a list of sources.
RI.5.9.a-b: Integrate information from several texts on the same topic in order to write or speak about the subject knowledgeably.

Mathematics
MP.2: Reason abstractly and quantitatively.
MP.4: Model with mathematics.

DCI Connections:
Connections to other DCIs in fifth grade: N/A

Articulation across grade-levels: MS.ESS3.A; MS.ESS3.C; MS.ESS3.D
"
CA-NGSS-2013,5-LS1-1,5,LS1.C: Organization for Matter and Energy Flow in Organisms,"CCC-5: Energy and Matter: Flows, Cycles, and Conservation",SEP-7: Engaging in Argument From Science,Life Science,5-LS1 From Molecules to Organisms: Structures and Processes,"Support an argument that plants get the materials they need for growth chiefly from air and water.  [Clarification Statement: Emphasis is on the idea that plant matter comes mostly from air and water, not from the soil.]","LS1.C: Organization for Matter and Energy Flow in Organisms
Plants acquire their material for growth chiefly from air and water.","Engaging in Argument from Evidence
Support an argument with evidence, data, or a model.","Energy and Matter
Matter is transported into, out of, and within systems.","Principle IV
The exchange of matter between natural systems and human societies affects the long-term functioning of both.","ELA/Literacy
RI.5.1: Quote accurately from a text when explaining what the text says explicitly and when drawing inferences from the text.
RI.5.9: Integrate information from several texts on the same topic in order to write or speak about the subject knowledgeably.
W.5.1.a–d: Write opinion pieces on topics or texts, supporting a point of view with reasons and information.

Mathematics
MP.2: Reason abstractly and quantitatively.
MP.4: Model with mathematics. 
MP.5: Use appropriate tools strategically.
5.MD.1: Convert among different-sized standard measurement units within a given measurement system (e.g., convert 5 cm to 0.05 m), and use these conversions in solving multi-step, real world problems.",Connections to other DCIs in fifth grade: 5.PS1.A,,K.LS1.C; 2.LS2.A; MS.LS1.C,https://www.cde.ca.gov/Ci/pl/ngssstandards.asp,,"Standard Identifier: 5-LS1-1
Grade: 5
Disciplinary Core Idea: LS1.C: Organization for Matter and Energy Flow in Organisms
Cross Cutting Concept: CCC-5: Energy and Matter: Flows, Cycles, and Conservation
Science & Engineering Practice: SEP-7: Engaging in Argument From Science
Content Area: Life Science

Title: 5-LS1 From Molecules to Organisms: Structures and Processes

Performance Expectation: Support an argument that plants get the materials they need for growth chiefly from air and water.  [Clarification Statement: Emphasis is on the idea that plant matter comes mostly from air and water, not from the soil.]

Disciplinary Core Idea(s):
LS1.C: Organization for Matter and Energy Flow in Organisms
Plants acquire their material for growth chiefly from air and water.

Science & Engineering Practices: Engaging in Argument from Evidence
Support an argument with evidence, data, or a model.

Crosscutting Concepts: Energy and Matter
Matter is transported into, out of, and within systems.

California Environmental Principles and Concepts:
Principle IV
The exchange of matter between natural systems and human societies affects the long-term functioning of both.

California Common Core State Standards Connections:
ELA/Literacy
RI.5.1: Quote accurately from a text when explaining what the text says explicitly and when drawing inferences from the text.
RI.5.9: Integrate information from several texts on the same topic in order to write or speak about the subject knowledgeably.
W.5.1.a–d: Write opinion pieces on topics or texts, supporting a point of view with reasons and information.

Mathematics
MP.2: Reason abstractly and quantitatively.
MP.4: Model with mathematics. 
MP.5: Use appropriate tools strategically.
5.MD.1: Convert among different-sized standard measurement units within a given measurement system (e.g., convert 5 cm to 0.05 m), and use these conversions in solving multi-step, real world problems.

DCI Connections:
Connections to other DCIs in fifth grade: 5.PS1.A

Articulation across grade-levels: K.LS1.C; 2.LS2.A; MS.LS1.C
"
CA-NGSS-2013,5-LS2-1,5,"LS2.A: Interdependent Relationships in Ecosystems, LS2.B: Cycles of Matter and Energy Transfer in Ecosystems",CCC-4: Systems and Systems Models,SEP-2: Developing and Using Models,Life Science,"5-LS2 Ecosystems: Interactions, Energy, and Dynamics","Develop a model to describe the movement of matter among plants, animals, decomposers, and the environment.  [Clarification Statement: Emphasis is on the idea that matter that is not food (air, water, decomposed materials in soil) is changed by plants into matter that is food. Examples of systems could include organisms, ecosystems, and the Earth.] [Assessment Boundary: Assessment does not include molecular explanations.]","LS2.A: Interdependent Relationships in Ecosystems
The food of almost any kind of animal can be traced back to plants. Organisms are related in food webs in which some animals eat plants for food and other animals eat the animals that eat plants. Some organisms, such as fungi and bacteria, break down dead organisms (both plants or plants parts and animals) and therefore operate as “decomposers.” Decomposition eventually restores (recycles) some materials back to the soil. Organisms can survive only in environments in which their particular needs are met. A healthy ecosystem is one in which multiple species of different types are each able to meet their needs in a relatively stable web of life. Newly introduced species can damage the balance of an ecosystem.

LS2.B: Cycles of Matter and Energy Transfer in Ecosystems
Matter cycles between the air and soil and among plants, animals, and microbes as these organisms live and die. Organisms obtain gases, and water, from the environment, and release waste matter (gas, liquid, or solid) back into the environment.","Developing and Using Models
Develop a model to describe phenomena.

Connections to Nature of Science:

Science Models, Laws, Mechanisms, and Theories Explain Natural Phenomena
Science explanations describe the mechanisms for natural events.","Systems and System Models
A system can be described in terms of its components and their interactions.","Principle III
Natural systems proceed through cycles that humans depend upon, benefit from, and can alter.

Principle IV
The exchange of matter between natural systems and human societies affects the long-term functioning of both.","ELA/Literacy
RI.5.7: Draw on information from multiple print or digital sources, demonstrating the ability to locate an answer to a question quickly or to solve a problem efficiently. 
SL.5.5: Include multimedia components (e.g., graphics, sound) and visual displays in presentations when appropriate to enhance the development of main ideas or themes.

Mathematics
MP.2: Reason abstractly and quantitatively.
MP.4: Model with mathematics.",Connections to other DCIs in fifth grade: 5.PS1.A; 5.ESS2.A,,2.PS1.A; 2.LS4.D; 4.ESS2.E; MS.LS1.C; MS.LS2.A; MS.LS2.B; MS.PS3.D,https://www.cde.ca.gov/Ci/pl/ngssstandards.asp,,"Standard Identifier: 5-LS2-1
Grade: 5
Disciplinary Core Idea: LS2.A: Interdependent Relationships in Ecosystems, LS2.B: Cycles of Matter and Energy Transfer in Ecosystems
Cross Cutting Concept: CCC-4: Systems and Systems Models
Science & Engineering Practice: SEP-2: Developing and Using Models
Content Area: Life Science

Title: 5-LS2 Ecosystems: Interactions, Energy, and Dynamics

Performance Expectation: Develop a model to describe the movement of matter among plants, animals, decomposers, and the environment.  [Clarification Statement: Emphasis is on the idea that matter that is not food (air, water, decomposed materials in soil) is changed by plants into matter that is food. Examples of systems could include organisms, ecosystems, and the Earth.] [Assessment Boundary: Assessment does not include molecular explanations.]

Disciplinary Core Idea(s):
LS2.A: Interdependent Relationships in Ecosystems
The food of almost any kind of animal can be traced back to plants. Organisms are related in food webs in which some animals eat plants for food and other animals eat the animals that eat plants. Some organisms, such as fungi and bacteria, break down dead organisms (both plants or plants parts and animals) and therefore operate as “decomposers.” Decomposition eventually restores (recycles) some materials back to the soil. Organisms can survive only in environments in which their particular needs are met. A healthy ecosystem is one in which multiple species of different types are each able to meet their needs in a relatively stable web of life. Newly introduced species can damage the balance of an ecosystem.

LS2.B: Cycles of Matter and Energy Transfer in Ecosystems
Matter cycles between the air and soil and among plants, animals, and microbes as these organisms live and die. Organisms obtain gases, and water, from the environment, and release waste matter (gas, liquid, or solid) back into the environment.

Science & Engineering Practices: Developing and Using Models
Develop a model to describe phenomena.

Connections to Nature of Science:

Science Models, Laws, Mechanisms, and Theories Explain Natural Phenomena
Science explanations describe the mechanisms for natural events.

Crosscutting Concepts: Systems and System Models
A system can be described in terms of its components and their interactions.

California Environmental Principles and Concepts:
Principle III
Natural systems proceed through cycles that humans depend upon, benefit from, and can alter.

Principle IV
The exchange of matter between natural systems and human societies affects the long-term functioning of both.

California Common Core State Standards Connections:
ELA/Literacy
RI.5.7: Draw on information from multiple print or digital sources, demonstrating the ability to locate an answer to a question quickly or to solve a problem efficiently. 
SL.5.5: Include multimedia components (e.g., graphics, sound) and visual displays in presentations when appropriate to enhance the development of main ideas or themes.

Mathematics
MP.2: Reason abstractly and quantitatively.
MP.4: Model with mathematics.

DCI Connections:
Connections to other DCIs in fifth grade: 5.PS1.A; 5.ESS2.A

Articulation across grade-levels: 2.PS1.A; 2.LS4.D; 4.ESS2.E; MS.LS1.C; MS.LS2.A; MS.LS2.B; MS.PS3.D
"
CA-NGSS-2013,5-PS1-1,5,PS1.A: Structure and Properties of Matter,"CCC-3: Scale, Proportion, and Quantity",SEP-2: Developing and Using Models,Physical Science,5-PS1 Matter and Its Interactions,"Develop a model to describe that matter is made of particles too small to be seen.  [Clarification Statement: Examples of evidence supporting a model could include adding air to expand a basketball, compressing air in a syringe, dissolving sugar in water, and evaporating salt water.] [Assessment Boundary: Assessment does not include the atomic-scale mechanism of evaporation and condensation or defining the unseen particles.]","PS1.A: Structure and Properties of Matter
Matter of any type can be subdivided into particles that are too small to see, but even then the matter still exists and can be detected by other means. A model showing that gases are made from matter particles that are too small to see and are moving freely around in space can explain many observations, including the inflation and shape of a balloon and the effects of air on larger particles or objects.","Developing and Using Models
Develop a model to describe phenomena.","Scale, Proportion, and Quantity
Natural objects exist from the very small to the immensely large.",N/A,"ELA/Literacy
RI.5.7: Draw on information from multiple print or digital sources, demonstrating the ability to locate an answer to a question quickly or to solve a problem efficiently.          

Mathematics
MP.2: Reason abstractly and quantitatively. 
MP.4: Model with mathematics. 
5.NBT.2: Explain patterns in the number of zeros of the product when multiplying a number by powers of 10, and explain patterns in the placement of the decimal point when a decimal is multiplied or divided by a power of 10. Use whole-number exponents to denote powers of 10.
5.NF.7.a-c: Apply and extend previous understandings of division to divide unit fractions by whole numbers and whole numbers by unit fractions.
5.MD.3.a-b: Recognize volume as an attribute of solid figures and understand concepts of volume measurement. 
5.MD.4: Measure volumes by counting unit cubes, using cubic cm, cubic in, cubic ft, and improvised units.",Connections to other DCIs in fifth grade: N/A,,2.PS1.A; MS.PS1.A,https://www.cde.ca.gov/Ci/pl/ngssstandards.asp,,"Standard Identifier: 5-PS1-1
Grade: 5
Disciplinary Core Idea: PS1.A: Structure and Properties of Matter
Cross Cutting Concept: CCC-3: Scale, Proportion, and Quantity
Science & Engineering Practice: SEP-2: Developing and Using Models
Content Area: Physical Science

Title: 5-PS1 Matter and Its Interactions

Performance Expectation: Develop a model to describe that matter is made of particles too small to be seen.  [Clarification Statement: Examples of evidence supporting a model could include adding air to expand a basketball, compressing air in a syringe, dissolving sugar in water, and evaporating salt water.] [Assessment Boundary: Assessment does not include the atomic-scale mechanism of evaporation and condensation or defining the unseen particles.]

Disciplinary Core Idea(s):
PS1.A: Structure and Properties of Matter
Matter of any type can be subdivided into particles that are too small to see, but even then the matter still exists and can be detected by other means. A model showing that gases are made from matter particles that are too small to see and are moving freely around in space can explain many observations, including the inflation and shape of a balloon and the effects of air on larger particles or objects.

Science & Engineering Practices: Developing and Using Models
Develop a model to describe phenomena.

Crosscutting Concepts: Scale, Proportion, and Quantity
Natural objects exist from the very small to the immensely large.

California Environmental Principles and Concepts:
N/A

California Common Core State Standards Connections:
ELA/Literacy
RI.5.7: Draw on information from multiple print or digital sources, demonstrating the ability to locate an answer to a question quickly or to solve a problem efficiently.          

Mathematics
MP.2: Reason abstractly and quantitatively. 
MP.4: Model with mathematics. 
5.NBT.2: Explain patterns in the number of zeros of the product when multiplying a number by powers of 10, and explain patterns in the placement of the decimal point when a decimal is multiplied or divided by a power of 10. Use whole-number exponents to denote powers of 10.
5.NF.7.a-c: Apply and extend previous understandings of division to divide unit fractions by whole numbers and whole numbers by unit fractions.
5.MD.3.a-b: Recognize volume as an attribute of solid figures and understand concepts of volume measurement. 
5.MD.4: Measure volumes by counting unit cubes, using cubic cm, cubic in, cubic ft, and improvised units.

DCI Connections:
Connections to other DCIs in fifth grade: N/A

Articulation across grade-levels: 2.PS1.A; MS.PS1.A
"
CA-NGSS-2013,5-PS1-2,5,"PS1.A: Structure and Properties of Matter, PS1.B: Chemical Reactions","CCC-3: Scale, Proportion, and Quantity",SEP-5: Using Mathematics and Computational Thinking,Physical Science,5-PS1 Matter and Its Interactions,"Measure and graph quantities to provide evidence that regardless of the type of change that occurs when heating, cooling, or mixing substances, the total weight of matter is conserved.  [Clarification Statement: Examples of reactions or changes could include phase changes, dissolving, and mixing that form new substances.] [Assessment Boundary: Assessment does not include distinguishing mass and weight.]","PS1.A: Structure and Properties of Matter
The amount (weight) of matter is conserved when it changes form, even in transitions in which it seems to vanish. 

PS1.B: Chemical Reactions
No matter what reaction or change in properties occurs, the total weight of the substances does not change. (Boundary:  Mass and weight are not distinguished at this grade level.)","Using Mathematics and Computational Thinking
Measure and graph quantities such as weight to address scientific and engineering questions and problems.","Scale, Proportion, and Quantity
Standard units are used to measure and describe physical quantities such as weight, time, temperature, and volume.

Connections to Nature of Science:

Scientific Knowledge Assumes an Order and Consistency in Natural Systems
Science assumes consistent patterns in natural systems.",N/A,"ELA/Literacy
W.5.7: Conduct short research projects that use several sources to build knowledge through investigation of different aspects of a topic.
W.5.8: Recall relevant information from experiences or gather relevant information from print and digital sources; summarize or paraphrase information in notes and finished work, and provide a list of sources. 
W.5.9.a-b: Draw evidence from literary or informational texts to support analysis, reflection, and research. 

Mathematics
MP.2: Reason abstractly and quantitatively.
MP.4: Model with mathematics. 
MP.5: Use appropriate tools strategically.
5.MD.1: Convert among different-sized standard measurement units within a given measurement system (e.g., convert 5 cm to 0.05 m), and use these conversions in solving multi-step, real-world problems.",Connections to other DCIs in fifth grade: N/A,,2.PS1.A; MS.PS1.A,https://www.cde.ca.gov/Ci/pl/ngssstandards.asp,,"Standard Identifier: 5-PS1-2
Grade: 5
Disciplinary Core Idea: PS1.A: Structure and Properties of Matter, PS1.B: Chemical Reactions
Cross Cutting Concept: CCC-3: Scale, Proportion, and Quantity
Science & Engineering Practice: SEP-5: Using Mathematics and Computational Thinking
Content Area: Physical Science

Title: 5-PS1 Matter and Its Interactions

Performance Expectation: Measure and graph quantities to provide evidence that regardless of the type of change that occurs when heating, cooling, or mixing substances, the total weight of matter is conserved.  [Clarification Statement: Examples of reactions or changes could include phase changes, dissolving, and mixing that form new substances.] [Assessment Boundary: Assessment does not include distinguishing mass and weight.]

Disciplinary Core Idea(s):
PS1.A: Structure and Properties of Matter
The amount (weight) of matter is conserved when it changes form, even in transitions in which it seems to vanish. 

PS1.B: Chemical Reactions
No matter what reaction or change in properties occurs, the total weight of the substances does not change. (Boundary:  Mass and weight are not distinguished at this grade level.)

Science & Engineering Practices: Using Mathematics and Computational Thinking
Measure and graph quantities such as weight to address scientific and engineering questions and problems.

Crosscutting Concepts: Scale, Proportion, and Quantity
Standard units are used to measure and describe physical quantities such as weight, time, temperature, and volume.

Connections to Nature of Science:

Scientific Knowledge Assumes an Order and Consistency in Natural Systems
Science assumes consistent patterns in natural systems.

California Environmental Principles and Concepts:
N/A

California Common Core State Standards Connections:
ELA/Literacy
W.5.7: Conduct short research projects that use several sources to build knowledge through investigation of different aspects of a topic.
W.5.8: Recall relevant information from experiences or gather relevant information from print and digital sources; summarize or paraphrase information in notes and finished work, and provide a list of sources. 
W.5.9.a-b: Draw evidence from literary or informational texts to support analysis, reflection, and research. 

Mathematics
MP.2: Reason abstractly and quantitatively.
MP.4: Model with mathematics. 
MP.5: Use appropriate tools strategically.
5.MD.1: Convert among different-sized standard measurement units within a given measurement system (e.g., convert 5 cm to 0.05 m), and use these conversions in solving multi-step, real-world problems.

DCI Connections:
Connections to other DCIs in fifth grade: N/A

Articulation across grade-levels: 2.PS1.A; MS.PS1.A
"
CA-NGSS-2013,5-PS1-3,5,PS1.A: Structure and Properties of Matter,"CCC-3: Scale, Proportion, and Quantity",SEP-3: Planning and Carrying Out Investigations,Physical Science,5-PS1 Matter and Its Interactions,"Make observations and measurements to identify materials based on their properties.  [Clarification Statement: Examples of materials to be identified could include baking soda and other powders, metals, minerals, and liquids. Examples of properties could include color, hardness, reflectivity, electrical conductivity, thermal conductivity, response to magnetic forces, and solubility; density is not intended as an identifiable property.] [Assessment Boundary: Assessment does not include density or distinguishing mass and weight.]","PS1.A: Structure and Properties of Matter
Measurements of a variety of properties can be used to identify materials. (Boundary: At this grade level, mass and weight are not distinguished, and no attempt is made to define the unseen particles or explain the atomic-scale mechanism of evaporation and condensation.)","Planning and Carrying Out Investigations
Make observations and measurements to produce data to serve as the basis for evidence for an explanation of a phenomenon.","Scale, Proportion, and Quantity
Standard units are used to measure and describe physical quantities such as weight, time, temperature, and volume.",N/A,"ELA/Literacy
W.5.7: Conduct short research projects that use several sources to build knowledge through investigation of different aspects of a topic.
W.5.8: Recall relevant information from experiences or gather relevant information from print and digital sources; summarize or paraphrase information in notes and finished work, and provide a list of sources. 
W.5.9.a-b: Draw evidence from literary or informational texts to support analysis, reflection, and research. 

Mathematics
MP.2: Reason abstractly and quantitatively. 
MP.4: Model with mathematics.
MP.5: Use appropriate tools strategically.",Connections to other DCIs in fifth grade: N/A,,2.PS1.A; MS.PS1.A,https://www.cde.ca.gov/Ci/pl/ngssstandards.asp,,"Standard Identifier: 5-PS1-3
Grade: 5
Disciplinary Core Idea: PS1.A: Structure and Properties of Matter
Cross Cutting Concept: CCC-3: Scale, Proportion, and Quantity
Science & Engineering Practice: SEP-3: Planning and Carrying Out Investigations
Content Area: Physical Science

Title: 5-PS1 Matter and Its Interactions

Performance Expectation: Make observations and measurements to identify materials based on their properties.  [Clarification Statement: Examples of materials to be identified could include baking soda and other powders, metals, minerals, and liquids. Examples of properties could include color, hardness, reflectivity, electrical conductivity, thermal conductivity, response to magnetic forces, and solubility; density is not intended as an identifiable property.] [Assessment Boundary: Assessment does not include density or distinguishing mass and weight.]

Disciplinary Core Idea(s):
PS1.A: Structure and Properties of Matter
Measurements of a variety of properties can be used to identify materials. (Boundary: At this grade level, mass and weight are not distinguished, and no attempt is made to define the unseen particles or explain the atomic-scale mechanism of evaporation and condensation.)

Science & Engineering Practices: Planning and Carrying Out Investigations
Make observations and measurements to produce data to serve as the basis for evidence for an explanation of a phenomenon.

Crosscutting Concepts: Scale, Proportion, and Quantity
Standard units are used to measure and describe physical quantities such as weight, time, temperature, and volume.

California Environmental Principles and Concepts:
N/A

California Common Core State Standards Connections:
ELA/Literacy
W.5.7: Conduct short research projects that use several sources to build knowledge through investigation of different aspects of a topic.
W.5.8: Recall relevant information from experiences or gather relevant information from print and digital sources; summarize or paraphrase information in notes and finished work, and provide a list of sources. 
W.5.9.a-b: Draw evidence from literary or informational texts to support analysis, reflection, and research. 

Mathematics
MP.2: Reason abstractly and quantitatively. 
MP.4: Model with mathematics.
MP.5: Use appropriate tools strategically.

DCI Connections:
Connections to other DCIs in fifth grade: N/A

Articulation across grade-levels: 2.PS1.A; MS.PS1.A
"
CA-NGSS-2013,5-PS1-4,5,PS1.B: Chemical Reactions,CCC-2: Cause and Effect: Mechanism and Explanation,SEP-3: Planning and Carrying Out Investigations,Physical Science,5-PS1 Matter and Its Interactions,Conduct an investigation to determine whether the mixing of two or more substances results in new substances.  [Clarification statement: Examples of combinations that do not produce new substances could include sand and water.  Examples of combinations that do produce new substances could include baking soda and vinegar or milk and vinegar.],"PS1.B: Chemical Reactions
When two or more different substances are mixed, a new substance with different properties may be formed.","Planning and Carrying Out Investigations
Conduct an investigation collaboratively to produce data to serve as the basis for evidence, using fair tests in which variables are controlled and the number of trials considered.","Cause and Effect
Cause and effect relationships are routinely identified, tested, and used to explain change.",N/A,"ELA/Literacy
W.5.7: Conduct short research projects that use several sources to build knowledge through investigation of different aspects of a topic.
W.5.8: Recall relevant information from experiences or gather relevant information from print and digital sources; summarize or paraphrase information in notes and finished work, and provide a list of sources.
W.5.9.a-b: Draw evidence from literary or informational texts to support analysis, reflection, and research.",Connections to other DCIs in fifth grade: N/A,,2.PS1.B; MS.PS1.A; MS.PS1.B,https://www.cde.ca.gov/Ci/pl/ngssstandards.asp,,"Standard Identifier: 5-PS1-4
Grade: 5
Disciplinary Core Idea: PS1.B: Chemical Reactions
Cross Cutting Concept: CCC-2: Cause and Effect: Mechanism and Explanation
Science & Engineering Practice: SEP-3: Planning and Carrying Out Investigations
Content Area: Physical Science

Title: 5-PS1 Matter and Its Interactions

Performance Expectation: Conduct an investigation to determine whether the mixing of two or more substances results in new substances.  [Clarification statement: Examples of combinations that do not produce new substances could include sand and water.  Examples of combinations that do produce new substances could include baking soda and vinegar or milk and vinegar.]

Disciplinary Core Idea(s):
PS1.B: Chemical Reactions
When two or more different substances are mixed, a new substance with different properties may be formed.

Science & Engineering Practices: Planning and Carrying Out Investigations
Conduct an investigation collaboratively to produce data to serve as the basis for evidence, using fair tests in which variables are controlled and the number of trials considered.

Crosscutting Concepts: Cause and Effect
Cause and effect relationships are routinely identified, tested, and used to explain change.

California Environmental Principles and Concepts:
N/A

California Common Core State Standards Connections:
ELA/Literacy
W.5.7: Conduct short research projects that use several sources to build knowledge through investigation of different aspects of a topic.
W.5.8: Recall relevant information from experiences or gather relevant information from print and digital sources; summarize or paraphrase information in notes and finished work, and provide a list of sources.
W.5.9.a-b: Draw evidence from literary or informational texts to support analysis, reflection, and research.

DCI Connections:
Connections to other DCIs in fifth grade: N/A

Articulation across grade-levels: 2.PS1.B; MS.PS1.A; MS.PS1.B
"
CA-NGSS-2013,5-PS2-1,5,PS2.B: Types of Interactions,CCC-2: Cause and Effect: Mechanism and Explanation,SEP-7: Engaging in Argument From Science,Physical Science,5-PS2 Motion and Stability: Forces and Interactions,Support an argument that the gravitational force exerted by Earth on objects is directed down.  [Clarification Statement: “Down” is a local description of the direction that points toward the center of the spherical Earth.] [Assessment Boundary: Assessment does not include mathematical representation of gravitational force.],"PS2.B: Types of Interactions
The gravitational force of Earth acting on an object near Earth’s surface pulls that object toward the planet’s center.","Engaging in Argument from Evidence 
Support an argument with evidence, data, or a model.","Cause and Effect
Cause and effect relationships are routinely identified and used to explain change.",N/A,"ELA/Literacy
RI.5.1: Quote accurately from a text when explaining what the text says explicitly and when drawing inferences from the text.
RI.5.9: Integrate information from several texts on the same topic in order to write or speak about the subject knowledgeably. 
W.5.1.a–d: Write opinion pieces on topics or texts, supporting a point of view with reasons and information.",Connections to other DCIs in fifth grade: N/A,,3.PS2.A; 3.PS2.B; MS.PS2.B; MS.ESS1.B; MS.ESS2.C,https://www.cde.ca.gov/Ci/pl/ngssstandards.asp,,"Standard Identifier: 5-PS2-1
Grade: 5
Disciplinary Core Idea: PS2.B: Types of Interactions
Cross Cutting Concept: CCC-2: Cause and Effect: Mechanism and Explanation
Science & Engineering Practice: SEP-7: Engaging in Argument From Science
Content Area: Physical Science

Title: 5-PS2 Motion and Stability: Forces and Interactions

Performance Expectation: Support an argument that the gravitational force exerted by Earth on objects is directed down.  [Clarification Statement: “Down” is a local description of the direction that points toward the center of the spherical Earth.] [Assessment Boundary: Assessment does not include mathematical representation of gravitational force.]

Disciplinary Core Idea(s):
PS2.B: Types of Interactions
The gravitational force of Earth acting on an object near Earth’s surface pulls that object toward the planet’s center.

Science & Engineering Practices: Engaging in Argument from Evidence 
Support an argument with evidence, data, or a model.

Crosscutting Concepts: Cause and Effect
Cause and effect relationships are routinely identified and used to explain change.

California Environmental Principles and Concepts:
N/A

California Common Core State Standards Connections:
ELA/Literacy
RI.5.1: Quote accurately from a text when explaining what the text says explicitly and when drawing inferences from the text.
RI.5.9: Integrate information from several texts on the same topic in order to write or speak about the subject knowledgeably. 
W.5.1.a–d: Write opinion pieces on topics or texts, supporting a point of view with reasons and information.

DCI Connections:
Connections to other DCIs in fifth grade: N/A

Articulation across grade-levels: 3.PS2.A; 3.PS2.B; MS.PS2.B; MS.ESS1.B; MS.ESS2.C
"
CA-NGSS-2013,5-PS3-1,5,"PS3.D: Energy in Chemical Processes, LS1.C: Organization for Matter and Energy Flow in Organisms","CCC-5: Energy and Matter: Flows, Cycles, and Conservation",SEP-2: Developing and Using Models,Physical Science,5-PS3 Energy,"Use models to describe that energy in animals’ food (used for body repair, growth, and motion, and to maintain body warmth) was once energy from the sun.  [Clarification Statement: Examples of models could include diagrams, and flow charts.]","PS3.D: Energy in Chemical Processes
The energy released [from] food was once energy from the sun that was captured by plants in the chemical process that forms plant matter (from air and water).

LS1.C: Organization for Matter and Energy Flow in Organisms
Food provides animals with the materials they need for body repair and growth and the energy they need to maintain body warmth and for motion. (secondary to 5-PS3-1)","Developing and Using Models
Use models to describe phenomena.","Energy and Matter
Energy can be transferred in various ways and between objects.","Principle I
The continuation and health of individual human lives and of human communities and societies depend on the health of the natural systems that provide essential goods and ecosystem services.

Principle II
The long-term functioning and health of terrestrial, freshwater, coastal, and marine ecosystems are influenced by their relationships with human societies.","ELA/Literacy
RI.5.7: Draw on information from multiple print or digital sources, demonstrating the ability to locate an answer to a question quickly or to solve a problem efficiently. 
SL.5.5: Include multimedia components (e.g., graphics, sound) and visual displays in presentations when appropriate to enhance the development of main ideas or themes.",Connections to other DCIs in fifth grade: N/A,,K.LS1.C; 2.LS2.A; 4.PS3.A; 4.PS3.B; 4.PS3.D; MS.PS3.D; MS.PS4.B; MS.LS1.C; MS.LS2.B,https://www.cde.ca.gov/Ci/pl/ngssstandards.asp,,"Standard Identifier: 5-PS3-1
Grade: 5
Disciplinary Core Idea: PS3.D: Energy in Chemical Processes, LS1.C: Organization for Matter and Energy Flow in Organisms
Cross Cutting Concept: CCC-5: Energy and Matter: Flows, Cycles, and Conservation
Science & Engineering Practice: SEP-2: Developing and Using Models
Content Area: Physical Science

Title: 5-PS3 Energy

Performance Expectation: Use models to describe that energy in animals’ food (used for body repair, growth, and motion, and to maintain body warmth) was once energy from the sun.  [Clarification Statement: Examples of models could include diagrams, and flow charts.]

Disciplinary Core Idea(s):
PS3.D: Energy in Chemical Processes
The energy released [from] food was once energy from the sun that was captured by plants in the chemical process that forms plant matter (from air and water).

LS1.C: Organization for Matter and Energy Flow in Organisms
Food provides animals with the materials they need for body repair and growth and the energy they need to maintain body warmth and for motion. (secondary to 5-PS3-1)

Science & Engineering Practices: Developing and Using Models
Use models to describe phenomena.

Crosscutting Concepts: Energy and Matter
Energy can be transferred in various ways and between objects.

California Environmental Principles and Concepts:
Principle I
The continuation and health of individual human lives and of human communities and societies depend on the health of the natural systems that provide essential goods and ecosystem services.

Principle II
The long-term functioning and health of terrestrial, freshwater, coastal, and marine ecosystems are influenced by their relationships with human societies.

California Common Core State Standards Connections:
ELA/Literacy
RI.5.7: Draw on information from multiple print or digital sources, demonstrating the ability to locate an answer to a question quickly or to solve a problem efficiently. 
SL.5.5: Include multimedia components (e.g., graphics, sound) and visual displays in presentations when appropriate to enhance the development of main ideas or themes.

DCI Connections:
Connections to other DCIs in fifth grade: N/A

Articulation across grade-levels: K.LS1.C; 2.LS2.A; 4.PS3.A; 4.PS3.B; 4.PS3.D; MS.PS3.D; MS.PS4.B; MS.LS1.C; MS.LS2.B
"
