framework_id,code,grade,grade_range,art_type,subdiscipline,artistic_process,anchor_standard,enduring_understanding,essential_questions,process_components,performance_standards,source_url,page,raw_text
CA-VAPA-2019,PK.DA.Cr1,TK,,Dance,,Creating,1: Generate and conceptualize artistic ideas and work,Choreographers use a variety of sources as inspiration and transform concepts and ideas into movement for artistic expression.,Where do choreographers get ideas for dances?,Explore,"a. Respond in movement to a variety of sensory stimuli (e.g., music/sound, visual, tactile).
b. Find a different way to do several basic locomotor and non-locomotor movements.",https://www.cde.ca.gov/be/st/ss/index.asp,,"Standard Identifier: PK.DA.Cr1
Grade: TK
Discipline: Dance
Artistic Process: CreatingAnchor Standard: 1: Generate and conceptualize artistic ideas and work

Enduring Understanding: Choreographers use a variety of sources as inspiration and transform concepts and ideas into movement for artistic expression.
Essential Question(s): Where do choreographers get ideas for dances?
Process Component(s): Explore

Performance Standard(s):
a. Respond in movement to a variety of sensory stimuli (e.g., music/sound, visual, tactile).
b. Find a different way to do several basic locomotor and non-locomotor movements.
"
CA-VAPA-2019,PK.DA:Cr2,TK,,Dance,,Creating,2: Organize and develop artistic ideas and work,"The elements of dance, dance structures, and choreographic devices serve as both a foundation and a departure point for choreographers.",What influences choice-making in creating choreography?,Plan,"a. Improvise dance that starts and stops on cue.
b. Engage in dance experiences moving alone or with a partner.",https://www.cde.ca.gov/be/st/ss/index.asp,,"Standard Identifier: PK.DA:Cr2
Grade: TK
Discipline: Dance
Artistic Process: CreatingAnchor Standard: 2: Organize and develop artistic ideas and work

Enduring Understanding: The elements of dance, dance structures, and choreographic devices serve as both a foundation and a departure point for choreographers.
Essential Question(s): What influences choice-making in creating choreography?
Process Component(s): Plan

Performance Standard(s):
a. Improvise dance that starts and stops on cue.
b. Engage in dance experiences moving alone or with a partner.
"
CA-VAPA-2019,PK.DA:Cr3,TK,,Dance,,Creating,3: Refine and complete artistic work,"Choreographers analyze, evaluate, refine, and document their work to communicate meaning","How do choreographers use self-reflection, feedback from others, and documentation to improve the quality of their work?",Revise,Respond to suggestions for changing movement through guided improvisational experiences.,https://www.cde.ca.gov/be/st/ss/index.asp,,"Standard Identifier: PK.DA:Cr3
Grade: TK
Discipline: Dance
Artistic Process: CreatingAnchor Standard: 3: Refine and complete artistic work

Enduring Understanding: Choreographers analyze, evaluate, refine, and document their work to communicate meaning
Essential Question(s): How do choreographers use self-reflection, feedback from others, and documentation to improve the quality of their work?
Process Component(s): Revise

Performance Standard(s):
Respond to suggestions for changing movement through guided improvisational experiences.
"
CA-VAPA-2019,PK.DA:Pr4,TK,,Dance,,Performing,"4. Select, analyze, and interpret artistic work for presentation","Space, time, and energy are basic elements of dance.","How do dancers work with space, time and energy to communicate artistic expression?",Express,"a. Identify and demonstrate directions for moving the body in general space (e.g., forward, backwards, sideways, up, down, and turning) and finding and returning to a place in space.
b. Identify speed of movement as fast or slow. Move to varied rhythmic sounds at different tempi.
c. Move with opposing dynamics.",https://www.cde.ca.gov/be/st/ss/index.asp,,"Standard Identifier: PK.DA:Pr4
Grade: TK
Discipline: Dance
Artistic Process: PerformingAnchor Standard: 4. Select, analyze, and interpret artistic work for presentation

Enduring Understanding: Space, time, and energy are basic elements of dance.
Essential Question(s): How do dancers work with space, time and energy to communicate artistic expression?
Process Component(s): Express

Performance Standard(s):
a. Identify and demonstrate directions for moving the body in general space (e.g., forward, backwards, sideways, up, down, and turning) and finding and returning to a place in space.
b. Identify speed of movement as fast or slow. Move to varied rhythmic sounds at different tempi.
c. Move with opposing dynamics.
"
CA-VAPA-2019,PK.DA:Pr5,TK,,Dance,,Performing,5: Develop and refine artistic techniques and work for presentation,Dancers use the mind-body connection and develop the body as an instrument for artistry and artistic expression.,What must a dancer do to prepare the mind and body for artistic expression?,Embody,"a. Demonstrate basic full body locomotor, non-locomotor movement, and body patterning with spatial relationships.
b. Move in general space and start and stop on cue while maintaining personal space.
c. Identify and move body parts and repeat movements upon request.",https://www.cde.ca.gov/be/st/ss/index.asp,,"Standard Identifier: PK.DA:Pr5
Grade: TK
Discipline: Dance
Artistic Process: PerformingAnchor Standard: 5: Develop and refine artistic techniques and work for presentation

Enduring Understanding: Dancers use the mind-body connection and develop the body as an instrument for artistry and artistic expression.
Essential Question(s): What must a dancer do to prepare the mind and body for artistic expression?
Process Component(s): Embody

Performance Standard(s):
a. Demonstrate basic full body locomotor, non-locomotor movement, and body patterning with spatial relationships.
b. Move in general space and start and stop on cue while maintaining personal space.
c. Identify and move body parts and repeat movements upon request.
"
CA-VAPA-2019,PK.DA:Pr6,TK,,Dance,,Performing,6: Convey meaning through the presentation of artistic work,"Dance performance is an interaction between performer, production elements, and audience that heightens and amplifies artistic expression.",How does a dancer heighten artistry in a public performance?,Present,"a. Dance for others in a designated area or space.
b. Use a prop as part of a dance.",https://www.cde.ca.gov/be/st/ss/index.asp,,"Standard Identifier: PK.DA:Pr6
Grade: TK
Discipline: Dance
Artistic Process: PerformingAnchor Standard: 6: Convey meaning through the presentation of artistic work

Enduring Understanding: Dance performance is an interaction between performer, production elements, and audience that heightens and amplifies artistic expression.
Essential Question(s): How does a dancer heighten artistry in a public performance?
Process Component(s): Present

Performance Standard(s):
a. Dance for others in a designated area or space.
b. Use a prop as part of a dance.
"
CA-VAPA-2019,PK.DA:Re7,TK,,Dance,,Responding,7: Perceive and analyze artistic work,Dance is perceived and analyzed to comprehend its meaning.,How is a dance understood?,Analyze,"a. Identify a movement in a dance by repeating it.
b. Demonstrate an observed or performed dance movement.",https://www.cde.ca.gov/be/st/ss/index.asp,,"Standard Identifier: PK.DA:Re7
Grade: TK
Discipline: Dance
Artistic Process: RespondingAnchor Standard: 7: Perceive and analyze artistic work

Enduring Understanding: Dance is perceived and analyzed to comprehend its meaning.
Essential Question(s): How is a dance understood?
Process Component(s): Analyze

Performance Standard(s):
a. Identify a movement in a dance by repeating it.
b. Demonstrate an observed or performed dance movement.
"
CA-VAPA-2019,PK.DA:Re8,TK,,Dance,,Responding,8: Interpret intent and meaning in artistic work,"Dance is interpreted by considering intent, meaning, and artistic expression as communicated through the use of the body, elements of dance, dance technique, dance structure, and context.",How is dance interpreted?,Interpret,Observe a movement and share impressions.,https://www.cde.ca.gov/be/st/ss/index.asp,,"Standard Identifier: PK.DA:Re8
Grade: TK
Discipline: Dance
Artistic Process: RespondingAnchor Standard: 8: Interpret intent and meaning in artistic work

Enduring Understanding: Dance is interpreted by considering intent, meaning, and artistic expression as communicated through the use of the body, elements of dance, dance technique, dance structure, and context.
Essential Question(s): How is dance interpreted?
Process Component(s): Interpret

Performance Standard(s):
Observe a movement and share impressions.
"
CA-VAPA-2019,PK.DA:Re9,TK,,Dance,,Responding,9: Apply criteria to evaluate artistic work,"Criteria for evaluating dance vary across genres, styles, and cultures",What criteria are used to evaluate dance?,Critique,Find a movement in a dance that was fun to watch. Repeat it and explain why it is fun to watch and do.,https://www.cde.ca.gov/be/st/ss/index.asp,,"Standard Identifier: PK.DA:Re9
Grade: TK
Discipline: Dance
Artistic Process: RespondingAnchor Standard: 9: Apply criteria to evaluate artistic work

Enduring Understanding: Criteria for evaluating dance vary across genres, styles, and cultures
Essential Question(s): What criteria are used to evaluate dance?
Process Component(s): Critique

Performance Standard(s):
Find a movement in a dance that was fun to watch. Repeat it and explain why it is fun to watch and do.
"
CA-VAPA-2019,PK.DA:Cn10,TK,,Dance,,Connecting,10: Synthesize and relate knowledge and personal experiences to make art,"As dance is experienced, all personal experiences, knowledge, and contexts are integrated and synthesized to interpret meaning.","How does dance deepen our understanding of ourselves, other knowledge, and events around us?",Synthesize,"a. Recognize an emotion expressed in dance movement that is watched or performed.
b. Observe a dance work. Identify and imitate a movement from the dance, and ask a question about the dance.",https://www.cde.ca.gov/be/st/ss/index.asp,,"Standard Identifier: PK.DA:Cn10
Grade: TK
Discipline: Dance
Artistic Process: ConnectingAnchor Standard: 10: Synthesize and relate knowledge and personal experiences to make art

Enduring Understanding: As dance is experienced, all personal experiences, knowledge, and contexts are integrated and synthesized to interpret meaning.
Essential Question(s): How does dance deepen our understanding of ourselves, other knowledge, and events around us?
Process Component(s): Synthesize

Performance Standard(s):
a. Recognize an emotion expressed in dance movement that is watched or performed.
b. Observe a dance work. Identify and imitate a movement from the dance, and ask a question about the dance.
"
CA-VAPA-2019,PK.DA:Cn11,TK,,Dance,,Connecting,"11: Relate artistic ideas and works with societal, cultural, and historical context to deepen understanding","Dance literacy includes deep knowledge and perspectives about societal, cultural, historical, and community contexts.","How does knowing about societal, cultural, historical and community experiences expand dance literacy?",Relate,Show a dance movement experienced at home or elsewhere.,https://www.cde.ca.gov/be/st/ss/index.asp,,"Standard Identifier: PK.DA:Cn11
Grade: TK
Discipline: Dance
Artistic Process: ConnectingAnchor Standard: 11: Relate artistic ideas and works with societal, cultural, and historical context to deepen understanding

Enduring Understanding: Dance literacy includes deep knowledge and perspectives about societal, cultural, historical, and community contexts.
Essential Question(s): How does knowing about societal, cultural, historical and community experiences expand dance literacy?
Process Component(s): Relate

Performance Standard(s):
Show a dance movement experienced at home or elsewhere.
"
CA-VAPA-2019,PK.MA:Cr1,TK,,Media Arts,,Creating,1: Generate and conceptualize artistic ideas and work,"Media arts ideas, works, and processes are shaped by the imagination, creative processes, and by experiences, both within and outside of the arts.",How do media artists generate ideas? How can ideas for media arts productions be formed and developed to be effective and original?,Conceive,"Share ideas for media artworks through guided exploration of tools, methods, and imagining.",https://www.cde.ca.gov/be/st/ss/index.asp,,"Standard Identifier: PK.MA:Cr1
Grade: TK
Discipline: Media Arts
Artistic Process: CreatingAnchor Standard: 1: Generate and conceptualize artistic ideas and work

Enduring Understanding: Media arts ideas, works, and processes are shaped by the imagination, creative processes, and by experiences, both within and outside of the arts.
Essential Question(s): How do media artists generate ideas? How can ideas for media arts productions be formed and developed to be effective and original?
Process Component(s): Conceive

Performance Standard(s):
Share ideas for media artworks through guided exploration of tools, methods, and imagining.
"
CA-VAPA-2019,PK.MA:Cr3,TK,,Media Arts,,Creating,3: Refine and complete artistic work,"The forming, integration, and refinement of aesthetic components, principles, and processes creates purpose, meaning, and artistic quality in media artworks.","What is required to produce a media artwork that conveys purpose, meaning, and artistic quality? How do media artists refine their work?",Construct,"a. Make and capture media arts content, freely and in guided practice, in media arts productions.
b. Attempt and share expressive effects, freely and in guided practice, in creating media",https://www.cde.ca.gov/be/st/ss/index.asp,,"Standard Identifier: PK.MA:Cr3
Grade: TK
Discipline: Media Arts
Artistic Process: CreatingAnchor Standard: 3: Refine and complete artistic work

Enduring Understanding: The forming, integration, and refinement of aesthetic components, principles, and processes creates purpose, meaning, and artistic quality in media artworks.
Essential Question(s): What is required to produce a media artwork that conveys purpose, meaning, and artistic quality? How do media artists refine their work?
Process Component(s): Construct

Performance Standard(s):
a. Make and capture media arts content, freely and in guided practice, in media arts productions.
b. Attempt and share expressive effects, freely and in guided practice, in creating media 
"
CA-VAPA-2019,PK.MA:Cr2,TK,,Media Arts,,Creating,2: Organize and develop artistic ideas and work,"Media artists plan, organize, and develop creative ideas and models into process structures that can effectively realize the artistic idea.",How do media artists organize and develop ideas and models into process structures to achieve the desired end product?,Develop,"With guidance, form ideas into plans or models for media arts productions.",https://www.cde.ca.gov/be/st/ss/index.asp,,"Standard Identifier: PK.MA:Cr2
Grade: TK
Discipline: Media Arts
Artistic Process: CreatingAnchor Standard: 2: Organize and develop artistic ideas and work

Enduring Understanding: Media artists plan, organize, and develop creative ideas and models into process structures that can effectively realize the artistic idea.
Essential Question(s): How do media artists organize and develop ideas and models into process structures to achieve the desired end product?
Process Component(s): Develop

Performance Standard(s):
With guidance, form ideas into plans or models for media arts productions.
"
CA-VAPA-2019,PK.MA:Pr4,TK,,Media Arts,,Producing (Media Arts only),"4. Select, analyze, and interpret artistic work for presentation","Media artists integrate various forms and contents to develop complex, unified artworks.",How are complex media arts experiences constructed?,Integrate,"With guidance, combine different forms and content, such as image and sound, to form media artworks.",https://www.cde.ca.gov/be/st/ss/index.asp,,"Standard Identifier: PK.MA:Pr4
Grade: TK
Discipline: Media Arts
Artistic Process: Producing (Media Arts only)Anchor Standard: 4. Select, analyze, and interpret artistic work for presentation

Enduring Understanding: Media artists integrate various forms and contents to develop complex, unified artworks.
Essential Question(s): How are complex media arts experiences constructed?
Process Component(s): Integrate

Performance Standard(s):
With guidance, combine different forms and content, such as image and sound, to form media artworks.
"
CA-VAPA-2019,PK.MA:Pr5,TK,,Media Arts,,Producing (Media Arts only),5: Develop and refine artistic techniques and work for presentation,Media artists require a range of skills and abilities to creatively solve problems within and through media arts productions.,What skills are required for creating effective media artworks and how are they improved? How are creativity and innovation developed within and through media arts productions? How do media artists use various tools and techniques?,Practice,"a. Use identified skills, such as manipulating tools, making choices, and sharing, in creating media artworks.
b. Use identified creative skills, such as imagining, freely and in guided practice, within media arts productions.",https://www.cde.ca.gov/be/st/ss/index.asp,,"Standard Identifier: PK.MA:Pr5
Grade: TK
Discipline: Media Arts
Artistic Process: Producing (Media Arts only)Anchor Standard: 5: Develop and refine artistic techniques and work for presentation

Enduring Understanding: Media artists require a range of skills and abilities to creatively solve problems within and through media arts productions.
Essential Question(s): What skills are required for creating effective media artworks and how are they improved? How are creativity and innovation developed within and through media arts productions? How do media artists use various tools and techniques?
Process Component(s): Practice

Performance Standard(s):
a. Use identified skills, such as manipulating tools, making choices, and sharing, in creating media artworks.
b. Use identified creative skills, such as imagining, freely and in guided practice, within media arts productions.
"
CA-VAPA-2019,PK.MA:Pr6,TK,,Media Arts,,Producing (Media Arts only),6: Convey meaning through the presentation of artistic work,"Media artists purposefully present, share, and distribute media artworks for various contexts.","How does time, place, audience, and context affect presenting or performing choices for media artworks?",Present,"With guidance, discuss the situation and participate in presenting media artworks to an audience.",https://www.cde.ca.gov/be/st/ss/index.asp,,"Standard Identifier: PK.MA:Pr6
Grade: TK
Discipline: Media Arts
Artistic Process: Producing (Media Arts only)Anchor Standard: 6: Convey meaning through the presentation of artistic work

Enduring Understanding: Media artists purposefully present, share, and distribute media artworks for various contexts.
Essential Question(s): How does time, place, audience, and context affect presenting or performing choices for media artworks?
Process Component(s): Present

Performance Standard(s):
With guidance, discuss the situation and participate in presenting media artworks to an audience.
"
CA-VAPA-2019,PK.MA:Re7,TK,,Media Arts,,Responding,7: Perceive and analyze artistic work,Identifying the qualities and characteristics of media artworks improves one's artistic appreciation and production.,How do we 'read' media artworks and discern their relational components? How do media artworks function to convey meaning and manage audience experience?,Perceive,"a. With guidance, explore and discuss components and messages in a variety of media artworks.
b. With guidance, explore media artworks and discuss experiences.",https://www.cde.ca.gov/be/st/ss/index.asp,,"Standard Identifier: PK.MA:Re7
Grade: TK
Discipline: Media Arts
Artistic Process: RespondingAnchor Standard: 7: Perceive and analyze artistic work

Enduring Understanding: Identifying the qualities and characteristics of media artworks improves one's artistic appreciation and production.
Essential Question(s): How do we 'read' media artworks and discern their relational components? How do media artworks function to convey meaning and manage audience experience?
Process Component(s): Perceive

Performance Standard(s):
a. With guidance, explore and discuss components and messages in a variety of media artworks.
b. With guidance, explore media artworks and discuss experiences.
"
CA-VAPA-2019,PK.MA:Re8,TK,,Media Arts,,Responding,8: Interpret intent and meaning in artistic work,"Interpretation and appreciation require consideration of the intent, form, and context of the media and artwork.",How do people relate to and interpret media artworks?,Interpret,"With guidance, share reactions to media artworks.",https://www.cde.ca.gov/be/st/ss/index.asp,,"Standard Identifier: PK.MA:Re8
Grade: TK
Discipline: Media Arts
Artistic Process: RespondingAnchor Standard: 8: Interpret intent and meaning in artistic work

Enduring Understanding: Interpretation and appreciation require consideration of the intent, form, and context of the media and artwork.
Essential Question(s): How do people relate to and interpret media artworks?
Process Component(s): Interpret

Performance Standard(s):
With guidance, share reactions to media artworks.
"
CA-VAPA-2019,PK.MA:Re9,TK,,Media Arts,,Responding,9: Apply criteria to evaluate artistic work,"Skillful evaluation and critique are critical components of experiencing, appreciating, and producing media artworks.",How and why do media artists value and judge media artworks? When and how should we evaluate and critique media artworks to improve them?,Evaluate,"With guidance, examine and share appealing qualities in media artworks.",https://www.cde.ca.gov/be/st/ss/index.asp,,"Standard Identifier: PK.MA:Re9
Grade: TK
Discipline: Media Arts
Artistic Process: RespondingAnchor Standard: 9: Apply criteria to evaluate artistic work

Enduring Understanding: Skillful evaluation and critique are critical components of experiencing, appreciating, and producing media artworks.
Essential Question(s): How and why do media artists value and judge media artworks? When and how should we evaluate and critique media artworks to improve them?
Process Component(s): Evaluate

Performance Standard(s):
With guidance, examine and share appealing qualities in media artworks.
"
CA-VAPA-2019,PK.MA:Cn10,TK,,Media Arts,,Connecting,10: Synthesize and relate knowledge and personal experiences to make art,: Media artworks synthesize meaning and form cultural experience.,How do we relate knowledge and experiences to understanding and making media artworks? How do we learn about and create meaning through producing media artworks?,Synthesize,"a. Use personal experiences in making media artworks.
b. With guidance, share experiences of media artworks.",https://www.cde.ca.gov/be/st/ss/index.asp,,"Standard Identifier: PK.MA:Cn10
Grade: TK
Discipline: Media Arts
Artistic Process: ConnectingAnchor Standard: 10: Synthesize and relate knowledge and personal experiences to make art

Enduring Understanding: : Media artworks synthesize meaning and form cultural experience.
Essential Question(s): How do we relate knowledge and experiences to understanding and making media artworks? How do we learn about and create meaning through producing media artworks?
Process Component(s): Synthesize

Performance Standard(s):
a. Use personal experiences in making media artworks.
b. With guidance, share experiences of media artworks.
"
CA-VAPA-2019,PK.MA:Cn11,TK,,Media Arts,,Connecting,"11: Relate artistic ideas and works with societal, cultural, and historical context to deepen understanding","Media artworks and ideas are better understood and produced by relating them to their purposes, values, and various contexts.","How does media arts relate to its various contexts, purposes, and values? How does investigating these relationships inform and deepen the media artist's understanding and work?",Relate,"a. With guidance, relate media artworks and everyday life.
b. With guidance, interact safely and appropriately with media arts tools and environments.",https://www.cde.ca.gov/be/st/ss/index.asp,,"Standard Identifier: PK.MA:Cn11
Grade: TK
Discipline: Media Arts
Artistic Process: ConnectingAnchor Standard: 11: Relate artistic ideas and works with societal, cultural, and historical context to deepen understanding

Enduring Understanding: Media artworks and ideas are better understood and produced by relating them to their purposes, values, and various contexts.
Essential Question(s): How does media arts relate to its various contexts, purposes, and values? How does investigating these relationships inform and deepen the media artist's understanding and work?
Process Component(s): Relate

Performance Standard(s):
a. With guidance, relate media artworks and everyday life.
b. With guidance, interact safely and appropriately with media arts tools and environments.
"
CA-VAPA-2019,PK.MU:Cr1,TK,,Music,TK-8,Creating,1: Generate and conceptualize artistic ideas and work,"The creative ideas, concepts, and feelings that influence musicians’ work emerge from a variety of sources.",How do musicians generate creative ideas?,Imagine,"a. With substantial guidance, explore and experience a variety of music.",https://www.cde.ca.gov/be/st/ss/index.asp,,"Standard Identifier: PK.MU:Cr1
Grade: TK
Discipline: MusicSubdiscipline: TK-8
Artistic Process: CreatingAnchor Standard: 1: Generate and conceptualize artistic ideas and work

Enduring Understanding: The creative ideas, concepts, and feelings that influence musicians’ work emerge from a variety of sources.
Essential Question(s): How do musicians generate creative ideas?
Process Component(s): Imagine

Performance Standard(s):
a. With substantial guidance, explore and experience a variety of music.
"
CA-VAPA-2019,PK.MU:Cr2,TK,,Music,TK-8,Creating,2: Organize and develop artistic ideas and work,"Musicians’ creative choices are influenced by their expertise, context, and expressive intent",How do musicians make creative decisions?,Plan & Make,"a. With substantial guidance, explore favorite musical ideas (such as movements, vocalizations, or instrumental accompaniments).
b. With substantial guidance, select and keep track of the order for performing original musical ideas, using iconic notation and/or recording technology.",https://www.cde.ca.gov/be/st/ss/index.asp,,"Standard Identifier: PK.MU:Cr2
Grade: TK
Discipline: MusicSubdiscipline: TK-8
Artistic Process: CreatingAnchor Standard: 2: Organize and develop artistic ideas and work

Enduring Understanding: Musicians’ creative choices are influenced by their expertise, context, and expressive intent
Essential Question(s): How do musicians make creative decisions?
Process Component(s): Plan & Make

Performance Standard(s):
a. With substantial guidance, explore favorite musical ideas (such as movements, vocalizations, or instrumental accompaniments).
b. With substantial guidance, select and keep track of the order for performing original musical ideas, using iconic notation and/or recording technology.
"
CA-VAPA-2019,PK.MU:Cr3.1,TK,,Music,TK-8,Creating,3: Refine and complete artistic work,"3.1 Musicians evaluate, and refine their work through openness to new ideas, persistence, and the application of appropriate criteria.",How do musicians improve the quality of their creative work?,Evaluate and Refine,"With substantial guidance, consider personal, peer, and teacher feedback when demonstrating and refining personal musical ideas.",https://www.cde.ca.gov/be/st/ss/index.asp,,"Standard Identifier: PK.MU:Cr3.1
Grade: TK
Discipline: MusicSubdiscipline: TK-8
Artistic Process: CreatingAnchor Standard: 3: Refine and complete artistic work

Enduring Understanding: 3.1 Musicians evaluate, and refine their work through openness to new ideas, persistence, and the application of appropriate criteria.
Essential Question(s): How do musicians improve the quality of their creative work?
Process Component(s): Evaluate and Refine

Performance Standard(s):
With substantial guidance, consider personal, peer, and teacher feedback when demonstrating and refining personal musical ideas.
"
CA-VAPA-2019,PK.MU:Cr3.2,TK,,Music,TK-8,Creating,3: Refine and complete artistic work,3.2 Musicians’ presentation of creative work is the culmination of a process of creation and communication.,When is creative work ready to share?,Present,"With substantial guidance, share revised personal musical ideas with peers.",https://www.cde.ca.gov/be/st/ss/index.asp,,"Standard Identifier: PK.MU:Cr3.2
Grade: TK
Discipline: MusicSubdiscipline: TK-8
Artistic Process: CreatingAnchor Standard: 3: Refine and complete artistic work

Enduring Understanding: 3.2 Musicians’ presentation of creative work is the culmination of a process of creation and communication.
Essential Question(s): When is creative work ready to share?
Process Component(s): Present

Performance Standard(s):
With substantial guidance, share revised personal musical ideas with peers.
"
CA-VAPA-2019,PK.MU:Pr4.1,TK,,Music,TK-8,Performing,"4. Select, analyze, and interpret artistic work for presentation","4.1 Performers’ interest in and knowledge of musical works, understanding of their own technical skill, and the context for a performance influence the selection of repertoire.",How do performers select repertoire?,Select,"With substantial guidance, demonstrate and state personal interest in varied musical selections.",https://www.cde.ca.gov/be/st/ss/index.asp,,"Standard Identifier: PK.MU:Pr4.1
Grade: TK
Discipline: MusicSubdiscipline: TK-8
Artistic Process: PerformingAnchor Standard: 4. Select, analyze, and interpret artistic work for presentation

Enduring Understanding: 4.1 Performers’ interest in and knowledge of musical works, understanding of their own technical skill, and the context for a performance influence the selection of repertoire.
Essential Question(s): How do performers select repertoire?
Process Component(s): Select

Performance Standard(s):
With substantial guidance, demonstrate and state personal interest in varied musical selections.
"
CA-VAPA-2019,PK.MU:Pr4.2,TK,,Music,TK-8,Performing,"4. Select, analyze, and interpret artistic work for presentation",4.2 Analyzing creators’ context and how they manipulate elements of music provides insight into their intent and informs performance.,How does understanding the structure and context of musical works inform performance?,Analyze,"a. With substantial guidance, explore and demonstrate awareness of musical contrasts such as high/low, loud/soft, fast/slow.",https://www.cde.ca.gov/be/st/ss/index.asp,,"Standard Identifier: PK.MU:Pr4.2
Grade: TK
Discipline: MusicSubdiscipline: TK-8
Artistic Process: PerformingAnchor Standard: 4. Select, analyze, and interpret artistic work for presentation

Enduring Understanding: 4.2 Analyzing creators’ context and how they manipulate elements of music provides insight into their intent and informs performance.
Essential Question(s): How does understanding the structure and context of musical works inform performance?
Process Component(s): Analyze

Performance Standard(s):
a. With substantial guidance, explore and demonstrate awareness of musical contrasts such as high/low, loud/soft, fast/slow.
"
CA-VAPA-2019,PK.MU:Pr4.3,TK,,Music,TK-8,Performing,"4. Select, analyze, and interpret artistic work for presentation",4.3 Performers make interpretive decisions based on their understanding of context and expressive intent.,How do performers interpret musical works?,Interpret,"With substantial guidance, explore music’s expressive qualities (such as voice quality, dynamics, and tempo).",https://www.cde.ca.gov/be/st/ss/index.asp,,"Standard Identifier: PK.MU:Pr4.3
Grade: TK
Discipline: MusicSubdiscipline: TK-8
Artistic Process: PerformingAnchor Standard: 4. Select, analyze, and interpret artistic work for presentation

Enduring Understanding: 4.3 Performers make interpretive decisions based on their understanding of context and expressive intent.
Essential Question(s): How do performers interpret musical works?
Process Component(s): Interpret

Performance Standard(s):
With substantial guidance, explore music’s expressive qualities (such as voice quality, dynamics, and tempo).
"
CA-VAPA-2019,PK.MU:Pr5,TK,,Music,TK-8,Performing,5: Develop and refine artistic techniques and work for presentation,"To express their musical ideas, musicians analyze, evaluate, and refine their performance over time through openness to new ideas, persistence, and the application of appropriate criteria.",How do musicians improve the quality of their performance?,"Rehearse, Evaluate, and Refine","a. With substantial guidance, practice and demonstrate what they like about their own performances.
b. With substantial guidance, apply personal, peer, and teacher feedback to refine performances.",https://www.cde.ca.gov/be/st/ss/index.asp,,"Standard Identifier: PK.MU:Pr5
Grade: TK
Discipline: MusicSubdiscipline: TK-8
Artistic Process: PerformingAnchor Standard: 5: Develop and refine artistic techniques and work for presentation

Enduring Understanding: To express their musical ideas, musicians analyze, evaluate, and refine their performance over time through openness to new ideas, persistence, and the application of appropriate criteria.
Essential Question(s): How do musicians improve the quality of their performance?
Process Component(s): Rehearse, Evaluate, and Refine

Performance Standard(s):
a. With substantial guidance, practice and demonstrate what they like about their own performances.
b. With substantial guidance, apply personal, peer, and teacher feedback to refine performances.
"
CA-VAPA-2019,PK.MU:Pr6,TK,,Music,TK-8,Performing,6: Convey meaning through the presentation of artistic work,"Musicians judge performance based on criteria that vary across time, place, and cultures. The context and how a work is presented influence audience response.",When is a performance judged ready to present? How do context and the manner in which musical work is presented influence audience response?,Present,"a. With substantial guidance, perform music with expression.
b. With substantial guidance, demonstrate performance decorum appropriate for the audience.",https://www.cde.ca.gov/be/st/ss/index.asp,,"Standard Identifier: PK.MU:Pr6
Grade: TK
Discipline: MusicSubdiscipline: TK-8
Artistic Process: PerformingAnchor Standard: 6: Convey meaning through the presentation of artistic work

Enduring Understanding: Musicians judge performance based on criteria that vary across time, place, and cultures. The context and how a work is presented influence audience response.
Essential Question(s): When is a performance judged ready to present? How do context and the manner in which musical work is presented influence audience response?
Process Component(s): Present

Performance Standard(s):
a. With substantial guidance, perform music with expression.
b. With substantial guidance, demonstrate performance decorum appropriate for the audience.
"
CA-VAPA-2019,PK.MU:Cn11,TK,,Music,TK-8,Connecting,"11: Relate artistic ideas and works with societal, cultural, and historical context to deepen understanding","Musicians connect societal, cultural, and historical contexts when creating, performing, and responding.","How do musicians make meaningful connections to societal, cultural, and historical contexts when creating, performing, and responding?",Relate,With substantial guidance explore connections between music and culture.,https://www.cde.ca.gov/be/st/ss/index.asp,,"Standard Identifier: PK.MU:Cn11
Grade: TK
Discipline: MusicSubdiscipline: TK-8
Artistic Process: ConnectingAnchor Standard: 11: Relate artistic ideas and works with societal, cultural, and historical context to deepen understanding

Enduring Understanding: Musicians connect societal, cultural, and historical contexts when creating, performing, and responding.
Essential Question(s): How do musicians make meaningful connections to societal, cultural, and historical contexts when creating, performing, and responding?
Process Component(s): Relate

Performance Standard(s):
With substantial guidance explore connections between music and culture.
"
CA-VAPA-2019,PK.MU:Re7.1,TK,,Music,TK-8,Responding,7: Perceive and analyze artistic work,"7.1 Individuals' selection of musical works is influenced by their interests, experiences, understandings, and purposes.",How do individuals choose music to experience?,Select,"With substantial guidance, state personal interests and demonstrate why they prefer some music selections over others.",https://www.cde.ca.gov/be/st/ss/index.asp,,"Standard Identifier: PK.MU:Re7.1
Grade: TK
Discipline: MusicSubdiscipline: TK-8
Artistic Process: RespondingAnchor Standard: 7: Perceive and analyze artistic work

Enduring Understanding: 7.1 Individuals' selection of musical works is influenced by their interests, experiences, understandings, and purposes.
Essential Question(s): How do individuals choose music to experience?
Process Component(s): Select

Performance Standard(s):
With substantial guidance, state personal interests and demonstrate why they prefer some music selections over others.
"
CA-VAPA-2019,PK.MU:Re7.2,TK,,Music,TK-8,Responding,7: Perceive and analyze artistic work,"7.2 Response to music is informed by analyzing context (social, cultural, and historical) and how creators and performers manipulate the elements of music.",How do individuals choose music to experience?,Analyze,"With substantial guidance, explore musical contrasts in music.",https://www.cde.ca.gov/be/st/ss/index.asp,,"Standard Identifier: PK.MU:Re7.2
Grade: TK
Discipline: MusicSubdiscipline: TK-8
Artistic Process: RespondingAnchor Standard: 7: Perceive and analyze artistic work

Enduring Understanding: 7.2 Response to music is informed by analyzing context (social, cultural, and historical) and how creators and performers manipulate the elements of music.
Essential Question(s): How do individuals choose music to experience?
Process Component(s): Analyze

Performance Standard(s):
With substantial guidance, explore musical contrasts in music.
"
CA-VAPA-2019,PK.MU:Re8,TK,,Music,TK-8,Responding,8: Interpret intent and meaning in artistic work,"Through their use of elements and structures of music, creators and performers provide clues to their expressive intent.",How do we discern the musical creators’ and performers’ expressive intent?,Interpret,"With substantial guidance, explore music’s expressive qualities (such as dynamics and tempo).",https://www.cde.ca.gov/be/st/ss/index.asp,,"Standard Identifier: PK.MU:Re8
Grade: TK
Discipline: MusicSubdiscipline: TK-8
Artistic Process: RespondingAnchor Standard: 8: Interpret intent and meaning in artistic work

Enduring Understanding: Through their use of elements and structures of music, creators and performers provide clues to their expressive intent.
Essential Question(s): How do we discern the musical creators’ and performers’ expressive intent?
Process Component(s): Interpret

Performance Standard(s):
With substantial guidance, explore music’s expressive qualities (such as dynamics and tempo).
"
CA-VAPA-2019,PK.MU:Re9,TK,,Music,TK-8,Responding,9: Apply criteria to evaluate artistic work,"The personal evaluation of musical work(s) and performance(s) is informed by analysis, interpretation, and established criteria.",How do we judge the quality of musical work(s) and performance(s)?,Evaluate,"With substantial guidance, talk about personal and expressive preferences in music.",https://www.cde.ca.gov/be/st/ss/index.asp,,"Standard Identifier: PK.MU:Re9
Grade: TK
Discipline: MusicSubdiscipline: TK-8
Artistic Process: RespondingAnchor Standard: 9: Apply criteria to evaluate artistic work

Enduring Understanding: The personal evaluation of musical work(s) and performance(s) is informed by analysis, interpretation, and established criteria.
Essential Question(s): How do we judge the quality of musical work(s) and performance(s)?
Process Component(s): Evaluate

Performance Standard(s):
With substantial guidance, talk about personal and expressive preferences in music.
"
CA-VAPA-2019,PK.MU:Cn10,TK,,Music,TK-8,Connecting,10: Synthesize and relate knowledge and personal experiences to make art,"Musicians connect their personal interests, experiences, ideas, and knowledge to creating, performing, and responding.","How do musicians make meaningful connections to creating, performing, and responding?",Synthesize,"With substantial guidance explore how personal interests connect to creating, performing, and responding to music.",https://www.cde.ca.gov/be/st/ss/index.asp,,"Standard Identifier: PK.MU:Cn10
Grade: TK
Discipline: MusicSubdiscipline: TK-8
Artistic Process: ConnectingAnchor Standard: 10: Synthesize and relate knowledge and personal experiences to make art

Enduring Understanding: Musicians connect their personal interests, experiences, ideas, and knowledge to creating, performing, and responding.
Essential Question(s): How do musicians make meaningful connections to creating, performing, and responding?
Process Component(s): Synthesize

Performance Standard(s):
With substantial guidance explore how personal interests connect to creating, performing, and responding to music.
"
CA-VAPA-2019,PK.TH:Cr1,TK,,Theatre,,Creating,1: Generate and conceptualize artistic ideas and work,"Theatre artists rely on intuition, curiosity, culture, and critical inquiry.","What happens when theatre artists use their culture, imaginations and/or learned theatre skills while engaging in creative exploration and inquiry?","Envision,Conceptualize","a. With prompting and supports, transition between imagination and reality in dramatic play or a guided drama experience.b. n/ac. With prompting and supports, use non-representational materials to create props, puppets, and costume pieces for dramatic play or a guided drama experience.",https://www.cde.ca.gov/be/st/ss/index.asp,,"Standard Identifier: PK.TH:Cr1
Grade: TK
Discipline: Theatre
Artistic Process: CreatingAnchor Standard: 1: Generate and conceptualize artistic ideas and work

Enduring Understanding: Theatre artists rely on intuition, curiosity, culture, and critical inquiry.
Essential Question(s): What happens when theatre artists use their culture, imaginations and/or learned theatre skills while engaging in creative exploration and inquiry?
Process Component(s): Envision,Conceptualize

Performance Standard(s):
a. With prompting and supports, transition between imagination and reality in dramatic play or a guided drama experience.b. n/ac. With prompting and supports, use non-representational materials to create props, puppets, and costume pieces for dramatic play or a guided drama experience.
"
CA-VAPA-2019,PK.TH:Cr2,TK,,Theatre,,Creating,2: Organize and develop artistic ideas and work,Theatre artists work to discover different ways of communicating meaning.,"How, when, and why do theatre artists’ choices change?",Develop,"a. With prompting and supports, contribute through gestures and words to dramatic play or a guided drama experience.
b. With prompting and supports, express original ideas in dramatic play or a guided drama experience.",https://www.cde.ca.gov/be/st/ss/index.asp,,"Standard Identifier: PK.TH:Cr2
Grade: TK
Discipline: Theatre
Artistic Process: CreatingAnchor Standard: 2: Organize and develop artistic ideas and work

Enduring Understanding: Theatre artists work to discover different ways of communicating meaning.
Essential Question(s): How, when, and why do theatre artists’ choices change?
Process Component(s): Develop

Performance Standard(s):
a. With prompting and supports, contribute through gestures and words to dramatic play or a guided drama experience.
b. With prompting and supports, express original ideas in dramatic play or a guided drama experience.
"
CA-VAPA-2019,PK.TH:Cr3,TK,,Theatre,,Creating,3: Refine and complete artistic work,Theatre artists refine their work and practice their craft through rehearsal.,How do theatre artists transform and edit their initial ideas?,Rehearse,"a. With prompting and supports, answer questions during dramatic play or a guided drama experience.",https://www.cde.ca.gov/be/st/ss/index.asp,,"Standard Identifier: PK.TH:Cr3
Grade: TK
Discipline: Theatre
Artistic Process: CreatingAnchor Standard: 3: Refine and complete artistic work

Enduring Understanding: Theatre artists refine their work and practice their craft through rehearsal.
Essential Question(s): How do theatre artists transform and edit their initial ideas?
Process Component(s): Rehearse

Performance Standard(s):
a. With prompting and supports, answer questions during dramatic play or a guided drama experience.
"
CA-VAPA-2019,PK.TH:Pr4,TK,,Theatre,,Performing,"4. Select, analyze, and interpret artistic work for presentation",Theatre artists make strong choices to effectively convey meaning.,Why are strong choices essential to interpreting a drama or theatre piece?,Select,a. With prompting and supports identify characters in dramatic play or a guided drama experience.,https://www.cde.ca.gov/be/st/ss/index.asp,,"Standard Identifier: PK.TH:Pr4
Grade: TK
Discipline: Theatre
Artistic Process: PerformingAnchor Standard: 4. Select, analyze, and interpret artistic work for presentation

Enduring Understanding: Theatre artists make strong choices to effectively convey meaning.
Essential Question(s): Why are strong choices essential to interpreting a drama or theatre piece?
Process Component(s): Select

Performance Standard(s):
a. With prompting and supports identify characters in dramatic play or a guided drama experience.
"
CA-VAPA-2019,PK.TH:Pr5,TK,,Theatre,,Performing,5: Develop and refine artistic techniques and work for presentation,Theatre artists develop personal processes and skills for a performance or design.,What can I do to fully prepare a performance or technical design?,Prepare,"a. With prompting and supports, understand that imagination is fundamental to dramatic play and guided drama experiences.
b. With prompting and supports, explore and experiment with various technical theatre elements in dramatic play or a guided drama experience.",https://www.cde.ca.gov/be/st/ss/index.asp,,"Standard Identifier: PK.TH:Pr5
Grade: TK
Discipline: Theatre
Artistic Process: PerformingAnchor Standard: 5: Develop and refine artistic techniques and work for presentation

Enduring Understanding: Theatre artists develop personal processes and skills for a performance or design.
Essential Question(s): What can I do to fully prepare a performance or technical design?
Process Component(s): Prepare

Performance Standard(s):
a. With prompting and supports, understand that imagination is fundamental to dramatic play and guided drama experiences.
b. With prompting and supports, explore and experiment with various technical theatre elements in dramatic play or a guided drama experience.
"
CA-VAPA-2019,PK.TH:Pr6,TK,,Theatre,,Performing,6: Convey meaning through the presentation of artistic work,"Theatre artists share and present stories, ideas, and envisioned worlds to explore the human experience in diverse cultures.",What happens when theatre artists and audiences share a creative experience?,"Share, Present","With prompting and supports, engage in dramatic play or a guided drama experience and share with others.",https://www.cde.ca.gov/be/st/ss/index.asp,,"Standard Identifier: PK.TH:Pr6
Grade: TK
Discipline: Theatre
Artistic Process: PerformingAnchor Standard: 6: Convey meaning through the presentation of artistic work

Enduring Understanding: Theatre artists share and present stories, ideas, and envisioned worlds to explore the human experience in diverse cultures.
Essential Question(s): What happens when theatre artists and audiences share a creative experience?
Process Component(s): Share, Present

Performance Standard(s):
With prompting and supports, engage in dramatic play or a guided drama experience and share with others.
"
CA-VAPA-2019,PK.TH:Re7,TK,,Theatre,,Responding,7: Perceive and analyze artistic work,Theatre artists reflect to understand the impact of drama processes and theatre experiences.,How do theatre artists comprehend the essence of drama processes and theatre experiences?,Reflect,"With prompting and supports, recall an emotional response in dramatic play or a guided drama experience.",https://www.cde.ca.gov/be/st/ss/index.asp,,"Standard Identifier: PK.TH:Re7
Grade: TK
Discipline: Theatre
Artistic Process: RespondingAnchor Standard: 7: Perceive and analyze artistic work

Enduring Understanding: Theatre artists reflect to understand the impact of drama processes and theatre experiences.
Essential Question(s): How do theatre artists comprehend the essence of drama processes and theatre experiences?
Process Component(s): Reflect

Performance Standard(s):
With prompting and supports, recall an emotional response in dramatic play or a guided drama experience.
"
CA-VAPA-2019,PK.TH:Re8,TK,,Theatre,,Responding,8: Interpret intent and meaning in artistic work,"Theatre artists’ interpretations of drama/theatre work are influenced by personal experiences, culture, and aesthetics.",How can the same work of art communicate different messages to different people?,Interpret,"a. With prompting and supports, explore preferences in dramatic play, guided drama experience or age-appropriate theatre performance.b. With prompting and supports, name and describe characters in dramatic play or a guided drama experience.c. With prompting and supports describe how personal emotions and choices compare to the emotions and choices of characters in dramatic play or a guided drama experience.",https://www.cde.ca.gov/be/st/ss/index.asp,,"Standard Identifier: PK.TH:Re8
Grade: TK
Discipline: Theatre
Artistic Process: RespondingAnchor Standard: 8: Interpret intent and meaning in artistic work

Enduring Understanding: Theatre artists’ interpretations of drama/theatre work are influenced by personal experiences, culture, and aesthetics.
Essential Question(s): How can the same work of art communicate different messages to different people?
Process Component(s): Interpret

Performance Standard(s):
a. With prompting and supports, explore preferences in dramatic play, guided drama experience or age-appropriate theatre performance.b. With prompting and supports, name and describe characters in dramatic play or a guided drama experience.c. With prompting and supports describe how personal emotions and choices compare to the emotions and choices of characters in dramatic play or a guided drama experience.
"
CA-VAPA-2019,PK.TH:Re9,TK,,Theatre,,Responding,9: Apply criteria to evaluate artistic work,"Theatre artists apply criteria to understand, explore, and assess drama and theatre work.",How do analysis and synthesis impact the theatre artist’s process and audience’s perspectives?,Evaluate,"a. With prompting and supports, discuss and make decisions about dramatic play or a guided drama experience.",https://www.cde.ca.gov/be/st/ss/index.asp,,"Standard Identifier: PK.TH:Re9
Grade: TK
Discipline: Theatre
Artistic Process: RespondingAnchor Standard: 9: Apply criteria to evaluate artistic work

Enduring Understanding: Theatre artists apply criteria to understand, explore, and assess drama and theatre work.
Essential Question(s): How do analysis and synthesis impact the theatre artist’s process and audience’s perspectives?
Process Component(s): Evaluate

Performance Standard(s):
a. With prompting and supports, discuss and make decisions about dramatic play or a guided drama experience.
"
CA-VAPA-2019,PK.TH:Cn10,TK,,Theatre,,Connecting,10: Synthesize and relate knowledge and personal experiences to make art,Theatre artists allow awareness of interrelationships between self and others to influence and inform their work.,"What happens when theatre artists foster understanding between self and others through critical awareness, social responsibility, and the exploration of empathy?",Empathize,"With prompting and supports, identify similarities between a story and personal experience in dramatic play or a guided drama experience.",https://www.cde.ca.gov/be/st/ss/index.asp,,"Standard Identifier: PK.TH:Cn10
Grade: TK
Discipline: Theatre
Artistic Process: ConnectingAnchor Standard: 10: Synthesize and relate knowledge and personal experiences to make art

Enduring Understanding: Theatre artists allow awareness of interrelationships between self and others to influence and inform their work.
Essential Question(s): What happens when theatre artists foster understanding between self and others through critical awareness, social responsibility, and the exploration of empathy?
Process Component(s): Empathize

Performance Standard(s):
With prompting and supports, identify similarities between a story and personal experience in dramatic play or a guided drama experience.
"
CA-VAPA-2019,PK.TH:Cn11.1,TK,,Theatre,,Connecting,"11: Relate artistic ideas and works with societal, cultural, and historical context to deepen understanding",11.1 Theatre artists understand and can communicate through their creative process as they analyze the way the world may be understood.,What happens when theatre artists allow an understanding of themselves and the world to inform perceptions about theatre and the purpose of their work?,Interrelate,"a. With prompting and supports, use skills and knowledge from other areas in dramatic play or a guided drama experience.
b. With prompting and supports, use listening skills to participate in and observe a guided drama experience.",https://www.cde.ca.gov/be/st/ss/index.asp,,"Standard Identifier: PK.TH:Cn11.1
Grade: TK
Discipline: Theatre
Artistic Process: ConnectingAnchor Standard: 11: Relate artistic ideas and works with societal, cultural, and historical context to deepen understanding

Enduring Understanding: 11.1 Theatre artists understand and can communicate through their creative process as they analyze the way the world may be understood.
Essential Question(s): What happens when theatre artists allow an understanding of themselves and the world to inform perceptions about theatre and the purpose of their work?
Process Component(s): Interrelate

Performance Standard(s):
a. With prompting and supports, use skills and knowledge from other areas in dramatic play or a guided drama experience.
b. With prompting and supports, use listening skills to participate in and observe a guided drama experience.
"
CA-VAPA-2019,PK.TH:Cn11.2,TK,,Theatre,,Connecting,"11: Relate artistic ideas and works with societal, cultural, and historical context to deepen understanding",11.2 Theatre artists critically inquire into the ways others have thought about and created drama processes and productions to inform their own work.,"In what ways can research into theatre histories, theories, literature, and performances alter the way a drama process or production is understood?",Research,"a. With prompting and supports, identify stories that are similar to one another in dramatic play or a guided drama experience.
b. With prompting and supports, tell a story in dramatic play or a guided drama experience.",https://www.cde.ca.gov/be/st/ss/index.asp,,"Standard Identifier: PK.TH:Cn11.2
Grade: TK
Discipline: Theatre
Artistic Process: ConnectingAnchor Standard: 11: Relate artistic ideas and works with societal, cultural, and historical context to deepen understanding

Enduring Understanding: 11.2 Theatre artists critically inquire into the ways others have thought about and created drama processes and productions to inform their own work.
Essential Question(s): In what ways can research into theatre histories, theories, literature, and performances alter the way a drama process or production is understood?
Process Component(s): Research

Performance Standard(s):
a. With prompting and supports, identify stories that are similar to one another in dramatic play or a guided drama experience.
b. With prompting and supports, tell a story in dramatic play or a guided drama experience.
"
CA-VAPA-2019,PK.VA:Cr1.1,TK,,Visual Arts,,Creating,1: Generate and conceptualize artistic ideas and work,1.1 Creativity and innovative thinking are essential life skills that can be developed.,"What conditions, attitudes, and behaviors support creativity and innovative thinking? What factors prevent or encourage people to take creative risks? How does collaboration expand the creative process?","Imagine, Plan, Make",Engage in self-directed or collaborative exploration with a variety of arts materials.,https://www.cde.ca.gov/be/st/ss/index.asp,,"Standard Identifier: PK.VA:Cr1.1
Grade: TK
Discipline: Visual Arts
Artistic Process: CreatingAnchor Standard: 1: Generate and conceptualize artistic ideas and work

Enduring Understanding: 1.1 Creativity and innovative thinking are essential life skills that can be developed.
Essential Question(s): What conditions, attitudes, and behaviors support creativity and innovative thinking? What factors prevent or encourage people to take creative risks? How does collaboration expand the creative process?
Process Component(s): Imagine, Plan, Make

Performance Standard(s):
Engage in self-directed or collaborative exploration with a variety of arts materials.
"
CA-VAPA-2019,PK.VA:Cr1.2,TK,,Visual Arts,,Creating,1: Generate and conceptualize artistic ideas and work,"1.2 Artists and designers shape artistic investigations, following or breaking with traditions in pursuit of creative artmaking goals.","How does knowing the contexts, histories, and traditions of art forms help us create works of art and design? Why do artists follow or break from established traditions? How do artists determine what resources and criteria are needed to formulate artistic","Imagine, Plan, Make","Engage in self-directed, creative artmaking.",https://www.cde.ca.gov/be/st/ss/index.asp,,"Standard Identifier: PK.VA:Cr1.2
Grade: TK
Discipline: Visual Arts
Artistic Process: CreatingAnchor Standard: 1: Generate and conceptualize artistic ideas and work

Enduring Understanding: 1.2 Artists and designers shape artistic investigations, following or breaking with traditions in pursuit of creative artmaking goals.
Essential Question(s): How does knowing the contexts, histories, and traditions of art forms help us create works of art and design? Why do artists follow or break from established traditions? How do artists determine what resources and criteria are needed to formulate artistic
Process Component(s): Imagine, Plan, Make

Performance Standard(s):
Engage in self-directed, creative artmaking.
"
CA-VAPA-2019,PK.VA:Cr2.1,TK,,Visual Arts,,Creating,2: Organize and develop artistic ideas and work,"2.1 Artists and designers experiment with forms, structures, materials, concepts, media, and art-making approaches.",How do artists work? How do artists and designers determine whether a particular direction in their work is effective? How do artists and designers learn from trial and error?,Investigate,Use a variety of art-making tools.,https://www.cde.ca.gov/be/st/ss/index.asp,,"Standard Identifier: PK.VA:Cr2.1
Grade: TK
Discipline: Visual Arts
Artistic Process: CreatingAnchor Standard: 2: Organize and develop artistic ideas and work

Enduring Understanding: 2.1 Artists and designers experiment with forms, structures, materials, concepts, media, and art-making approaches.
Essential Question(s): How do artists work? How do artists and designers determine whether a particular direction in their work is effective? How do artists and designers learn from trial and error?
Process Component(s): Investigate

Performance Standard(s):
Use a variety of art-making tools.
"
CA-VAPA-2019,PK.VA:Cr2.2,TK,,Visual Arts,,Creating,2: Organize and develop artistic ideas and work,"2.2 Artists and designers balance experimentation and safety, freedom and responsibility while developing and creating artworks.","How do artists and designers care for and maintain materials, tools, and equipment? Why is it important for safety and health to understand and follow correct procedures in handling materials, tools, and equipment? What responsibilities come with the free",Investigate,Share art materials with others.,https://www.cde.ca.gov/be/st/ss/index.asp,,"Standard Identifier: PK.VA:Cr2.2
Grade: TK
Discipline: Visual Arts
Artistic Process: CreatingAnchor Standard: 2: Organize and develop artistic ideas and work

Enduring Understanding: 2.2 Artists and designers balance experimentation and safety, freedom and responsibility while developing and creating artworks.
Essential Question(s): How do artists and designers care for and maintain materials, tools, and equipment? Why is it important for safety and health to understand and follow correct procedures in handling materials, tools, and equipment? What responsibilities come with the free
Process Component(s): Investigate

Performance Standard(s):
Share art materials with others.
"
CA-VAPA-2019,PK.VA:Cr2.3,TK,,Visual Arts,,Creating,2: Organize and develop artistic ideas and work,"2.3 People create and interact with objects, places, and design that define, shape, enhance, and empower their lives.","How do objects, places, and design shape lives and communities? How do artists and designers determine goals for designing or redesigning objects, places, or systems? How do artists and designers create works of art or design that communicate effectively?",Investigate,Create and tell about art that communicates a story about a familiar place or object.,https://www.cde.ca.gov/be/st/ss/index.asp,,"Standard Identifier: PK.VA:Cr2.3
Grade: TK
Discipline: Visual Arts
Artistic Process: CreatingAnchor Standard: 2: Organize and develop artistic ideas and work

Enduring Understanding: 2.3 People create and interact with objects, places, and design that define, shape, enhance, and empower their lives.
Essential Question(s): How do objects, places, and design shape lives and communities? How do artists and designers determine goals for designing or redesigning objects, places, or systems? How do artists and designers create works of art or design that communicate effectively?
Process Component(s): Investigate

Performance Standard(s):
Create and tell about art that communicates a story about a familiar place or object.
"
CA-VAPA-2019,PK.VA:Cr3,TK,,Visual Arts,,Creating,3: Refine and complete artistic work,"Artists and designers develop excellence through practice and constructive critique to reflect on, revise, and refine work over time.","What role does persistence play in revising, refining, and developing work? How do artists grow and become accomplished in art forms? How does collaboratively reflecting on a work help us experience it more completely?","Reflect, Refine, Revise",Share and talk about personal artwork.,https://www.cde.ca.gov/be/st/ss/index.asp,,"Standard Identifier: PK.VA:Cr3
Grade: TK
Discipline: Visual Arts
Artistic Process: CreatingAnchor Standard: 3: Refine and complete artistic work

Enduring Understanding: Artists and designers develop excellence through practice and constructive critique to reflect on, revise, and refine work over time.
Essential Question(s): What role does persistence play in revising, refining, and developing work? How do artists grow and become accomplished in art forms? How does collaboratively reflecting on a work help us experience it more completely?
Process Component(s): Reflect, Refine, Revise

Performance Standard(s):
Share and talk about personal artwork.
"
CA-VAPA-2019,PK.VA:Pr4,TK,,Visual Arts,,Presenting (Visual Arts only),"4. Select, analyze, and interpret artistic work for presentation","Artists and other presenters consider various techniques, methods, venues, and criteria when analyzing, selecting, and curating objects artifacts, and artworks for preservation and presentation.","How are artworks cared for and by whom? What criteria, methods, and processes are used to select work for preservation or presentation? Why do people value objects, artifacts, and artworks, and select them for presentation?","Select, Analyze","Identify reasons for saving, and displaying objects, artifacts, and artwork.",https://www.cde.ca.gov/be/st/ss/index.asp,,"Standard Identifier: PK.VA:Pr4
Grade: TK
Discipline: Visual Arts
Artistic Process: Presenting (Visual Arts only)Anchor Standard: 4. Select, analyze, and interpret artistic work for presentation

Enduring Understanding: Artists and other presenters consider various techniques, methods, venues, and criteria when analyzing, selecting, and curating objects artifacts, and artworks for preservation and presentation.
Essential Question(s): How are artworks cared for and by whom? What criteria, methods, and processes are used to select work for preservation or presentation? Why do people value objects, artifacts, and artworks, and select them for presentation?
Process Component(s): Select, Analyze

Performance Standard(s):
Identify reasons for saving, and displaying objects, artifacts, and artwork.
"
CA-VAPA-2019,PK.VA:Pr5,TK,,Visual Arts,,Presenting (Visual Arts only),5: Develop and refine artistic techniques and work for presentation,"Artists, curators and others consider a variety of factors and methods including evolving technologies when preparing and refining artwork for display and or when deciding if and how to preserve and protect it.","What methods, processes and criteria are considered when preparing artwork for presentation, preservation, portfolio, or collection? How does assessing choices for presentation affect its meaning to the viewer?",Prepare,Identify places where art may be displayed or saved.,https://www.cde.ca.gov/be/st/ss/index.asp,,"Standard Identifier: PK.VA:Pr5
Grade: TK
Discipline: Visual Arts
Artistic Process: Presenting (Visual Arts only)Anchor Standard: 5: Develop and refine artistic techniques and work for presentation

Enduring Understanding: Artists, curators and others consider a variety of factors and methods including evolving technologies when preparing and refining artwork for display and or when deciding if and how to preserve and protect it.
Essential Question(s): What methods, processes and criteria are considered when preparing artwork for presentation, preservation, portfolio, or collection? How does assessing choices for presentation affect its meaning to the viewer?
Process Component(s): Prepare

Performance Standard(s):
Identify places where art may be displayed or saved.
"
CA-VAPA-2019,PK.VA:Pr6,TK,,Visual Arts,,Presenting (Visual Arts only),6: Convey meaning through the presentation of artistic work,"Objects, artifacts, and artworks collected, preserved, or presented either by artists, museums, or other venues communicate meaning and a record of social, cultural, and political experiences resulting in the cultivating of appreciation and understanding.","What is an art museum? How does the presenting and sharing of objects, artifacts, and artworks influence and shape ideas, beliefs, and experiences? How do objects, artifacts, and artworks that are collected, preserved, or presented, cultivate appreciation",Present,Identify where art is displayed both inside and outside of school.,https://www.cde.ca.gov/be/st/ss/index.asp,,"Standard Identifier: PK.VA:Pr6
Grade: TK
Discipline: Visual Arts
Artistic Process: Presenting (Visual Arts only)Anchor Standard: 6: Convey meaning through the presentation of artistic work

Enduring Understanding: Objects, artifacts, and artworks collected, preserved, or presented either by artists, museums, or other venues communicate meaning and a record of social, cultural, and political experiences resulting in the cultivating of appreciation and understanding.
Essential Question(s): What is an art museum? How does the presenting and sharing of objects, artifacts, and artworks influence and shape ideas, beliefs, and experiences? How do objects, artifacts, and artworks that are collected, preserved, or presented, cultivate appreciation
Process Component(s): Present

Performance Standard(s):
Identify where art is displayed both inside and outside of school.
"
CA-VAPA-2019,PK.VA:Re7.1,TK,,Visual Arts,,Responding,7: Perceive and analyze artistic work,"7.1 Individual aesthetic and empathetic awareness developed through engagement with art can lead to understanding and appreciation of self, others, the natural world, and constructed environments.",How do life experiences influence the way you relate to art? How does learning about art impact how we perceive the world? What can we learn from our responses to art?,Perceive,Recognize art in one’s environment.,https://www.cde.ca.gov/be/st/ss/index.asp,,"Standard Identifier: PK.VA:Re7.1
Grade: TK
Discipline: Visual Arts
Artistic Process: RespondingAnchor Standard: 7: Perceive and analyze artistic work

Enduring Understanding: 7.1 Individual aesthetic and empathetic awareness developed through engagement with art can lead to understanding and appreciation of self, others, the natural world, and constructed environments.
Essential Question(s): How do life experiences influence the way you relate to art? How does learning about art impact how we perceive the world? What can we learn from our responses to art?
Process Component(s): Perceive

Performance Standard(s):
Recognize art in one’s environment.
"
CA-VAPA-2019,PK.VA:Re7.2,TK,,Visual Arts,,Responding,7: Perceive and analyze artistic work,7.2 Visual imagery influences understanding of and responses to the world.,What is an image? Where and how do we encounter images in our world? How do images influence our views of the world?,"Perceive, Analyze",Distinguish between images and real objects.,https://www.cde.ca.gov/be/st/ss/index.asp,,"Standard Identifier: PK.VA:Re7.2
Grade: TK
Discipline: Visual Arts
Artistic Process: RespondingAnchor Standard: 7: Perceive and analyze artistic work

Enduring Understanding: 7.2 Visual imagery influences understanding of and responses to the world.
Essential Question(s): What is an image? Where and how do we encounter images in our world? How do images influence our views of the world?
Process Component(s): Perceive, Analyze

Performance Standard(s):
Distinguish between images and real objects.
"
CA-VAPA-2019,PK.VA:Re8,TK,,Visual Arts,,Responding,8: Interpret intent and meaning in artistic work,People gain insights into meanings of artworks by engaging in the process of art criticism.,"What is the value of engaging in the process of art criticism? How can the viewer ""read"" a work of art as text? How does knowing and using visual arts vocabularies help us understand and interpret works of art?",Interpret,Interpret art by identifying and describing subject matter.,https://www.cde.ca.gov/be/st/ss/index.asp,,"Standard Identifier: PK.VA:Re8
Grade: TK
Discipline: Visual Arts
Artistic Process: RespondingAnchor Standard: 8: Interpret intent and meaning in artistic work

Enduring Understanding: People gain insights into meanings of artworks by engaging in the process of art criticism.
Essential Question(s): What is the value of engaging in the process of art criticism? How can the viewer ""read"" a work of art as text? How does knowing and using visual arts vocabularies help us understand and interpret works of art?
Process Component(s): Interpret

Performance Standard(s):
Interpret art by identifying and describing subject matter.
"
CA-VAPA-2019,PK.VA:Re9,TK,,Visual Arts,,Responding,9: Apply criteria to evaluate artistic work,People evaluate art based on various criteria.,How does one determine criteria to evaluate a work of art? How and why might criteria vary? How is a personal preference different from an evaluation?,Evaluate,Select a preferred artwork and share.,https://www.cde.ca.gov/be/st/ss/index.asp,,"Standard Identifier: PK.VA:Re9
Grade: TK
Discipline: Visual Arts
Artistic Process: RespondingAnchor Standard: 9: Apply criteria to evaluate artistic work

Enduring Understanding: People evaluate art based on various criteria.
Essential Question(s): How does one determine criteria to evaluate a work of art? How and why might criteria vary? How is a personal preference different from an evaluation?
Process Component(s): Evaluate

Performance Standard(s):
Select a preferred artwork and share.
"
CA-VAPA-2019,PK.VA:Cn10,TK,,Visual Arts,,Connecting,10: Synthesize and relate knowledge and personal experiences to make art,"Through artmaking, people make meaning by investigating and developing awareness of perceptions, knowledge, and experiences.",How does engaging in creating art enrich people's lives? How does making art attune people to their surroundings? How do people contribute to awareness and understanding of their lives and the lives of their communities through artmaking?,Synthesize,Explore the world using descriptive and expressive words and artmaking.,https://www.cde.ca.gov/be/st/ss/index.asp,,"Standard Identifier: PK.VA:Cn10
Grade: TK
Discipline: Visual Arts
Artistic Process: ConnectingAnchor Standard: 10: Synthesize and relate knowledge and personal experiences to make art

Enduring Understanding: Through artmaking, people make meaning by investigating and developing awareness of perceptions, knowledge, and experiences.
Essential Question(s): How does engaging in creating art enrich people's lives? How does making art attune people to their surroundings? How do people contribute to awareness and understanding of their lives and the lives of their communities through artmaking?
Process Component(s): Synthesize

Performance Standard(s):
Explore the world using descriptive and expressive words and artmaking.
"
CA-VAPA-2019,PK.VA:Cn11,TK,,Visual Arts,,Connecting,"11: Relate artistic ideas and works with societal, cultural, and historical context to deepen understanding","People develop ideas and understandings of society, culture, and history through their interactions with and analysis of art.","How does art help us understand the lives of people of different times, places, and cultures? How is art used to impact the views of a society? How does art preserve aspects of life?",Relate,Recognize that people make art.,https://www.cde.ca.gov/be/st/ss/index.asp,,"Standard Identifier: PK.VA:Cn11
Grade: TK
Discipline: Visual Arts
Artistic Process: ConnectingAnchor Standard: 11: Relate artistic ideas and works with societal, cultural, and historical context to deepen understanding

Enduring Understanding: People develop ideas and understandings of society, culture, and history through their interactions with and analysis of art.
Essential Question(s): How does art help us understand the lives of people of different times, places, and cultures? How is art used to impact the views of a society? How does art preserve aspects of life?
Process Component(s): Relate

Performance Standard(s):
Recognize that people make art.
"
CA-VAPA-2019,K.VA:Cn11,K,,Visual Arts,,Connecting,"11: Relate artistic ideas and works with societal, cultural, and historical context to deepen understanding","People develop ideas and understandings of society, culture, and history through their interactions with and analysis of art.","How does art help us understand the lives of people of different times, places, and cultures? How is art used to impact the views of a society? How does art preserve aspects of life?",Relate,Identify a purpose of an artwork.,https://www.cde.ca.gov/be/st/ss/index.asp,,"Standard Identifier: K.VA:Cn11
Grade: K
Discipline: Visual Arts
Artistic Process: ConnectingAnchor Standard: 11: Relate artistic ideas and works with societal, cultural, and historical context to deepen understanding

Enduring Understanding: People develop ideas and understandings of society, culture, and history through their interactions with and analysis of art.
Essential Question(s): How does art help us understand the lives of people of different times, places, and cultures? How is art used to impact the views of a society? How does art preserve aspects of life?
Process Component(s): Relate

Performance Standard(s):
Identify a purpose of an artwork.
"
CA-VAPA-2019,K.VA:Cn10,K,,Visual Arts,,Connecting,10: Synthesize and relate knowledge and personal experiences to make art,"Through artmaking, people make meaning by investigating and developing awareness of perceptions, knowledge, and experiences.",How does engaging in creating art enrich people's lives? How does making art attune people to their surroundings? How do people contribute to awareness and understanding of their lives and the lives of their communities through artmaking?,Synthesize,Create art that tells a story about a life experience.,https://www.cde.ca.gov/be/st/ss/index.asp,,"Standard Identifier: K.VA:Cn10
Grade: K
Discipline: Visual Arts
Artistic Process: ConnectingAnchor Standard: 10: Synthesize and relate knowledge and personal experiences to make art

Enduring Understanding: Through artmaking, people make meaning by investigating and developing awareness of perceptions, knowledge, and experiences.
Essential Question(s): How does engaging in creating art enrich people's lives? How does making art attune people to their surroundings? How do people contribute to awareness and understanding of their lives and the lives of their communities through artmaking?
Process Component(s): Synthesize

Performance Standard(s):
Create art that tells a story about a life experience.
"
CA-VAPA-2019,K.VA:Re9,K,,Visual Arts,,Responding,9: Apply criteria to evaluate artistic work,People evaluate art based on various criteria.,How does one determine criteria to evaluate a work of art? How and why might criteria vary? How is a personal preference different from an evaluation?,Evaluate,Explain reasons for selecting a preferred artwork.,https://www.cde.ca.gov/be/st/ss/index.asp,,"Standard Identifier: K.VA:Re9
Grade: K
Discipline: Visual Arts
Artistic Process: RespondingAnchor Standard: 9: Apply criteria to evaluate artistic work

Enduring Understanding: People evaluate art based on various criteria.
Essential Question(s): How does one determine criteria to evaluate a work of art? How and why might criteria vary? How is a personal preference different from an evaluation?
Process Component(s): Evaluate

Performance Standard(s):
Explain reasons for selecting a preferred artwork.
"
CA-VAPA-2019,K.VA:Re8,K,,Visual Arts,,Responding,8: Interpret intent and meaning in artistic work,People gain insights into meanings of artworks by engaging in the process of art criticism.,"What is the value of engaging in the process of art criticism? How can the viewer ""read"" a work of art as text? How does knowing and using visual arts vocabularies help us understand and interpret works of art?",Interpret,Interpret art by identifying subject matter and describing relevant details.,https://www.cde.ca.gov/be/st/ss/index.asp,,"Standard Identifier: K.VA:Re8
Grade: K
Discipline: Visual Arts
Artistic Process: RespondingAnchor Standard: 8: Interpret intent and meaning in artistic work

Enduring Understanding: People gain insights into meanings of artworks by engaging in the process of art criticism.
Essential Question(s): What is the value of engaging in the process of art criticism? How can the viewer ""read"" a work of art as text? How does knowing and using visual arts vocabularies help us understand and interpret works of art?
Process Component(s): Interpret

Performance Standard(s):
Interpret art by identifying subject matter and describing relevant details.
"
CA-VAPA-2019,K.VA:Re7.2,K,,Visual Arts,,Responding,7: Perceive and analyze artistic work,7.2 Visual imagery influences understanding of and responses to the world.,What is an image? Where and how do we encounter images in our world? How do images influence our views of the world?,"Perceive, Analyze",Describe what an image represents.,https://www.cde.ca.gov/be/st/ss/index.asp,,"Standard Identifier: K.VA:Re7.2
Grade: K
Discipline: Visual Arts
Artistic Process: RespondingAnchor Standard: 7: Perceive and analyze artistic work

Enduring Understanding: 7.2 Visual imagery influences understanding of and responses to the world.
Essential Question(s): What is an image? Where and how do we encounter images in our world? How do images influence our views of the world?
Process Component(s): Perceive, Analyze

Performance Standard(s):
Describe what an image represents.
"
CA-VAPA-2019,K.VA:Re7.1,K,,Visual Arts,,Responding,7: Perceive and analyze artistic work,"7.1 Individual aesthetic and empathetic awareness developed through engagement with art can lead to understanding and appreciation of self, others, the natural world, and constructed environments.",How do life experiences influence the way you relate to art? How does learning about art impact how we perceive the world? What can we learn from our responses to art?,Perceive,Identify uses of art within one’s personal environment.,https://www.cde.ca.gov/be/st/ss/index.asp,,"Standard Identifier: K.VA:Re7.1
Grade: K
Discipline: Visual Arts
Artistic Process: RespondingAnchor Standard: 7: Perceive and analyze artistic work

Enduring Understanding: 7.1 Individual aesthetic and empathetic awareness developed through engagement with art can lead to understanding and appreciation of self, others, the natural world, and constructed environments.
Essential Question(s): How do life experiences influence the way you relate to art? How does learning about art impact how we perceive the world? What can we learn from our responses to art?
Process Component(s): Perceive

Performance Standard(s):
Identify uses of art within one’s personal environment.
"
CA-VAPA-2019,K.VA:Pr6,K,,Visual Arts,,Presenting (Visual Arts only),6: Convey meaning through the presentation of artistic work,"Objects, artifacts, and artworks collected, preserved, or presented either by artists, museums, or other venues communicate meaning and a record of social, cultural, and political experiences resulting in the cultivating of appreciation and understanding.","What is an art museum? How does the presenting and sharing of objects, artifacts, and artworks influence and shape ideas, beliefs, and experiences? How do objects, artifacts, and artworks that are collected, preserved, or presented, cultivate appreciation",Present,Explain what an art museum is and distinguish how an art museum is different from other buildings.,https://www.cde.ca.gov/be/st/ss/index.asp,,"Standard Identifier: K.VA:Pr6
Grade: K
Discipline: Visual Arts
Artistic Process: Presenting (Visual Arts only)Anchor Standard: 6: Convey meaning through the presentation of artistic work

Enduring Understanding: Objects, artifacts, and artworks collected, preserved, or presented either by artists, museums, or other venues communicate meaning and a record of social, cultural, and political experiences resulting in the cultivating of appreciation and understanding.
Essential Question(s): What is an art museum? How does the presenting and sharing of objects, artifacts, and artworks influence and shape ideas, beliefs, and experiences? How do objects, artifacts, and artworks that are collected, preserved, or presented, cultivate appreciation
Process Component(s): Present

Performance Standard(s):
Explain what an art museum is and distinguish how an art museum is different from other buildings.
"
CA-VAPA-2019,K.VA:Pr5,K,,Visual Arts,,Presenting (Visual Arts only),5: Develop and refine artistic techniques and work for presentation,"Artists, curators and others consider a variety of factors and methods including evolving technologies when preparing and refining artwork for display and or when deciding if and how to preserve and protect it.","What methods, processes and criteria are considered when preparing artwork for presentation, preservation, portfolio, or collection? How does assessing choices for presentation affect its meaning to the viewer?",Prepare,Explain the purpose of a portfolio or collection.,https://www.cde.ca.gov/be/st/ss/index.asp,,"Standard Identifier: K.VA:Pr5
Grade: K
Discipline: Visual Arts
Artistic Process: Presenting (Visual Arts only)Anchor Standard: 5: Develop and refine artistic techniques and work for presentation

Enduring Understanding: Artists, curators and others consider a variety of factors and methods including evolving technologies when preparing and refining artwork for display and or when deciding if and how to preserve and protect it.
Essential Question(s): What methods, processes and criteria are considered when preparing artwork for presentation, preservation, portfolio, or collection? How does assessing choices for presentation affect its meaning to the viewer?
Process Component(s): Prepare

Performance Standard(s):
Explain the purpose of a portfolio or collection.
"
CA-VAPA-2019,K.VA:Pr4,K,,Visual Arts,,Presenting (Visual Arts only),"4. Select, analyze, and interpret artistic work for presentation","Artists and other presenters consider various techniques, methods, venues, and criteria when analyzing, selecting, and curating objects artifacts, and artworks for preservation and presentation.","How are artworks cared for and by whom? What criteria, methods, and processes are used to select work for preservation or presentation? Why do people value objects, artifacts, and artworks, and select them for presentation?","Select, Analyze","Select art objects for personal portfolio and display, explaining why they were chosen.",https://www.cde.ca.gov/be/st/ss/index.asp,,"Standard Identifier: K.VA:Pr4
Grade: K
Discipline: Visual Arts
Artistic Process: Presenting (Visual Arts only)Anchor Standard: 4. Select, analyze, and interpret artistic work for presentation

Enduring Understanding: Artists and other presenters consider various techniques, methods, venues, and criteria when analyzing, selecting, and curating objects artifacts, and artworks for preservation and presentation.
Essential Question(s): How are artworks cared for and by whom? What criteria, methods, and processes are used to select work for preservation or presentation? Why do people value objects, artifacts, and artworks, and select them for presentation?
Process Component(s): Select, Analyze

Performance Standard(s):
Select art objects for personal portfolio and display, explaining why they were chosen.
"
CA-VAPA-2019,K.VA:Cr3,K,,Visual Arts,,Creating,3: Refine and complete artistic work,"Artists and designers develop excellence through practice and constructive critique to reflect on, revise, and refine work over time.","What role does persistence play in revising, refining, and developing work? How do artists grow and become accomplished in art forms? How does collaboratively reflecting on a work help us experience it more completely?","Reflect, Refine, Revise",Explain the process of making art while creating.,https://www.cde.ca.gov/be/st/ss/index.asp,,"Standard Identifier: K.VA:Cr3
Grade: K
Discipline: Visual Arts
Artistic Process: CreatingAnchor Standard: 3: Refine and complete artistic work

Enduring Understanding: Artists and designers develop excellence through practice and constructive critique to reflect on, revise, and refine work over time.
Essential Question(s): What role does persistence play in revising, refining, and developing work? How do artists grow and become accomplished in art forms? How does collaboratively reflecting on a work help us experience it more completely?
Process Component(s): Reflect, Refine, Revise

Performance Standard(s):
Explain the process of making art while creating.
"
CA-VAPA-2019,K.VA:Cr2.3,K,,Visual Arts,,Creating,2: Organize and develop artistic ideas and work,"2.3 People create and interact with objects, places, and design that define, shape, enhance, and empower their lives.","How do objects, places, and design shape lives and communities? How do artists and designers determine goals for designing or redesigning objects, places, or systems? How do artists and designers create works of art or design that communicate effectively?",Investigate,Create art that represents natural and constructed environments.,https://www.cde.ca.gov/be/st/ss/index.asp,,"Standard Identifier: K.VA:Cr2.3
Grade: K
Discipline: Visual Arts
Artistic Process: CreatingAnchor Standard: 2: Organize and develop artistic ideas and work

Enduring Understanding: 2.3 People create and interact with objects, places, and design that define, shape, enhance, and empower their lives.
Essential Question(s): How do objects, places, and design shape lives and communities? How do artists and designers determine goals for designing or redesigning objects, places, or systems? How do artists and designers create works of art or design that communicate effectively?
Process Component(s): Investigate

Performance Standard(s):
Create art that represents natural and constructed environments.
"
CA-VAPA-2019,K.VA:Cr2.2,K,,Visual Arts,,Creating,2: Organize and develop artistic ideas and work,"2.2 Artists and designers balance experimentation and safety, freedom and responsibility while developing and creating artworks.","How do artists and designers care for and maintain materials, tools, and equipment? Why is it important for safety and health to understand and follow correct procedures in handling materials, tools, and equipment? What responsibilities come with the free",Investigate,"Identify safe and non-toxic art materials, tools, and equipment.",https://www.cde.ca.gov/be/st/ss/index.asp,,"Standard Identifier: K.VA:Cr2.2
Grade: K
Discipline: Visual Arts
Artistic Process: CreatingAnchor Standard: 2: Organize and develop artistic ideas and work

Enduring Understanding: 2.2 Artists and designers balance experimentation and safety, freedom and responsibility while developing and creating artworks.
Essential Question(s): How do artists and designers care for and maintain materials, tools, and equipment? Why is it important for safety and health to understand and follow correct procedures in handling materials, tools, and equipment? What responsibilities come with the free
Process Component(s): Investigate

Performance Standard(s):
Identify safe and non-toxic art materials, tools, and equipment.
"
CA-VAPA-2019,K.VA:Cr2.1,K,,Visual Arts,,Creating,2: Organize and develop artistic ideas and work,"2.1 Artists and designers experiment with forms, structures, materials, concepts, media, and art-making approaches.",How do artists work? How do artists and designers determine whether a particular direction in their work is effective? How do artists and designers learn from trial and error?,Investigate,"Through experimentation, build skills in various media and approaches to artmaking.",https://www.cde.ca.gov/be/st/ss/index.asp,,"Standard Identifier: K.VA:Cr2.1
Grade: K
Discipline: Visual Arts
Artistic Process: CreatingAnchor Standard: 2: Organize and develop artistic ideas and work

Enduring Understanding: 2.1 Artists and designers experiment with forms, structures, materials, concepts, media, and art-making approaches.
Essential Question(s): How do artists work? How do artists and designers determine whether a particular direction in their work is effective? How do artists and designers learn from trial and error?
Process Component(s): Investigate

Performance Standard(s):
Through experimentation, build skills in various media and approaches to artmaking.
"
CA-VAPA-2019,K.VA:Cr1.2,K,,Visual Arts,,Creating,1: Generate and conceptualize artistic ideas and work,"1.2 Artists and designers shape artistic investigations, following or breaking with traditions in pursuit of creative artmaking goals.","How does knowing the contexts, histories, and traditions of art forms help us create works of art and design? Why do artists follow or break from established traditions? How do artists determine what resources and criteria are needed to formulate artistic","Imagine, Plan, Make",Engage collaboratively in creative artmaking in response to an artistic problem.,https://www.cde.ca.gov/be/st/ss/index.asp,,"Standard Identifier: K.VA:Cr1.2
Grade: K
Discipline: Visual Arts
Artistic Process: CreatingAnchor Standard: 1: Generate and conceptualize artistic ideas and work

Enduring Understanding: 1.2 Artists and designers shape artistic investigations, following or breaking with traditions in pursuit of creative artmaking goals.
Essential Question(s): How does knowing the contexts, histories, and traditions of art forms help us create works of art and design? Why do artists follow or break from established traditions? How do artists determine what resources and criteria are needed to formulate artistic
Process Component(s): Imagine, Plan, Make

Performance Standard(s):
Engage collaboratively in creative artmaking in response to an artistic problem.
"
CA-VAPA-2019,K.VA:Cr1.1,K,,Visual Arts,,Creating,1: Generate and conceptualize artistic ideas and work,1.1 Creativity and innovative thinking are essential life skills that can be developed.,"What conditions, attitudes, and behaviors support creativity and innovative thinking? What factors prevent or encourage people to take creative risks? How does collaboration expand the creative process?","Imagine, Plan, Make",Engage in exploration and imaginative play with various arts materials.,https://www.cde.ca.gov/be/st/ss/index.asp,,"Standard Identifier: K.VA:Cr1.1
Grade: K
Discipline: Visual Arts
Artistic Process: CreatingAnchor Standard: 1: Generate and conceptualize artistic ideas and work

Enduring Understanding: 1.1 Creativity and innovative thinking are essential life skills that can be developed.
Essential Question(s): What conditions, attitudes, and behaviors support creativity and innovative thinking? What factors prevent or encourage people to take creative risks? How does collaboration expand the creative process?
Process Component(s): Imagine, Plan, Make

Performance Standard(s):
Engage in exploration and imaginative play with various arts materials.
"
CA-VAPA-2019,K.TH:Cn11.2,K,,Theatre,,Connecting,"11: Relate artistic ideas and works with societal, cultural, and historical context to deepen understanding",11.2 Theatre artists critically inquire into the ways others have thought about and created drama processes and productions to inform their own work.,"In what ways can research into theatre histories, theories, literature, and performances alter the way a drama process or production is understood?",Research,"a. With prompting and supports, identify stories that are different from one another in dramatic play or a guided drama experience.
b. With prompting and supports, tell a story in dramatic play or a guided drama experience.",https://www.cde.ca.gov/be/st/ss/index.asp,,"Standard Identifier: K.TH:Cn11.2
Grade: K
Discipline: Theatre
Artistic Process: ConnectingAnchor Standard: 11: Relate artistic ideas and works with societal, cultural, and historical context to deepen understanding

Enduring Understanding: 11.2 Theatre artists critically inquire into the ways others have thought about and created drama processes and productions to inform their own work.
Essential Question(s): In what ways can research into theatre histories, theories, literature, and performances alter the way a drama process or production is understood?
Process Component(s): Research

Performance Standard(s):
a. With prompting and supports, identify stories that are different from one another in dramatic play or a guided drama experience.
b. With prompting and supports, tell a story in dramatic play or a guided drama experience.
"
CA-VAPA-2019,K.TH:Cn11.1,K,,Theatre,,Connecting,"11: Relate artistic ideas and works with societal, cultural, and historical context to deepen understanding",11.1 Theatre artists understand and can communicate through their creative process as they analyze the way the world may be understood.,What happens when theatre artists allow an understanding of themselves and the world to inform perceptions about theatre and the purpose of their work?,Interrelate,"a. With prompting and supports, identify skills and knowledge from other areas in dramatic play or a guided drama experience.
b. With prompting and supports, use listening skills to participate in and observe a guided drama experience.",https://www.cde.ca.gov/be/st/ss/index.asp,,"Standard Identifier: K.TH:Cn11.1
Grade: K
Discipline: Theatre
Artistic Process: ConnectingAnchor Standard: 11: Relate artistic ideas and works with societal, cultural, and historical context to deepen understanding

Enduring Understanding: 11.1 Theatre artists understand and can communicate through their creative process as they analyze the way the world may be understood.
Essential Question(s): What happens when theatre artists allow an understanding of themselves and the world to inform perceptions about theatre and the purpose of their work?
Process Component(s): Interrelate

Performance Standard(s):
a. With prompting and supports, identify skills and knowledge from other areas in dramatic play or a guided drama experience.
b. With prompting and supports, use listening skills to participate in and observe a guided drama experience.
"
CA-VAPA-2019,K.TH:Cn10,K,,Theatre,,Connecting,10: Synthesize and relate knowledge and personal experiences to make art,Theatre artists allow awareness of interrelationships between self and others to influence and inform their work.,"What happens when theatre artists foster understanding between self and others through critical awareness, social responsibility, and the exploration of empathy?",Empathize,"With prompting and supports, identify similarities between characters and oneself in dramatic play or a guided drama experience.",https://www.cde.ca.gov/be/st/ss/index.asp,,"Standard Identifier: K.TH:Cn10
Grade: K
Discipline: Theatre
Artistic Process: ConnectingAnchor Standard: 10: Synthesize and relate knowledge and personal experiences to make art

Enduring Understanding: Theatre artists allow awareness of interrelationships between self and others to influence and inform their work.
Essential Question(s): What happens when theatre artists foster understanding between self and others through critical awareness, social responsibility, and the exploration of empathy?
Process Component(s): Empathize

Performance Standard(s):
With prompting and supports, identify similarities between characters and oneself in dramatic play or a guided drama experience.
"
CA-VAPA-2019,K.TH:Re9,K,,Theatre,,Responding,9: Apply criteria to evaluate artistic work,"Theatre artists apply criteria to understand, explore, and assess drama and theatre work.",How do analysis and synthesis impact the theatre artist’s process and audience’s perspectives?,Evaluate,"a. With prompting and supports, discuss and make decisions with others in dramatic play or a guided drama experience.",https://www.cde.ca.gov/be/st/ss/index.asp,,"Standard Identifier: K.TH:Re9
Grade: K
Discipline: Theatre
Artistic Process: RespondingAnchor Standard: 9: Apply criteria to evaluate artistic work

Enduring Understanding: Theatre artists apply criteria to understand, explore, and assess drama and theatre work.
Essential Question(s): How do analysis and synthesis impact the theatre artist’s process and audience’s perspectives?
Process Component(s): Evaluate

Performance Standard(s):
a. With prompting and supports, discuss and make decisions with others in dramatic play or a guided drama experience.
"
CA-VAPA-2019,K.TH:Re8,K,,Theatre,,Responding,8: Interpret intent and meaning in artistic work,"Theatre artists’ interpretations of drama/theatre work are influenced by personal experiences, culture, and aesthetics.",How can the same work of art communicate different messages to different people?,Interpret,"a. With prompting and supports, identify preferences in dramatic play, a guided drama experience or age-appropriate theatre performance.b. With prompting and supports, name and describe settings in dramatic play or a guided drama experience.c. With prompting and supports describe how personal emotions and choices compare to the emotions and choices of characters in dramatic play or a guided drama experience.",https://www.cde.ca.gov/be/st/ss/index.asp,,"Standard Identifier: K.TH:Re8
Grade: K
Discipline: Theatre
Artistic Process: RespondingAnchor Standard: 8: Interpret intent and meaning in artistic work

Enduring Understanding: Theatre artists’ interpretations of drama/theatre work are influenced by personal experiences, culture, and aesthetics.
Essential Question(s): How can the same work of art communicate different messages to different people?
Process Component(s): Interpret

Performance Standard(s):
a. With prompting and supports, identify preferences in dramatic play, a guided drama experience or age-appropriate theatre performance.b. With prompting and supports, name and describe settings in dramatic play or a guided drama experience.c. With prompting and supports describe how personal emotions and choices compare to the emotions and choices of characters in dramatic play or a guided drama experience.
"
CA-VAPA-2019,K.TH:Re7,K,,Theatre,,Responding,7: Perceive and analyze artistic work,Theatre artists reflect to understand the impact of drama processes and theatre experiences.,How do theatre artists comprehend the essence of drama processes and theatre experiences?,Reflect,"With prompting and supports, express an emotional response to characters in dramatic play or a guided drama experience.",https://www.cde.ca.gov/be/st/ss/index.asp,,"Standard Identifier: K.TH:Re7
Grade: K
Discipline: Theatre
Artistic Process: RespondingAnchor Standard: 7: Perceive and analyze artistic work

Enduring Understanding: Theatre artists reflect to understand the impact of drama processes and theatre experiences.
Essential Question(s): How do theatre artists comprehend the essence of drama processes and theatre experiences?
Process Component(s): Reflect

Performance Standard(s):
With prompting and supports, express an emotional response to characters in dramatic play or a guided drama experience.
"
CA-VAPA-2019,K.TH:Pr6,K,,Theatre,,Performing,6: Convey meaning through the presentation of artistic work,"Theatre artists share and present stories, ideas, and envisioned worlds to explore the human experience in diverse cultures.",What happens when theatre artists and audiences share a creative experience?,"Share, Present","With prompting and supports, use voice and sound in dramatic play or a guided drama experience and share with others.",https://www.cde.ca.gov/be/st/ss/index.asp,,"Standard Identifier: K.TH:Pr6
Grade: K
Discipline: Theatre
Artistic Process: PerformingAnchor Standard: 6: Convey meaning through the presentation of artistic work

Enduring Understanding: Theatre artists share and present stories, ideas, and envisioned worlds to explore the human experience in diverse cultures.
Essential Question(s): What happens when theatre artists and audiences share a creative experience?
Process Component(s): Share, Present

Performance Standard(s):
With prompting and supports, use voice and sound in dramatic play or a guided drama experience and share with others.
"
CA-VAPA-2019,K.TH:Pr5,K,,Theatre,,Performing,5: Develop and refine artistic techniques and work for presentation,Theatre artists develop personal processes and skills for a performance or design.,What can I do to fully prepare a performance or technical design?,Prepare,"a. With prompting and supports, understand that voice and sound are fundamental to dramatic play and guided drama experiences.
b. With prompting and supports, explore and experiment with various technical theatre elements in dramatic play or a guided drama experience.",https://www.cde.ca.gov/be/st/ss/index.asp,,"Standard Identifier: K.TH:Pr5
Grade: K
Discipline: Theatre
Artistic Process: PerformingAnchor Standard: 5: Develop and refine artistic techniques and work for presentation

Enduring Understanding: Theatre artists develop personal processes and skills for a performance or design.
Essential Question(s): What can I do to fully prepare a performance or technical design?
Process Component(s): Prepare

Performance Standard(s):
a. With prompting and supports, understand that voice and sound are fundamental to dramatic play and guided drama experiences.
b. With prompting and supports, explore and experiment with various technical theatre elements in dramatic play or a guided drama experience.
"
CA-VAPA-2019,K.TH:Pr4,K,,Theatre,,Performing,"4. Select, analyze, and interpret artistic work for presentation",Theatre artists make strong choices to effectively convey meaning.,Why are strong choices essential to interpreting a drama or theatre piece?,Select,a. With prompting and supports identify characters and setting in dramatic play or a guided drama experience.,https://www.cde.ca.gov/be/st/ss/index.asp,,"Standard Identifier: K.TH:Pr4
Grade: K
Discipline: Theatre
Artistic Process: PerformingAnchor Standard: 4. Select, analyze, and interpret artistic work for presentation

Enduring Understanding: Theatre artists make strong choices to effectively convey meaning.
Essential Question(s): Why are strong choices essential to interpreting a drama or theatre piece?
Process Component(s): Select

Performance Standard(s):
a. With prompting and supports identify characters and setting in dramatic play or a guided drama experience.
"
CA-VAPA-2019,K.TH:Cr3,K,,Theatre,,Creating,3: Refine and complete artistic work,Theatre artists refine their work and practice their craft through rehearsal.,How do theatre artists transform and edit their initial ideas?,Rehearse,"a. With prompting and supports, ask and answer questions during dramatic play or a guided drama experience",https://www.cde.ca.gov/be/st/ss/index.asp,,"Standard Identifier: K.TH:Cr3
Grade: K
Discipline: Theatre
Artistic Process: CreatingAnchor Standard: 3: Refine and complete artistic work

Enduring Understanding: Theatre artists refine their work and practice their craft through rehearsal.
Essential Question(s): How do theatre artists transform and edit their initial ideas?
Process Component(s): Rehearse

Performance Standard(s):
a. With prompting and supports, ask and answer questions during dramatic play or a guided drama experience
"
CA-VAPA-2019,K.TH:Cr2,K,,Theatre,,Creating,2: Organize and develop artistic ideas and work,Theatre artists work to discover different ways of communicating meaning.,"How, when, and why do theatre artists’ choices change?",Develop,"a. With prompting and supports, interact with peers and contribute to dramatic play or a guided drama experience.
b. With prompting and supports, express original ideas in dramatic play or a guided drama experience.",https://www.cde.ca.gov/be/st/ss/index.asp,,"Standard Identifier: K.TH:Cr2
Grade: K
Discipline: Theatre
Artistic Process: CreatingAnchor Standard: 2: Organize and develop artistic ideas and work

Enduring Understanding: Theatre artists work to discover different ways of communicating meaning.
Essential Question(s): How, when, and why do theatre artists’ choices change?
Process Component(s): Develop

Performance Standard(s):
a. With prompting and supports, interact with peers and contribute to dramatic play or a guided drama experience.
b. With prompting and supports, express original ideas in dramatic play or a guided drama experience.
"
CA-VAPA-2019,K.TH:Cr1,K,,Theatre,,Creating,1: Generate and conceptualize artistic ideas and work,"Theatre artists rely on intuition, curiosity, culture, and critical inquiry.","What happens when theatre artists use their culture, imaginations and/or learned theatre skills while engaging in creative exploration and inquiry?","Envision,Conceptualize","a. With prompting and supports, invent and inhabit an imaginary elsewhere in dramatic play or a guided drama experience.b. n/ac. With prompting and supports, use non-representational materials to create props, puppets, and costume pieces for dramatic play or a guided drama experience.",https://www.cde.ca.gov/be/st/ss/index.asp,,"Standard Identifier: K.TH:Cr1
Grade: K
Discipline: Theatre
Artistic Process: CreatingAnchor Standard: 1: Generate and conceptualize artistic ideas and work

Enduring Understanding: Theatre artists rely on intuition, curiosity, culture, and critical inquiry.
Essential Question(s): What happens when theatre artists use their culture, imaginations and/or learned theatre skills while engaging in creative exploration and inquiry?
Process Component(s): Envision,Conceptualize

Performance Standard(s):
a. With prompting and supports, invent and inhabit an imaginary elsewhere in dramatic play or a guided drama experience.b. n/ac. With prompting and supports, use non-representational materials to create props, puppets, and costume pieces for dramatic play or a guided drama experience.
"
CA-VAPA-2019,K.MU:Cn10,K,,Music,TK-8,Connecting,10: Synthesize and relate knowledge and personal experiences to make art,"Musicians connect their personal interests, experiences, ideas, and knowledge to creating, performing, and responding.","How do musicians make meaningful connections to creating, performing, and responding?",Synthesize,"With guidance share how personal interests connect to creating, performing, and responding to music.",https://www.cde.ca.gov/be/st/ss/index.asp,,"Standard Identifier: K.MU:Cn10
Grade: K
Discipline: MusicSubdiscipline: TK-8
Artistic Process: ConnectingAnchor Standard: 10: Synthesize and relate knowledge and personal experiences to make art

Enduring Understanding: Musicians connect their personal interests, experiences, ideas, and knowledge to creating, performing, and responding.
Essential Question(s): How do musicians make meaningful connections to creating, performing, and responding?
Process Component(s): Synthesize

Performance Standard(s):
With guidance share how personal interests connect to creating, performing, and responding to music.
"
CA-VAPA-2019,K.MU:Re9,K,,Music,TK-8,Responding,9: Apply criteria to evaluate artistic work,"The personal evaluation of musical work(s) and performance(s) is informed by analysis, interpretation, and established criteria.",How do we judge the quality of musical work(s) and performance(s)?,Evaluate,"With guidance, apply personal and expressive preferences in the evaluation of music.",https://www.cde.ca.gov/be/st/ss/index.asp,,"Standard Identifier: K.MU:Re9
Grade: K
Discipline: MusicSubdiscipline: TK-8
Artistic Process: RespondingAnchor Standard: 9: Apply criteria to evaluate artistic work

Enduring Understanding: The personal evaluation of musical work(s) and performance(s) is informed by analysis, interpretation, and established criteria.
Essential Question(s): How do we judge the quality of musical work(s) and performance(s)?
Process Component(s): Evaluate

Performance Standard(s):
With guidance, apply personal and expressive preferences in the evaluation of music.
"
CA-VAPA-2019,K.MU:Re8,K,,Music,TK-8,Responding,8: Interpret intent and meaning in artistic work,"Through their use of elements and structures of music, creators and performers provide clues to their expressive intent.",How do we discern the musical creators’ and performers’ expressive intent?,Interpret,"With guidance, demonstrate awareness of expressive qualities that reflect creators’ and performers’ expressive intent.",https://www.cde.ca.gov/be/st/ss/index.asp,,"Standard Identifier: K.MU:Re8
Grade: K
Discipline: MusicSubdiscipline: TK-8
Artistic Process: RespondingAnchor Standard: 8: Interpret intent and meaning in artistic work

Enduring Understanding: Through their use of elements and structures of music, creators and performers provide clues to their expressive intent.
Essential Question(s): How do we discern the musical creators’ and performers’ expressive intent?
Process Component(s): Interpret

Performance Standard(s):
With guidance, demonstrate awareness of expressive qualities that reflect creators’ and performers’ expressive intent.
"
CA-VAPA-2019,K.MU:Re7.2,K,,Music,TK-8,Responding,7: Perceive and analyze artistic work,"7.2 Response to music is informed by analyzing context (social, cultural, and historical) and how creators and performers manipulate the elements of music.",How do individuals choose music to experience?,Analyze,"With guidance, demonstrate how a specific music concept (such as beat or melodic direction) is used in music.",https://www.cde.ca.gov/be/st/ss/index.asp,,"Standard Identifier: K.MU:Re7.2
Grade: K
Discipline: MusicSubdiscipline: TK-8
Artistic Process: RespondingAnchor Standard: 7: Perceive and analyze artistic work

Enduring Understanding: 7.2 Response to music is informed by analyzing context (social, cultural, and historical) and how creators and performers manipulate the elements of music.
Essential Question(s): How do individuals choose music to experience?
Process Component(s): Analyze

Performance Standard(s):
With guidance, demonstrate how a specific music concept (such as beat or melodic direction) is used in music.
"
CA-VAPA-2019,K.MU:Re7.1,K,,Music,TK-8,Responding,7: Perceive and analyze artistic work,"7.1 Individuals' selection of musical works is influenced by their interests, experiences, understandings, and purposes.",How do individuals choose music to experience?,Select,"With guidance, list personal interests and experiences and demonstrate why they prefer some music selections over others.",https://www.cde.ca.gov/be/st/ss/index.asp,,"Standard Identifier: K.MU:Re7.1
Grade: K
Discipline: MusicSubdiscipline: TK-8
Artistic Process: RespondingAnchor Standard: 7: Perceive and analyze artistic work

Enduring Understanding: 7.1 Individuals' selection of musical works is influenced by their interests, experiences, understandings, and purposes.
Essential Question(s): How do individuals choose music to experience?
Process Component(s): Select

Performance Standard(s):
With guidance, list personal interests and experiences and demonstrate why they prefer some music selections over others.
"
CA-VAPA-2019,K.MU:Cn11,K,,Music,TK-8,Connecting,"11: Relate artistic ideas and works with societal, cultural, and historical context to deepen understanding","Musicians connect societal, cultural, and historical contexts when creating, performing, and responding.","How do musicians make meaningful connections to societal, cultural, and historical contexts when creating, performing, and responding?",Relate,With guidance share connections between music and culture.,https://www.cde.ca.gov/be/st/ss/index.asp,,"Standard Identifier: K.MU:Cn11
Grade: K
Discipline: MusicSubdiscipline: TK-8
Artistic Process: ConnectingAnchor Standard: 11: Relate artistic ideas and works with societal, cultural, and historical context to deepen understanding

Enduring Understanding: Musicians connect societal, cultural, and historical contexts when creating, performing, and responding.
Essential Question(s): How do musicians make meaningful connections to societal, cultural, and historical contexts when creating, performing, and responding?
Process Component(s): Relate

Performance Standard(s):
With guidance share connections between music and culture.
"
CA-VAPA-2019,K.MU:Pr6,K,,Music,TK-8,Performing,6: Convey meaning through the presentation of artistic work,"Musicians judge performance based on criteria that vary across time, place, and cultures. The context and how a work is presented influence audience response.",When is a performance judged ready to present? How do context and the manner in which musical work is presented influence audience response?,Present,"a. With guidance, perform music with expression.
b. With guidance, demonstrate performance decorum appropriate for the audience.",https://www.cde.ca.gov/be/st/ss/index.asp,,"Standard Identifier: K.MU:Pr6
Grade: K
Discipline: MusicSubdiscipline: TK-8
Artistic Process: PerformingAnchor Standard: 6: Convey meaning through the presentation of artistic work

Enduring Understanding: Musicians judge performance based on criteria that vary across time, place, and cultures. The context and how a work is presented influence audience response.
Essential Question(s): When is a performance judged ready to present? How do context and the manner in which musical work is presented influence audience response?
Process Component(s): Present

Performance Standard(s):
a. With guidance, perform music with expression.
b. With guidance, demonstrate performance decorum appropriate for the audience.
"
CA-VAPA-2019,K.MU:Pr5,K,,Music,TK-8,Performing,5: Develop and refine artistic techniques and work for presentation,"To express their musical ideas, musicians analyze, evaluate, and refine their performance over time through openness to new ideas, persistence, and the application of appropriate criteria.",How do musicians improve the quality of their performance?,"Rehearse, Evaluate, and Refine","a. With guidance, apply personal, teacher, and peer feedback to refine performances.
b. With guidance, use suggested strategies in rehearsal to improve the expressive qualities of music.",https://www.cde.ca.gov/be/st/ss/index.asp,,"Standard Identifier: K.MU:Pr5
Grade: K
Discipline: MusicSubdiscipline: TK-8
Artistic Process: PerformingAnchor Standard: 5: Develop and refine artistic techniques and work for presentation

Enduring Understanding: To express their musical ideas, musicians analyze, evaluate, and refine their performance over time through openness to new ideas, persistence, and the application of appropriate criteria.
Essential Question(s): How do musicians improve the quality of their performance?
Process Component(s): Rehearse, Evaluate, and Refine

Performance Standard(s):
a. With guidance, apply personal, teacher, and peer feedback to refine performances.
b. With guidance, use suggested strategies in rehearsal to improve the expressive qualities of music.
"
CA-VAPA-2019,K.MU:Pr4.3,K,,Music,TK-8,Performing,"4. Select, analyze, and interpret artistic work for presentation",4.3 Performers make interpretive decisions based on their understanding of context and expressive intent.,How do performers interpret musical works?,Interpret,"With guidance, demonstrate awareness of expressive qualities (such as voice quality, dynamics, and tempo) that support the creators’ expressive intent.",https://www.cde.ca.gov/be/st/ss/index.asp,,"Standard Identifier: K.MU:Pr4.3
Grade: K
Discipline: MusicSubdiscipline: TK-8
Artistic Process: PerformingAnchor Standard: 4. Select, analyze, and interpret artistic work for presentation

Enduring Understanding: 4.3 Performers make interpretive decisions based on their understanding of context and expressive intent.
Essential Question(s): How do performers interpret musical works?
Process Component(s): Interpret

Performance Standard(s):
With guidance, demonstrate awareness of expressive qualities (such as voice quality, dynamics, and tempo) that support the creators’ expressive intent.
"
CA-VAPA-2019,K.MU:Pr4.2,K,,Music,TK-8,Performing,"4. Select, analyze, and interpret artistic work for presentation",4.2 Analyzing creators’ context and how they manipulate elements of music provides insight into their intent and informs performance.,How does understanding the structure and context of musical works inform performance?,Analyze,"a. With guidance, explore and demonstrate awareness of music contrasts such as high/low, loud/soft, same/different in a variety of music selected for performance.",https://www.cde.ca.gov/be/st/ss/index.asp,,"Standard Identifier: K.MU:Pr4.2
Grade: K
Discipline: MusicSubdiscipline: TK-8
Artistic Process: PerformingAnchor Standard: 4. Select, analyze, and interpret artistic work for presentation

Enduring Understanding: 4.2 Analyzing creators’ context and how they manipulate elements of music provides insight into their intent and informs performance.
Essential Question(s): How does understanding the structure and context of musical works inform performance?
Process Component(s): Analyze

Performance Standard(s):
a. With guidance, explore and demonstrate awareness of music contrasts such as high/low, loud/soft, same/different in a variety of music selected for performance.
"
CA-VAPA-2019,K.MU:Pr4.1,K,,Music,TK-8,Performing,"4. Select, analyze, and interpret artistic work for presentation","4.1 Performers’ interest in and knowledge of musical works, understanding of their own technical skill, and the context for a performance influence the selection of repertoire.",How do performers select repertoire?,Select,"With guidance, demonstrate and state personal interest in varied musical selections.",https://www.cde.ca.gov/be/st/ss/index.asp,,"Standard Identifier: K.MU:Pr4.1
Grade: K
Discipline: MusicSubdiscipline: TK-8
Artistic Process: PerformingAnchor Standard: 4. Select, analyze, and interpret artistic work for presentation

Enduring Understanding: 4.1 Performers’ interest in and knowledge of musical works, understanding of their own technical skill, and the context for a performance influence the selection of repertoire.
Essential Question(s): How do performers select repertoire?
Process Component(s): Select

Performance Standard(s):
With guidance, demonstrate and state personal interest in varied musical selections.
"
CA-VAPA-2019,K.MU:Cr3.2,K,,Music,TK-8,Creating,3: Refine and complete artistic work,3.2 Musicians’ presentation of creative work is the culmination of a process of creation and communication.,When is creative work ready to share?,Present,"With guidance, demonstrate a final version of personal musical ideas to peers.",https://www.cde.ca.gov/be/st/ss/index.asp,,"Standard Identifier: K.MU:Cr3.2
Grade: K
Discipline: MusicSubdiscipline: TK-8
Artistic Process: CreatingAnchor Standard: 3: Refine and complete artistic work

Enduring Understanding: 3.2 Musicians’ presentation of creative work is the culmination of a process of creation and communication.
Essential Question(s): When is creative work ready to share?
Process Component(s): Present

Performance Standard(s):
With guidance, demonstrate a final version of personal musical ideas to peers.
"
CA-VAPA-2019,K.MU:Cr3.1,K,,Music,TK-8,Creating,3: Refine and complete artistic work,"3.1 Musicians evaluate, and refine their work through openness to new ideas, persistence, and the application of appropriate criteria.",How do musicians improve the quality of their creative work?,Evaluate and Refine,"With guidance, apply personal, peer, and teacher feedback in refining personal musical ideas.",https://www.cde.ca.gov/be/st/ss/index.asp,,"Standard Identifier: K.MU:Cr3.1
Grade: K
Discipline: MusicSubdiscipline: TK-8
Artistic Process: CreatingAnchor Standard: 3: Refine and complete artistic work

Enduring Understanding: 3.1 Musicians evaluate, and refine their work through openness to new ideas, persistence, and the application of appropriate criteria.
Essential Question(s): How do musicians improve the quality of their creative work?
Process Component(s): Evaluate and Refine

Performance Standard(s):
With guidance, apply personal, peer, and teacher feedback in refining personal musical ideas.
"
CA-VAPA-2019,K.MU:Cr2,K,,Music,TK-8,Creating,2: Organize and develop artistic ideas and work,"Musicians’ creative choices are influenced by their expertise, context, and expressive intent",How do musicians make creative decisions?,Plan & Make,"a. With guidance, demonstrate and choose favorite musical ideas.
b. With guidance, organize personal musical ideas using iconic notation and/or recording technology.",https://www.cde.ca.gov/be/st/ss/index.asp,,"Standard Identifier: K.MU:Cr2
Grade: K
Discipline: MusicSubdiscipline: TK-8
Artistic Process: CreatingAnchor Standard: 2: Organize and develop artistic ideas and work

Enduring Understanding: Musicians’ creative choices are influenced by their expertise, context, and expressive intent
Essential Question(s): How do musicians make creative decisions?
Process Component(s): Plan & Make

Performance Standard(s):
a. With guidance, demonstrate and choose favorite musical ideas.
b. With guidance, organize personal musical ideas using iconic notation and/or recording technology.
"
CA-VAPA-2019,K.MU:Cr1,K,,Music,TK-8,Creating,1: Generate and conceptualize artistic ideas and work,"The creative ideas, concepts, and feelings that influence musicians’ work emerge from a variety of sources.",How do musicians generate creative ideas?,Imagine,"a. With guidance, explore and experience music concepts (such as beat and melodic contour).
b. With guidance, generate musical ideas (such as movements or motives).",https://www.cde.ca.gov/be/st/ss/index.asp,,"Standard Identifier: K.MU:Cr1
Grade: K
Discipline: MusicSubdiscipline: TK-8
Artistic Process: CreatingAnchor Standard: 1: Generate and conceptualize artistic ideas and work

Enduring Understanding: The creative ideas, concepts, and feelings that influence musicians’ work emerge from a variety of sources.
Essential Question(s): How do musicians generate creative ideas?
Process Component(s): Imagine

Performance Standard(s):
a. With guidance, explore and experience music concepts (such as beat and melodic contour).
b. With guidance, generate musical ideas (such as movements or motives).
"
CA-VAPA-2019,K.MA:Cn11,K,,Media Arts,,Connecting,"11: Relate artistic ideas and works with societal, cultural, and historical context to deepen understanding","Media artworks and ideas are better understood and produced by relating them to their purposes, values, and various contexts.","How does media arts relate to its various contexts, purposes, and values? How does investigating these relationships inform and deepen the media artist's understanding and work?",Relate,"a. With guidance, share ideas in relating media artworks and everyday life, such as daily activities.
b. With guidance, interact safely and appropriately with media arts tools, environments, and rules.",https://www.cde.ca.gov/be/st/ss/index.asp,,"Standard Identifier: K.MA:Cn11
Grade: K
Discipline: Media Arts
Artistic Process: ConnectingAnchor Standard: 11: Relate artistic ideas and works with societal, cultural, and historical context to deepen understanding

Enduring Understanding: Media artworks and ideas are better understood and produced by relating them to their purposes, values, and various contexts.
Essential Question(s): How does media arts relate to its various contexts, purposes, and values? How does investigating these relationships inform and deepen the media artist's understanding and work?
Process Component(s): Relate

Performance Standard(s):
a. With guidance, share ideas in relating media artworks and everyday life, such as daily activities.
b. With guidance, interact safely and appropriately with media arts tools, environments, and rules.
"
CA-VAPA-2019,K.MA:Cn10,K,,Media Arts,,Connecting,10: Synthesize and relate knowledge and personal experiences to make art,: Media artworks synthesize meaning and form cultural experience.,How do we relate knowledge and experiences to understanding and making media artworks? How do we learn about and create meaning through producing media artworks?,Synthesize,"a. Use personal experiences and interests in making media artworks.
b. Share memorable experiences of media artworks.",https://www.cde.ca.gov/be/st/ss/index.asp,,"Standard Identifier: K.MA:Cn10
Grade: K
Discipline: Media Arts
Artistic Process: ConnectingAnchor Standard: 10: Synthesize and relate knowledge and personal experiences to make art

Enduring Understanding: : Media artworks synthesize meaning and form cultural experience.
Essential Question(s): How do we relate knowledge and experiences to understanding and making media artworks? How do we learn about and create meaning through producing media artworks?
Process Component(s): Synthesize

Performance Standard(s):
a. Use personal experiences and interests in making media artworks.
b. Share memorable experiences of media artworks.
"
CA-VAPA-2019,K.MA:Re9,K,,Media Arts,,Responding,9: Apply criteria to evaluate artistic work,"Skillful evaluation and critique are critical components of experiencing, appreciating, and producing media artworks.",How and why do media artists value and judge media artworks? When and how should we evaluate and critique media artworks to improve them?,Evaluate,Share appealing qualities and possible changes in media artworks.,https://www.cde.ca.gov/be/st/ss/index.asp,,"Standard Identifier: K.MA:Re9
Grade: K
Discipline: Media Arts
Artistic Process: RespondingAnchor Standard: 9: Apply criteria to evaluate artistic work

Enduring Understanding: Skillful evaluation and critique are critical components of experiencing, appreciating, and producing media artworks.
Essential Question(s): How and why do media artists value and judge media artworks? When and how should we evaluate and critique media artworks to improve them?
Process Component(s): Evaluate

Performance Standard(s):
Share appealing qualities and possible changes in media artworks.
"
CA-VAPA-2019,K.MA:Re8,K,,Media Arts,,Responding,8: Interpret intent and meaning in artistic work,"Interpretation and appreciation require consideration of the intent, form, and context of the media and artwork.",How do people relate to and interpret media artworks?,Interpret,"With guidance, share observations regarding a variety of media artworks.",https://www.cde.ca.gov/be/st/ss/index.asp,,"Standard Identifier: K.MA:Re8
Grade: K
Discipline: Media Arts
Artistic Process: RespondingAnchor Standard: 8: Interpret intent and meaning in artistic work

Enduring Understanding: Interpretation and appreciation require consideration of the intent, form, and context of the media and artwork.
Essential Question(s): How do people relate to and interpret media artworks?
Process Component(s): Interpret

Performance Standard(s):
With guidance, share observations regarding a variety of media artworks.
"
CA-VAPA-2019,K.MA:Re7,K,,Media Arts,,Responding,7: Perceive and analyze artistic work,Identifying the qualities and characteristics of media artworks improves one's artistic appreciation and production.,How do we 'read' media artworks and discern their relational components? How do media artworks function to convey meaning and manage audience experience?,Perceive,"a. Recognize and share components and messages in media artworks.
b. Recognize and share how a variety of media artworks create different experiences.",https://www.cde.ca.gov/be/st/ss/index.asp,,"Standard Identifier: K.MA:Re7
Grade: K
Discipline: Media Arts
Artistic Process: RespondingAnchor Standard: 7: Perceive and analyze artistic work

Enduring Understanding: Identifying the qualities and characteristics of media artworks improves one's artistic appreciation and production.
Essential Question(s): How do we 'read' media artworks and discern their relational components? How do media artworks function to convey meaning and manage audience experience?
Process Component(s): Perceive

Performance Standard(s):
a. Recognize and share components and messages in media artworks.
b. Recognize and share how a variety of media artworks create different experiences.
"
CA-VAPA-2019,K.MA:Pr6,K,,Media Arts,,Producing (Media Arts only),6: Convey meaning through the presentation of artistic work,"Media artists purposefully present, share, and distribute media artworks for various contexts.","How does time, place, audience, and context affect presenting or performing choices for media artworks?",Present,"With guidance, discuss the audience and share roles in presenting media artworks.",https://www.cde.ca.gov/be/st/ss/index.asp,,"Standard Identifier: K.MA:Pr6
Grade: K
Discipline: Media Arts
Artistic Process: Producing (Media Arts only)Anchor Standard: 6: Convey meaning through the presentation of artistic work

Enduring Understanding: Media artists purposefully present, share, and distribute media artworks for various contexts.
Essential Question(s): How does time, place, audience, and context affect presenting or performing choices for media artworks?
Process Component(s): Present

Performance Standard(s):
With guidance, discuss the audience and share roles in presenting media artworks.
"
CA-VAPA-2019,K.MA:Pr5,K,,Media Arts,,Producing (Media Arts only),5: Develop and refine artistic techniques and work for presentation,Media artists require a range of skills and abilities to creatively solve problems within and through media arts productions.,What skills are required for creating effective media artworks and how are they improved? How are creativity and innovation developed within and through media arts productions? How do media artists use various tools and techniques?,Practice,"a. Identify and demonstrate basic skills, such as handling tools, making choices, and cooperating, in creating media artworks.
b. Identify and demonstrate creative skills, such as performing, within media arts productions.",https://www.cde.ca.gov/be/st/ss/index.asp,,"Standard Identifier: K.MA:Pr5
Grade: K
Discipline: Media Arts
Artistic Process: Producing (Media Arts only)Anchor Standard: 5: Develop and refine artistic techniques and work for presentation

Enduring Understanding: Media artists require a range of skills and abilities to creatively solve problems within and through media arts productions.
Essential Question(s): What skills are required for creating effective media artworks and how are they improved? How are creativity and innovation developed within and through media arts productions? How do media artists use various tools and techniques?
Process Component(s): Practice

Performance Standard(s):
a. Identify and demonstrate basic skills, such as handling tools, making choices, and cooperating, in creating media artworks.
b. Identify and demonstrate creative skills, such as performing, within media arts productions.
"
CA-VAPA-2019,K.MA:Pr4,K,,Media Arts,,Producing (Media Arts only),"4. Select, analyze, and interpret artistic work for presentation","Media artists integrate various forms and contents to develop complex, unified artworks.",How are complex media arts experiences constructed?,Integrate,"With guidance, combine arts forms and media content, such as dance and video, to form media artworks.",https://www.cde.ca.gov/be/st/ss/index.asp,,"Standard Identifier: K.MA:Pr4
Grade: K
Discipline: Media Arts
Artistic Process: Producing (Media Arts only)Anchor Standard: 4. Select, analyze, and interpret artistic work for presentation

Enduring Understanding: Media artists integrate various forms and contents to develop complex, unified artworks.
Essential Question(s): How are complex media arts experiences constructed?
Process Component(s): Integrate

Performance Standard(s):
With guidance, combine arts forms and media content, such as dance and video, to form media artworks.
"
CA-VAPA-2019,K.MA:Cr2,K,,Media Arts,,Creating,2: Organize and develop artistic ideas and work,"Media artists plan, organize, and develop creative ideas and models into process structures that can effectively realize the artistic idea.",How do media artists organize and develop ideas and models into process structures to achieve the desired end product?,Develop,"With guidance, use ideas to form plans or models for media arts productions.",https://www.cde.ca.gov/be/st/ss/index.asp,,"Standard Identifier: K.MA:Cr2
Grade: K
Discipline: Media Arts
Artistic Process: CreatingAnchor Standard: 2: Organize and develop artistic ideas and work

Enduring Understanding: Media artists plan, organize, and develop creative ideas and models into process structures that can effectively realize the artistic idea.
Essential Question(s): How do media artists organize and develop ideas and models into process structures to achieve the desired end product?
Process Component(s): Develop

Performance Standard(s):
With guidance, use ideas to form plans or models for media arts productions.
"
CA-VAPA-2019,K.MA:Cr3,K,,Media Arts,,Creating,3: Refine and complete artistic work,"The forming, integration, and refinement of aesthetic components, principles, and processes creates purpose, meaning, and artistic quality in media artworks.","What is required to produce a media artwork that conveys purpose, meaning, and artistic quality? How do media artists refine their work?",Construct,"a. Form and capture media arts content for expression and meaning in media arts productions.
b. Make changes to the content, form, or presentation of media artworks and share results.",https://www.cde.ca.gov/be/st/ss/index.asp,,"Standard Identifier: K.MA:Cr3
Grade: K
Discipline: Media Arts
Artistic Process: CreatingAnchor Standard: 3: Refine and complete artistic work

Enduring Understanding: The forming, integration, and refinement of aesthetic components, principles, and processes creates purpose, meaning, and artistic quality in media artworks.
Essential Question(s): What is required to produce a media artwork that conveys purpose, meaning, and artistic quality? How do media artists refine their work?
Process Component(s): Construct

Performance Standard(s):
a. Form and capture media arts content for expression and meaning in media arts productions.
b. Make changes to the content, form, or presentation of media artworks and share results.
"
CA-VAPA-2019,K.MA:Cr1,K,,Media Arts,,Creating,1: Generate and conceptualize artistic ideas and work,"Media arts ideas, works, and processes are shaped by the imagination, creative processes, and by experiences, both within and outside of the arts.",How do media artists generate ideas? How can ideas for media arts productions be formed and developed to be effective and original?,Conceive,Discover and share ideas for media artworks using play and/or experimentation.,https://www.cde.ca.gov/be/st/ss/index.asp,,"Standard Identifier: K.MA:Cr1
Grade: K
Discipline: Media Arts
Artistic Process: CreatingAnchor Standard: 1: Generate and conceptualize artistic ideas and work

Enduring Understanding: Media arts ideas, works, and processes are shaped by the imagination, creative processes, and by experiences, both within and outside of the arts.
Essential Question(s): How do media artists generate ideas? How can ideas for media arts productions be formed and developed to be effective and original?
Process Component(s): Conceive

Performance Standard(s):
Discover and share ideas for media artworks using play and/or experimentation.
"
CA-VAPA-2019,K.DA:Cn11,K,,Dance,,Connecting,"11: Relate artistic ideas and works with societal, cultural, and historical context to deepen understanding","Dance literacy includes deep knowledge and perspectives about societal, cultural, historical, and community contexts.","How does knowing about societal, cultural, historical and community experiences expand dance literacy?",Relate,Describe or demonstrate the movements in a dance that was watched or performed.,https://www.cde.ca.gov/be/st/ss/index.asp,,"Standard Identifier: K.DA:Cn11
Grade: K
Discipline: Dance
Artistic Process: ConnectingAnchor Standard: 11: Relate artistic ideas and works with societal, cultural, and historical context to deepen understanding

Enduring Understanding: Dance literacy includes deep knowledge and perspectives about societal, cultural, historical, and community contexts.
Essential Question(s): How does knowing about societal, cultural, historical and community experiences expand dance literacy?
Process Component(s): Relate

Performance Standard(s):
Describe or demonstrate the movements in a dance that was watched or performed.
"
CA-VAPA-2019,K.DA:Cn10,K,,Dance,,Connecting,10: Synthesize and relate knowledge and personal experiences to make art,"As dance is experienced, all personal experiences, knowledge, and contexts are integrated and synthesized to interpret meaning.","How does dance deepen our understanding of ourselves, other knowledge, and events around us?",Synthesize,"a. Recognize and name an emotion that is experienced when watching, improvising, or performing dance and relate it to a personal experience.
b. Observe a work of art. Describe and then express through movement something of interest about the artwork, and ask questions for discussion concerning the artwork.",https://www.cde.ca.gov/be/st/ss/index.asp,,"Standard Identifier: K.DA:Cn10
Grade: K
Discipline: Dance
Artistic Process: ConnectingAnchor Standard: 10: Synthesize and relate knowledge and personal experiences to make art

Enduring Understanding: As dance is experienced, all personal experiences, knowledge, and contexts are integrated and synthesized to interpret meaning.
Essential Question(s): How does dance deepen our understanding of ourselves, other knowledge, and events around us?
Process Component(s): Synthesize

Performance Standard(s):
a. Recognize and name an emotion that is experienced when watching, improvising, or performing dance and relate it to a personal experience.
b. Observe a work of art. Describe and then express through movement something of interest about the artwork, and ask questions for discussion concerning the artwork.
"
CA-VAPA-2019,K.DA:Re9,K,,Dance,,Responding,9: Apply criteria to evaluate artistic work,"Criteria for evaluating dance vary across genres, styles, and cultures",What criteria are used to evaluate dance?,Critique,Find a movement that was noticed in a dance. Demonstrate the movement that was noticed and explain why it attracted attention.,https://www.cde.ca.gov/be/st/ss/index.asp,,"Standard Identifier: K.DA:Re9
Grade: K
Discipline: Dance
Artistic Process: RespondingAnchor Standard: 9: Apply criteria to evaluate artistic work

Enduring Understanding: Criteria for evaluating dance vary across genres, styles, and cultures
Essential Question(s): What criteria are used to evaluate dance?
Process Component(s): Critique

Performance Standard(s):
Find a movement that was noticed in a dance. Demonstrate the movement that was noticed and explain why it attracted attention.
"
CA-VAPA-2019,K.DA:Re8,K,,Dance,,Responding,8: Interpret intent and meaning in artistic work,"Dance is interpreted by considering intent, meaning, and artistic expression as communicated through the use of the body, elements of dance, dance technique, dance structure, and context.",How is dance interpreted?,Interpret,Observe movement and describe it using simple dance terminology.,https://www.cde.ca.gov/be/st/ss/index.asp,,"Standard Identifier: K.DA:Re8
Grade: K
Discipline: Dance
Artistic Process: RespondingAnchor Standard: 8: Interpret intent and meaning in artistic work

Enduring Understanding: Dance is interpreted by considering intent, meaning, and artistic expression as communicated through the use of the body, elements of dance, dance technique, dance structure, and context.
Essential Question(s): How is dance interpreted?
Process Component(s): Interpret

Performance Standard(s):
Observe movement and describe it using simple dance terminology.
"
CA-VAPA-2019,K.DA:Re7,K,,Dance,,Responding,7: Perceive and analyze artistic work,Dance is perceived and analyzed to comprehend its meaning.,How is a dance understood?,Analyze,"a. Find a movement that repeats in a dance.
b. Demonstrate or describe observed or performed dance movements.",https://www.cde.ca.gov/be/st/ss/index.asp,,"Standard Identifier: K.DA:Re7
Grade: K
Discipline: Dance
Artistic Process: RespondingAnchor Standard: 7: Perceive and analyze artistic work

Enduring Understanding: Dance is perceived and analyzed to comprehend its meaning.
Essential Question(s): How is a dance understood?
Process Component(s): Analyze

Performance Standard(s):
a. Find a movement that repeats in a dance.
b. Demonstrate or describe observed or performed dance movements.
"
CA-VAPA-2019,K.DA:Pr6,K,,Dance,,Performing,6: Convey meaning through the presentation of artistic work,"Dance performance is an interaction between performer, production elements, and audience that heightens and amplifies artistic expression.",How does a dancer heighten artistry in a public performance?,Present,"a. Dance for and with others in a designated space.
b. Select a prop to use as part of a dance.",https://www.cde.ca.gov/be/st/ss/index.asp,,"Standard Identifier: K.DA:Pr6
Grade: K
Discipline: Dance
Artistic Process: PerformingAnchor Standard: 6: Convey meaning through the presentation of artistic work

Enduring Understanding: Dance performance is an interaction between performer, production elements, and audience that heightens and amplifies artistic expression.
Essential Question(s): How does a dancer heighten artistry in a public performance?
Process Component(s): Present

Performance Standard(s):
a. Dance for and with others in a designated space.
b. Select a prop to use as part of a dance.
"
CA-VAPA-2019,K.DA:Pr5,K,,Dance,,Performing,5: Develop and refine artistic techniques and work for presentation,Dancers use the mind-body connection and develop the body as an instrument for artistry and artistic expression.,What must a dancer do to prepare the mind and body for artistic expression?,Embody,"a. Demonstrate same side and cross-body locomotor and non-locomotor movements, body patterning movements, and body shapes.
b. Move safely in general space and start and stop on cue during activities, group formations, and creative explorations while maintaining personal space.
c. Move body parts in relation to other body parts and repeat and recall movements upon request.",https://www.cde.ca.gov/be/st/ss/index.asp,,"Standard Identifier: K.DA:Pr5
Grade: K
Discipline: Dance
Artistic Process: PerformingAnchor Standard: 5: Develop and refine artistic techniques and work for presentation

Enduring Understanding: Dancers use the mind-body connection and develop the body as an instrument for artistry and artistic expression.
Essential Question(s): What must a dancer do to prepare the mind and body for artistic expression?
Process Component(s): Embody

Performance Standard(s):
a. Demonstrate same side and cross-body locomotor and non-locomotor movements, body patterning movements, and body shapes.
b. Move safely in general space and start and stop on cue during activities, group formations, and creative explorations while maintaining personal space.
c. Move body parts in relation to other body parts and repeat and recall movements upon request.
"
CA-VAPA-2019,K.DA:Pr4,K,,Dance,,Performing,"4. Select, analyze, and interpret artistic work for presentation","Space, time, and energy are basic elements of dance.","How do dancers work with space, time and energy to communicate artistic expression?",Express,"a. Make still and moving body shapes that show lines (e.g., straight, bent, and curved), change levels, and vary in size (large/small). Join with others to make a formation and work with others to change its dimension. Find and return to a place in space.
b. Demonstrate tempo contrasts with movements that match the tempo of the stimuli.
c. Identify and apply different dynamics to movements.",https://www.cde.ca.gov/be/st/ss/index.asp,,"Standard Identifier: K.DA:Pr4
Grade: K
Discipline: Dance
Artistic Process: PerformingAnchor Standard: 4. Select, analyze, and interpret artistic work for presentation

Enduring Understanding: Space, time, and energy are basic elements of dance.
Essential Question(s): How do dancers work with space, time and energy to communicate artistic expression?
Process Component(s): Express

Performance Standard(s):
a. Make still and moving body shapes that show lines (e.g., straight, bent, and curved), change levels, and vary in size (large/small). Join with others to make a formation and work with others to change its dimension. Find and return to a place in space.
b. Demonstrate tempo contrasts with movements that match the tempo of the stimuli.
c. Identify and apply different dynamics to movements.
"
CA-VAPA-2019,K.DA:Cr3,K,,Dance,,Creating,3: Refine and complete artistic work,"Choreographers analyze, evaluate, refine, and document their work to communicate meaning","How do choreographers use self-reflection, feedback from others, and documentation to improve the quality of their work?",Revise,Apply suggestions for changing movement through guided improvisational experiences.,https://www.cde.ca.gov/be/st/ss/index.asp,,"Standard Identifier: K.DA:Cr3
Grade: K
Discipline: Dance
Artistic Process: CreatingAnchor Standard: 3: Refine and complete artistic work

Enduring Understanding: Choreographers analyze, evaluate, refine, and document their work to communicate meaning
Essential Question(s): How do choreographers use self-reflection, feedback from others, and documentation to improve the quality of their work?
Process Component(s): Revise

Performance Standard(s):
Apply suggestions for changing movement through guided improvisational experiences.
"
CA-VAPA-2019,K.DA:Cr2,K,,Dance,,Creating,2: Organize and develop artistic ideas and work,"The elements of dance, dance structures, and choreographic devices serve as both a foundation and a departure point for choreographers.",What influences choice-making in creating choreography?,Plan,"a. Improvise dance that has a beginning, middle, and end.
b. Express an idea, feeling, or image, through improvised movement moving alone or with a partner.",https://www.cde.ca.gov/be/st/ss/index.asp,,"Standard Identifier: K.DA:Cr2
Grade: K
Discipline: Dance
Artistic Process: CreatingAnchor Standard: 2: Organize and develop artistic ideas and work

Enduring Understanding: The elements of dance, dance structures, and choreographic devices serve as both a foundation and a departure point for choreographers.
Essential Question(s): What influences choice-making in creating choreography?
Process Component(s): Plan

Performance Standard(s):
a. Improvise dance that has a beginning, middle, and end.
b. Express an idea, feeling, or image, through improvised movement moving alone or with a partner.
"
CA-VAPA-2019,K.DA.Cr1,K,,Dance,,Creating,1: Generate and conceptualize artistic ideas and work,Choreographers use a variety of sources as inspiration and transform concepts and ideas into movement for artistic expression.,Where do choreographers get ideas for dances?,Explore,"a. Respond in movement to a variety of stimuli (e.g., music/sound, text, objects, images, symbols, observed dance).
b. Explore different ways to do basic locomotor and non-locomotor movements by changing at least one of the elements of dance.",https://www.cde.ca.gov/be/st/ss/index.asp,,"Standard Identifier: K.DA.Cr1
Grade: K
Discipline: Dance
Artistic Process: CreatingAnchor Standard: 1: Generate and conceptualize artistic ideas and work

Enduring Understanding: Choreographers use a variety of sources as inspiration and transform concepts and ideas into movement for artistic expression.
Essential Question(s): Where do choreographers get ideas for dances?
Process Component(s): Explore

Performance Standard(s):
a. Respond in movement to a variety of stimuli (e.g., music/sound, text, objects, images, symbols, observed dance).
b. Explore different ways to do basic locomotor and non-locomotor movements by changing at least one of the elements of dance.
"
CA-VAPA-2019,1.DA.Cr1,1,,Dance,,Creating,1: Generate and conceptualize artistic ideas and work,Choreographers use a variety of sources as inspiration and transform concepts and ideas into movement for artistic expression.,Where do choreographers get ideas for dances?,Explore,"a. Explore movement inspired by a variety of stimuli (e.g., music/sound, text, objects, images, symbols, observed dance, experiences) and identify the source.
b. Explore a variety of locomotor and non-locomotor movements by experimenting with and changing the elements of dance.",https://www.cde.ca.gov/be/st/ss/index.asp,,"Standard Identifier: 1.DA.Cr1
Grade: 1
Discipline: Dance
Artistic Process: CreatingAnchor Standard: 1: Generate and conceptualize artistic ideas and work

Enduring Understanding: Choreographers use a variety of sources as inspiration and transform concepts and ideas into movement for artistic expression.
Essential Question(s): Where do choreographers get ideas for dances?
Process Component(s): Explore

Performance Standard(s):
a. Explore movement inspired by a variety of stimuli (e.g., music/sound, text, objects, images, symbols, observed dance, experiences) and identify the source.
b. Explore a variety of locomotor and non-locomotor movements by experimenting with and changing the elements of dance.
"
CA-VAPA-2019,1.DA:Cr2,1,,Dance,,Creating,2: Organize and develop artistic ideas and work,"The elements of dance, dance structures, and choreographic devices serve as both a foundation and a departure point for choreographers.",What influences choice-making in creating choreography?,Plan,"a. Improvise a series of movements that have a beginning, middle, and end, and describe movement choices.
b. Choose movements that express an idea or emotion, or follow a musical phrase.",https://www.cde.ca.gov/be/st/ss/index.asp,,"Standard Identifier: 1.DA:Cr2
Grade: 1
Discipline: Dance
Artistic Process: CreatingAnchor Standard: 2: Organize and develop artistic ideas and work

Enduring Understanding: The elements of dance, dance structures, and choreographic devices serve as both a foundation and a departure point for choreographers.
Essential Question(s): What influences choice-making in creating choreography?
Process Component(s): Plan

Performance Standard(s):
a. Improvise a series of movements that have a beginning, middle, and end, and describe movement choices.
b. Choose movements that express an idea or emotion, or follow a musical phrase.
"
CA-VAPA-2019,1.DA:Cr3,1,,Dance,,Creating,3: Refine and complete artistic work,"Choreographers analyze, evaluate, refine, and document their work to communicate meaning","How do choreographers use self-reflection, feedback from others, and documentation to improve the quality of their work?",Revise,Explore suggestions to change movement from guided improvisation and/or short remembered sequences.,https://www.cde.ca.gov/be/st/ss/index.asp,,"Standard Identifier: 1.DA:Cr3
Grade: 1
Discipline: Dance
Artistic Process: CreatingAnchor Standard: 3: Refine and complete artistic work

Enduring Understanding: Choreographers analyze, evaluate, refine, and document their work to communicate meaning
Essential Question(s): How do choreographers use self-reflection, feedback from others, and documentation to improve the quality of their work?
Process Component(s): Revise

Performance Standard(s):
Explore suggestions to change movement from guided improvisation and/or short remembered sequences.
"
CA-VAPA-2019,1.DA:Pr4,1,,Dance,,Performing,"4. Select, analyze, and interpret artistic work for presentation","Space, time, and energy are basic elements of dance.","How do dancers work with space, time and energy to communicate artistic expression?",Express,"a. Demonstrate locomotor and non-locomotor movements that change body shapes, levels, and facings. Move in straight, curved, and zigzagged pathways individually and with others. Find and return to place in space.
b. Relate quick, moderate and slow movements to duration in time. Recognize steady beat and move to varying tempi of steady beat.
c. Demonstrate movement characteristics along with descriptive vocabulary (e.g., use adverbs and adjectives that apply to movement).",https://www.cde.ca.gov/be/st/ss/index.asp,,"Standard Identifier: 1.DA:Pr4
Grade: 1
Discipline: Dance
Artistic Process: PerformingAnchor Standard: 4. Select, analyze, and interpret artistic work for presentation

Enduring Understanding: Space, time, and energy are basic elements of dance.
Essential Question(s): How do dancers work with space, time and energy to communicate artistic expression?
Process Component(s): Express

Performance Standard(s):
a. Demonstrate locomotor and non-locomotor movements that change body shapes, levels, and facings. Move in straight, curved, and zigzagged pathways individually and with others. Find and return to place in space.
b. Relate quick, moderate and slow movements to duration in time. Recognize steady beat and move to varying tempi of steady beat.
c. Demonstrate movement characteristics along with descriptive vocabulary (e.g., use adverbs and adjectives that apply to movement).
"
CA-VAPA-2019,1.DA:Pr5,1,,Dance,,Performing,5: Develop and refine artistic techniques and work for presentation,Dancers use the mind-body connection and develop the body as an instrument for artistry and artistic expression.,What must a dancer do to prepare the mind and body for artistic expression?,Embody,"a. Demonstrate a range of locomotor and non-locomotor movements, body patterning, body shapes, and directionality.
b. Move safely in general space through a range of activities and group formations while maintaining and changing personal space.
c. Modify movements and spatial arrangements upon request.",https://www.cde.ca.gov/be/st/ss/index.asp,,"Standard Identifier: 1.DA:Pr5
Grade: 1
Discipline: Dance
Artistic Process: PerformingAnchor Standard: 5: Develop and refine artistic techniques and work for presentation

Enduring Understanding: Dancers use the mind-body connection and develop the body as an instrument for artistry and artistic expression.
Essential Question(s): What must a dancer do to prepare the mind and body for artistic expression?
Process Component(s): Embody

Performance Standard(s):
a. Demonstrate a range of locomotor and non-locomotor movements, body patterning, body shapes, and directionality.
b. Move safely in general space through a range of activities and group formations while maintaining and changing personal space.
c. Modify movements and spatial arrangements upon request.
"
CA-VAPA-2019,1.DA:Pr6,1,,Dance,,Performing,6: Convey meaning through the presentation of artistic work,"Dance performance is an interaction between performer, production elements, and audience that heightens and amplifies artistic expression.",How does a dancer heighten artistry in a public performance?,Present,"a. Dance for others in a space where audience and performers occupy different areas.
b. Explore the use of props to enhance performance.",https://www.cde.ca.gov/be/st/ss/index.asp,,"Standard Identifier: 1.DA:Pr6
Grade: 1
Discipline: Dance
Artistic Process: PerformingAnchor Standard: 6: Convey meaning through the presentation of artistic work

Enduring Understanding: Dance performance is an interaction between performer, production elements, and audience that heightens and amplifies artistic expression.
Essential Question(s): How does a dancer heighten artistry in a public performance?
Process Component(s): Present

Performance Standard(s):
a. Dance for others in a space where audience and performers occupy different areas.
b. Explore the use of props to enhance performance.
"
CA-VAPA-2019,1.DA:Re7,1,,Dance,,Responding,7: Perceive and analyze artistic work,Dance is perceived and analyzed to comprehend its meaning.,How is a dance understood?,Analyze,"a. Find a movement that repeats in a dance to make a pattern.
b. Demonstrate and describe observed or performed dance movements from a specific genre or culture.",https://www.cde.ca.gov/be/st/ss/index.asp,,"Standard Identifier: 1.DA:Re7
Grade: 1
Discipline: Dance
Artistic Process: RespondingAnchor Standard: 7: Perceive and analyze artistic work

Enduring Understanding: Dance is perceived and analyzed to comprehend its meaning.
Essential Question(s): How is a dance understood?
Process Component(s): Analyze

Performance Standard(s):
a. Find a movement that repeats in a dance to make a pattern.
b. Demonstrate and describe observed or performed dance movements from a specific genre or culture.
"
CA-VAPA-2019,1.DA:Re8,1,,Dance,,Responding,8: Interpret intent and meaning in artistic work,"Dance is interpreted by considering intent, meaning, and artistic expression as communicated through the use of the body, elements of dance, dance technique, dance structure, and context.",How is dance interpreted?,Interpret,Select movements from a dance that suggest ideas and explain how the movement captures the idea using simple dance terminology.,https://www.cde.ca.gov/be/st/ss/index.asp,,"Standard Identifier: 1.DA:Re8
Grade: 1
Discipline: Dance
Artistic Process: RespondingAnchor Standard: 8: Interpret intent and meaning in artistic work

Enduring Understanding: Dance is interpreted by considering intent, meaning, and artistic expression as communicated through the use of the body, elements of dance, dance technique, dance structure, and context.
Essential Question(s): How is dance interpreted?
Process Component(s): Interpret

Performance Standard(s):
Select movements from a dance that suggest ideas and explain how the movement captures the idea using simple dance terminology.
"
CA-VAPA-2019,1.DA:Re9,1,,Dance,,Responding,9: Apply criteria to evaluate artistic work,"Criteria for evaluating dance vary across genres, styles, and cultures",What criteria are used to evaluate dance?,Critique,Identify and demonstrate several movements in a dance that attracted attention. Describe the characteristics that make the movements interesting and talk about why they were chosen.,https://www.cde.ca.gov/be/st/ss/index.asp,,"Standard Identifier: 1.DA:Re9
Grade: 1
Discipline: Dance
Artistic Process: RespondingAnchor Standard: 9: Apply criteria to evaluate artistic work

Enduring Understanding: Criteria for evaluating dance vary across genres, styles, and cultures
Essential Question(s): What criteria are used to evaluate dance?
Process Component(s): Critique

Performance Standard(s):
Identify and demonstrate several movements in a dance that attracted attention. Describe the characteristics that make the movements interesting and talk about why they were chosen.
"
CA-VAPA-2019,1.DA:Cn10,1,,Dance,,Connecting,10: Synthesize and relate knowledge and personal experiences to make art,"As dance is experienced, all personal experiences, knowledge, and contexts are integrated and synthesized to interpret meaning.","How does dance deepen our understanding of ourselves, other knowledge, and events around us?",Synthesize,"a. Find an experience expressed or portrayed in a dance that relates to a familiar experience. Identify the movements that communicate this experience.
b. Discuss observations from a story. Identify ideas for dance movement and demonstrate the big ideas of the story.",https://www.cde.ca.gov/be/st/ss/index.asp,,"Standard Identifier: 1.DA:Cn10
Grade: 1
Discipline: Dance
Artistic Process: ConnectingAnchor Standard: 10: Synthesize and relate knowledge and personal experiences to make art

Enduring Understanding: As dance is experienced, all personal experiences, knowledge, and contexts are integrated and synthesized to interpret meaning.
Essential Question(s): How does dance deepen our understanding of ourselves, other knowledge, and events around us?
Process Component(s): Synthesize

Performance Standard(s):
a. Find an experience expressed or portrayed in a dance that relates to a familiar experience. Identify the movements that communicate this experience.
b. Discuss observations from a story. Identify ideas for dance movement and demonstrate the big ideas of the story.
"
CA-VAPA-2019,1.DA:Cn11,1,,Dance,,Connecting,"11: Relate artistic ideas and works with societal, cultural, and historical context to deepen understanding","Dance literacy includes deep knowledge and perspectives about societal, cultural, historical, and community contexts.","How does knowing about societal, cultural, historical and community experiences expand dance literacy?",Relate,Watch and/or perform a dance from a different culture and discuss or demonstrate the types of movement danced.,https://www.cde.ca.gov/be/st/ss/index.asp,,"Standard Identifier: 1.DA:Cn11
Grade: 1
Discipline: Dance
Artistic Process: ConnectingAnchor Standard: 11: Relate artistic ideas and works with societal, cultural, and historical context to deepen understanding

Enduring Understanding: Dance literacy includes deep knowledge and perspectives about societal, cultural, historical, and community contexts.
Essential Question(s): How does knowing about societal, cultural, historical and community experiences expand dance literacy?
Process Component(s): Relate

Performance Standard(s):
Watch and/or perform a dance from a different culture and discuss or demonstrate the types of movement danced.
"
CA-VAPA-2019,1.MA:Cr1,1,,Media Arts,,Creating,1: Generate and conceptualize artistic ideas and work,"Media arts ideas, works, and processes are shaped by the imagination, creative processes, and by experiences, both within and outside of the arts.",How do media artists generate ideas? How can ideas for media arts productions be formed and developed to be effective and original?,Conceive,Express and share ideas for media artworks through sketching and modeling.,https://www.cde.ca.gov/be/st/ss/index.asp,,"Standard Identifier: 1.MA:Cr1
Grade: 1
Discipline: Media Arts
Artistic Process: CreatingAnchor Standard: 1: Generate and conceptualize artistic ideas and work

Enduring Understanding: Media arts ideas, works, and processes are shaped by the imagination, creative processes, and by experiences, both within and outside of the arts.
Essential Question(s): How do media artists generate ideas? How can ideas for media arts productions be formed and developed to be effective and original?
Process Component(s): Conceive

Performance Standard(s):
Express and share ideas for media artworks through sketching and modeling.
"
CA-VAPA-2019,1.MA:Cr3,1,,Media Arts,,Creating,3: Refine and complete artistic work,"The forming, integration, and refinement of aesthetic components, principles, and processes creates purpose, meaning, and artistic quality in media artworks.","What is required to produce a media artwork that conveys purpose, meaning, and artistic quality? How do media artists refine their work?",Construct,"a. Create, capture, and assemble media arts content for media arts productions, identifying basic aesthetic principles, such as pattern and repetition.
b. Practice and identify the effects of making changes to the content, form, or presentation, in order to refine and complete media artworks.",https://www.cde.ca.gov/be/st/ss/index.asp,,"Standard Identifier: 1.MA:Cr3
Grade: 1
Discipline: Media Arts
Artistic Process: CreatingAnchor Standard: 3: Refine and complete artistic work

Enduring Understanding: The forming, integration, and refinement of aesthetic components, principles, and processes creates purpose, meaning, and artistic quality in media artworks.
Essential Question(s): What is required to produce a media artwork that conveys purpose, meaning, and artistic quality? How do media artists refine their work?
Process Component(s): Construct

Performance Standard(s):
a. Create, capture, and assemble media arts content for media arts productions, identifying basic aesthetic principles, such as pattern and repetition.
b. Practice and identify the effects of making changes to the content, form, or presentation, in order to refine and complete media artworks.
"
CA-VAPA-2019,1.MA:Cr2,1,,Media Arts,,Creating,2: Organize and develop artistic ideas and work,"Media artists plan, organize, and develop creative ideas and models into process structures that can effectively realize the artistic idea.",How do media artists organize and develop ideas and models into process structures to achieve the desired end product?,Develop,"With guidance, identify and use ideas to form plans and/or models for media arts productions.",https://www.cde.ca.gov/be/st/ss/index.asp,,"Standard Identifier: 1.MA:Cr2
Grade: 1
Discipline: Media Arts
Artistic Process: CreatingAnchor Standard: 2: Organize and develop artistic ideas and work

Enduring Understanding: Media artists plan, organize, and develop creative ideas and models into process structures that can effectively realize the artistic idea.
Essential Question(s): How do media artists organize and develop ideas and models into process structures to achieve the desired end product?
Process Component(s): Develop

Performance Standard(s):
With guidance, identify and use ideas to form plans and/or models for media arts productions.
"
CA-VAPA-2019,1.MA:Pr4,1,,Media Arts,,Producing (Media Arts only),"4. Select, analyze, and interpret artistic work for presentation","Media artists integrate various forms and contents to develop complex, unified artworks.",How are complex media arts experiences constructed?,Integrate,"Combine varied academic, arts, and media content in media artworks, such as an illustrated story.",https://www.cde.ca.gov/be/st/ss/index.asp,,"Standard Identifier: 1.MA:Pr4
Grade: 1
Discipline: Media Arts
Artistic Process: Producing (Media Arts only)Anchor Standard: 4. Select, analyze, and interpret artistic work for presentation

Enduring Understanding: Media artists integrate various forms and contents to develop complex, unified artworks.
Essential Question(s): How are complex media arts experiences constructed?
Process Component(s): Integrate

Performance Standard(s):
Combine varied academic, arts, and media content in media artworks, such as an illustrated story.
"
CA-VAPA-2019,1.MA:Pr5,1,,Media Arts,,Producing (Media Arts only),5: Develop and refine artistic techniques and work for presentation,Media artists require a range of skills and abilities to creatively solve problems within and through media arts productions.,What skills are required for creating effective media artworks and how are they improved? How are creativity and innovation developed within and through media arts productions? How do media artists use various tools and techniques?,Practice,"a. Describe and demonstrate various artistic skills and roles, such as technical steps, tool use, planning, and collaborating, in media arts productions.
b. Describe and demonstrate basic creative skills, such as varying techniques, within media arts productions.",https://www.cde.ca.gov/be/st/ss/index.asp,,"Standard Identifier: 1.MA:Pr5
Grade: 1
Discipline: Media Arts
Artistic Process: Producing (Media Arts only)Anchor Standard: 5: Develop and refine artistic techniques and work for presentation

Enduring Understanding: Media artists require a range of skills and abilities to creatively solve problems within and through media arts productions.
Essential Question(s): What skills are required for creating effective media artworks and how are they improved? How are creativity and innovation developed within and through media arts productions? How do media artists use various tools and techniques?
Process Component(s): Practice

Performance Standard(s):
a. Describe and demonstrate various artistic skills and roles, such as technical steps, tool use, planning, and collaborating, in media arts productions.
b. Describe and demonstrate basic creative skills, such as varying techniques, within media arts productions.
"
CA-VAPA-2019,1.MA:Pr6,1,,Media Arts,,Producing (Media Arts only),6: Convey meaning through the presentation of artistic work,"Media artists purposefully present, share, and distribute media artworks for various contexts.","How does time, place, audience, and context affect presenting or performing choices for media artworks?",Present,"With guidance, discuss presentation conditions and audience, and perform a task in presenting media artworks.",https://www.cde.ca.gov/be/st/ss/index.asp,,"Standard Identifier: 1.MA:Pr6
Grade: 1
Discipline: Media Arts
Artistic Process: Producing (Media Arts only)Anchor Standard: 6: Convey meaning through the presentation of artistic work

Enduring Understanding: Media artists purposefully present, share, and distribute media artworks for various contexts.
Essential Question(s): How does time, place, audience, and context affect presenting or performing choices for media artworks?
Process Component(s): Present

Performance Standard(s):
With guidance, discuss presentation conditions and audience, and perform a task in presenting media artworks.
"
CA-VAPA-2019,1.MA:Re7,1,,Media Arts,,Responding,7: Perceive and analyze artistic work,Identifying the qualities and characteristics of media artworks improves one's artistic appreciation and production.,How do we 'read' media artworks and discern their relational components? How do media artworks function to convey meaning and manage audience experience?,Perceive,"a. Identify components and messages in media artworks.
b. With guidance, identify how a variety of media artworks create different experiences.",https://www.cde.ca.gov/be/st/ss/index.asp,,"Standard Identifier: 1.MA:Re7
Grade: 1
Discipline: Media Arts
Artistic Process: RespondingAnchor Standard: 7: Perceive and analyze artistic work

Enduring Understanding: Identifying the qualities and characteristics of media artworks improves one's artistic appreciation and production.
Essential Question(s): How do we 'read' media artworks and discern their relational components? How do media artworks function to convey meaning and manage audience experience?
Process Component(s): Perceive

Performance Standard(s):
a. Identify components and messages in media artworks.
b. With guidance, identify how a variety of media artworks create different experiences.
"
CA-VAPA-2019,1.MA:Re8,1,,Media Arts,,Responding,8: Interpret intent and meaning in artistic work,"Interpretation and appreciation require consideration of the intent, form, and context of the media and artwork.",How do people relate to and interpret media artworks?,Interpret,"With guidance, identify the meanings of a variety of media artworks and their context.",https://www.cde.ca.gov/be/st/ss/index.asp,,"Standard Identifier: 1.MA:Re8
Grade: 1
Discipline: Media Arts
Artistic Process: RespondingAnchor Standard: 8: Interpret intent and meaning in artistic work

Enduring Understanding: Interpretation and appreciation require consideration of the intent, form, and context of the media and artwork.
Essential Question(s): How do people relate to and interpret media artworks?
Process Component(s): Interpret

Performance Standard(s):
With guidance, identify the meanings of a variety of media artworks and their context.
"
CA-VAPA-2019,1.MA:Re9,1,,Media Arts,,Responding,9: Apply criteria to evaluate artistic work,"Skillful evaluation and critique are critical components of experiencing, appreciating, and producing media artworks.",How and why do media artists value and judge media artworks? When and how should we evaluate and critique media artworks to improve them?,Evaluate,"Identify the effective components and possible changes to media artworks, considering viewers.",https://www.cde.ca.gov/be/st/ss/index.asp,,"Standard Identifier: 1.MA:Re9
Grade: 1
Discipline: Media Arts
Artistic Process: RespondingAnchor Standard: 9: Apply criteria to evaluate artistic work

Enduring Understanding: Skillful evaluation and critique are critical components of experiencing, appreciating, and producing media artworks.
Essential Question(s): How and why do media artists value and judge media artworks? When and how should we evaluate and critique media artworks to improve them?
Process Component(s): Evaluate

Performance Standard(s):
Identify the effective components and possible changes to media artworks, considering viewers.
"
CA-VAPA-2019,1.MA:Cn10,1,,Media Arts,,Connecting,10: Synthesize and relate knowledge and personal experiences to make art,: Media artworks synthesize meaning and form cultural experience.,How do we relate knowledge and experiences to understanding and making media artworks? How do we learn about and create meaning through producing media artworks?,Synthesize,"a. Use personal experiences, interests, and models in making media artworks.
b. Share meaningful experiences of media artworks.",https://www.cde.ca.gov/be/st/ss/index.asp,,"Standard Identifier: 1.MA:Cn10
Grade: 1
Discipline: Media Arts
Artistic Process: ConnectingAnchor Standard: 10: Synthesize and relate knowledge and personal experiences to make art

Enduring Understanding: : Media artworks synthesize meaning and form cultural experience.
Essential Question(s): How do we relate knowledge and experiences to understanding and making media artworks? How do we learn about and create meaning through producing media artworks?
Process Component(s): Synthesize

Performance Standard(s):
a. Use personal experiences, interests, and models in making media artworks.
b. Share meaningful experiences of media artworks.
"
CA-VAPA-2019,1.MA:Cn11,1,,Media Arts,,Connecting,"11: Relate artistic ideas and works with societal, cultural, and historical context to deepen understanding","Media artworks and ideas are better understood and produced by relating them to their purposes, values, and various contexts.","How does media arts relate to its various contexts, purposes, and values? How does investigating these relationships inform and deepen the media artist's understanding and work?",Relate,"a. Discuss and describe media artworks in everyday life, such as popular media and connections with family and friends.
b. Interact safely and appropriately with media arts tools and environments, considering rules, and fairness.",https://www.cde.ca.gov/be/st/ss/index.asp,,"Standard Identifier: 1.MA:Cn11
Grade: 1
Discipline: Media Arts
Artistic Process: ConnectingAnchor Standard: 11: Relate artistic ideas and works with societal, cultural, and historical context to deepen understanding

Enduring Understanding: Media artworks and ideas are better understood and produced by relating them to their purposes, values, and various contexts.
Essential Question(s): How does media arts relate to its various contexts, purposes, and values? How does investigating these relationships inform and deepen the media artist's understanding and work?
Process Component(s): Relate

Performance Standard(s):
a. Discuss and describe media artworks in everyday life, such as popular media and connections with family and friends.
b. Interact safely and appropriately with media arts tools and environments, considering rules, and fairness.
"
CA-VAPA-2019,1.MU:Cr1,1,,Music,TK-8,Creating,1: Generate and conceptualize artistic ideas and work,"The creative ideas, concepts, and feelings that influence musicians’ work emerge from a variety of sources.",How do musicians generate creative ideas?,Imagine,"a. With limited guidance, create musical ideas (such as answering a musical question) for a specific purpose.
b. With limited guidance, generate musical ideas in multiple tonalities (such as major and minor) and meters (such as duple and triple).",https://www.cde.ca.gov/be/st/ss/index.asp,,"Standard Identifier: 1.MU:Cr1
Grade: 1
Discipline: MusicSubdiscipline: TK-8
Artistic Process: CreatingAnchor Standard: 1: Generate and conceptualize artistic ideas and work

Enduring Understanding: The creative ideas, concepts, and feelings that influence musicians’ work emerge from a variety of sources.
Essential Question(s): How do musicians generate creative ideas?
Process Component(s): Imagine

Performance Standard(s):
a. With limited guidance, create musical ideas (such as answering a musical question) for a specific purpose.
b. With limited guidance, generate musical ideas in multiple tonalities (such as major and minor) and meters (such as duple and triple).
"
CA-VAPA-2019,1.MU:Cr2,1,,Music,TK-8,Creating,2: Organize and develop artistic ideas and work,"Musicians’ creative choices are influenced by their expertise, context, and expressive intent",How do musicians make creative decisions?,Plan & Make,"a. With limited guidance, demonstrate and discuss personal reasons for selecting musical ideas that represent expressive intent.
b. With limited guidance, use iconic or standard notation and/or recording technology to document and organize personal musical ideas.",https://www.cde.ca.gov/be/st/ss/index.asp,,"Standard Identifier: 1.MU:Cr2
Grade: 1
Discipline: MusicSubdiscipline: TK-8
Artistic Process: CreatingAnchor Standard: 2: Organize and develop artistic ideas and work

Enduring Understanding: Musicians’ creative choices are influenced by their expertise, context, and expressive intent
Essential Question(s): How do musicians make creative decisions?
Process Component(s): Plan & Make

Performance Standard(s):
a. With limited guidance, demonstrate and discuss personal reasons for selecting musical ideas that represent expressive intent.
b. With limited guidance, use iconic or standard notation and/or recording technology to document and organize personal musical ideas.
"
CA-VAPA-2019,1.MU:Cr3.1,1,,Music,TK-8,Creating,3: Refine and complete artistic work,"3.1 Musicians evaluate, and refine their work through openness to new ideas, persistence, and the application of appropriate criteria.",How do musicians improve the quality of their creative work?,Evaluate and Refine,"With limited guidance, discuss and apply personal, peer, and teacher feedback to refine personal musical ideas.",https://www.cde.ca.gov/be/st/ss/index.asp,,"Standard Identifier: 1.MU:Cr3.1
Grade: 1
Discipline: MusicSubdiscipline: TK-8
Artistic Process: CreatingAnchor Standard: 3: Refine and complete artistic work

Enduring Understanding: 3.1 Musicians evaluate, and refine their work through openness to new ideas, persistence, and the application of appropriate criteria.
Essential Question(s): How do musicians improve the quality of their creative work?
Process Component(s): Evaluate and Refine

Performance Standard(s):
With limited guidance, discuss and apply personal, peer, and teacher feedback to refine personal musical ideas.
"
CA-VAPA-2019,1.MU:Cr3.2,1,,Music,TK-8,Creating,3: Refine and complete artistic work,3.2 Musicians’ presentation of creative work is the culmination of a process of creation and communication.,When is creative work ready to share?,Present,"With limited guidance, convey expressive intent for a specific purpose by presenting a final version of personal musical ideas to peers or informal audience.",https://www.cde.ca.gov/be/st/ss/index.asp,,"Standard Identifier: 1.MU:Cr3.2
Grade: 1
Discipline: MusicSubdiscipline: TK-8
Artistic Process: CreatingAnchor Standard: 3: Refine and complete artistic work

Enduring Understanding: 3.2 Musicians’ presentation of creative work is the culmination of a process of creation and communication.
Essential Question(s): When is creative work ready to share?
Process Component(s): Present

Performance Standard(s):
With limited guidance, convey expressive intent for a specific purpose by presenting a final version of personal musical ideas to peers or informal audience.
"
CA-VAPA-2019,1.MU:Pr4.1,1,,Music,TK-8,Performing,"4. Select, analyze, and interpret artistic work for presentation","4.1 Performers’ interest in and knowledge of musical works, understanding of their own technical skill, and the context for a performance influence the selection of repertoire.",How do performers select repertoire?,Select,"With limited guidance, demonstrate and discuss personal interest in, knowledge about, and purpose of varied musical selections.",https://www.cde.ca.gov/be/st/ss/index.asp,,"Standard Identifier: 1.MU:Pr4.1
Grade: 1
Discipline: MusicSubdiscipline: TK-8
Artistic Process: PerformingAnchor Standard: 4. Select, analyze, and interpret artistic work for presentation

Enduring Understanding: 4.1 Performers’ interest in and knowledge of musical works, understanding of their own technical skill, and the context for a performance influence the selection of repertoire.
Essential Question(s): How do performers select repertoire?
Process Component(s): Select

Performance Standard(s):
With limited guidance, demonstrate and discuss personal interest in, knowledge about, and purpose of varied musical selections.
"
CA-VAPA-2019,1.MU:Pr4.2,1,,Music,TK-8,Performing,"4. Select, analyze, and interpret artistic work for presentation",4.2 Analyzing creators’ context and how they manipulate elements of music provides insight into their intent and informs performance.,How does understanding the structure and context of musical works inform performance?,Analyze,"a. With limited guidance, demonstrate knowledge of music concepts (such as beat and melodic contour) in music from a variety of cultures selected for performance.
b. When analyzing selected music, read and perform rhythmic patterns using iconic or standard notation.",https://www.cde.ca.gov/be/st/ss/index.asp,,"Standard Identifier: 1.MU:Pr4.2
Grade: 1
Discipline: MusicSubdiscipline: TK-8
Artistic Process: PerformingAnchor Standard: 4. Select, analyze, and interpret artistic work for presentation

Enduring Understanding: 4.2 Analyzing creators’ context and how they manipulate elements of music provides insight into their intent and informs performance.
Essential Question(s): How does understanding the structure and context of musical works inform performance?
Process Component(s): Analyze

Performance Standard(s):
a. With limited guidance, demonstrate knowledge of music concepts (such as beat and melodic contour) in music from a variety of cultures selected for performance.
b. When analyzing selected music, read and perform rhythmic patterns using iconic or standard notation.
"
CA-VAPA-2019,1.MU:Pr4.3,1,,Music,TK-8,Performing,"4. Select, analyze, and interpret artistic work for presentation",4.3 Performers make interpretive decisions based on their understanding of context and expressive intent.,How do performers interpret musical works?,Interpret,"With limited guidance Demonstrate and describe music’s expressive qualities (such as voice quality, dynamics and tempo) that support the creators’ expressive intent.",https://www.cde.ca.gov/be/st/ss/index.asp,,"Standard Identifier: 1.MU:Pr4.3
Grade: 1
Discipline: MusicSubdiscipline: TK-8
Artistic Process: PerformingAnchor Standard: 4. Select, analyze, and interpret artistic work for presentation

Enduring Understanding: 4.3 Performers make interpretive decisions based on their understanding of context and expressive intent.
Essential Question(s): How do performers interpret musical works?
Process Component(s): Interpret

Performance Standard(s):
With limited guidance Demonstrate and describe music’s expressive qualities (such as voice quality, dynamics and tempo) that support the creators’ expressive intent.
"
CA-VAPA-2019,1.MU:Pr5,1,,Music,TK-8,Performing,5: Develop and refine artistic techniques and work for presentation,"To express their musical ideas, musicians analyze, evaluate, and refine their performance over time through openness to new ideas, persistence, and the application of appropriate criteria.",How do musicians improve the quality of their performance?,"Rehearse, Evaluate, and Refine","a. With limited guidance, apply personal, teacher, and peer feedback to refine performances.
b. With limited guidance, use suggested strategies in rehearsal to address interpretive challenges of music.",https://www.cde.ca.gov/be/st/ss/index.asp,,"Standard Identifier: 1.MU:Pr5
Grade: 1
Discipline: MusicSubdiscipline: TK-8
Artistic Process: PerformingAnchor Standard: 5: Develop and refine artistic techniques and work for presentation

Enduring Understanding: To express their musical ideas, musicians analyze, evaluate, and refine their performance over time through openness to new ideas, persistence, and the application of appropriate criteria.
Essential Question(s): How do musicians improve the quality of their performance?
Process Component(s): Rehearse, Evaluate, and Refine

Performance Standard(s):
a. With limited guidance, apply personal, teacher, and peer feedback to refine performances.
b. With limited guidance, use suggested strategies in rehearsal to address interpretive challenges of music.
"
CA-VAPA-2019,1.MU:Pr6,1,,Music,TK-8,Performing,6: Convey meaning through the presentation of artistic work,"Musicians judge performance based on criteria that vary across time, place, and cultures. The context and how a work is presented influence audience response.",When is a performance judged ready to present? How do context and the manner in which musical work is presented influence audience response?,Present,"a. With limited guidance, perform music for a specific purpose with expression.
b. With limited guidance, demonstrate performance decorum and audience etiquette appropriate for the purpose.",https://www.cde.ca.gov/be/st/ss/index.asp,,"Standard Identifier: 1.MU:Pr6
Grade: 1
Discipline: MusicSubdiscipline: TK-8
Artistic Process: PerformingAnchor Standard: 6: Convey meaning through the presentation of artistic work

Enduring Understanding: Musicians judge performance based on criteria that vary across time, place, and cultures. The context and how a work is presented influence audience response.
Essential Question(s): When is a performance judged ready to present? How do context and the manner in which musical work is presented influence audience response?
Process Component(s): Present

Performance Standard(s):
a. With limited guidance, perform music for a specific purpose with expression.
b. With limited guidance, demonstrate performance decorum and audience etiquette appropriate for the purpose.
"
CA-VAPA-2019,1.MU:Cn11,1,,Music,TK-8,Connecting,"11: Relate artistic ideas and works with societal, cultural, and historical context to deepen understanding","Musicians connect societal, cultural, and historical contexts when creating, performing, and responding.","How do musicians make meaningful connections to societal, cultural, and historical contexts when creating, performing, and responding?",Relate,With limited guidance discuss connections between music and culture.,https://www.cde.ca.gov/be/st/ss/index.asp,,"Standard Identifier: 1.MU:Cn11
Grade: 1
Discipline: MusicSubdiscipline: TK-8
Artistic Process: ConnectingAnchor Standard: 11: Relate artistic ideas and works with societal, cultural, and historical context to deepen understanding

Enduring Understanding: Musicians connect societal, cultural, and historical contexts when creating, performing, and responding.
Essential Question(s): How do musicians make meaningful connections to societal, cultural, and historical contexts when creating, performing, and responding?
Process Component(s): Relate

Performance Standard(s):
With limited guidance discuss connections between music and culture.
"
CA-VAPA-2019,1.MU:Re7.1,1,,Music,TK-8,Responding,7: Perceive and analyze artistic work,"7.1 Individuals' selection of musical works is influenced by their interests, experiences, understandings, and purposes.",How do individuals choose music to experience?,Select,"With limited guidance, identify and demonstrate how personal interests and experiences influence musical selection for specific purposes.",https://www.cde.ca.gov/be/st/ss/index.asp,,"Standard Identifier: 1.MU:Re7.1
Grade: 1
Discipline: MusicSubdiscipline: TK-8
Artistic Process: RespondingAnchor Standard: 7: Perceive and analyze artistic work

Enduring Understanding: 7.1 Individuals' selection of musical works is influenced by their interests, experiences, understandings, and purposes.
Essential Question(s): How do individuals choose music to experience?
Process Component(s): Select

Performance Standard(s):
With limited guidance, identify and demonstrate how personal interests and experiences influence musical selection for specific purposes.
"
CA-VAPA-2019,1.MU:Re7.2,1,,Music,TK-8,Responding,7: Perceive and analyze artistic work,"7.2 Response to music is informed by analyzing context (social, cultural, and historical) and how creators and performers manipulate the elements of music.",How do individuals choose music to experience?,Analyze,"With limited guidance, demonstrate and identify how specific music concepts (such as beat or pitch) are used in various styles of music for a purpose.",https://www.cde.ca.gov/be/st/ss/index.asp,,"Standard Identifier: 1.MU:Re7.2
Grade: 1
Discipline: MusicSubdiscipline: TK-8
Artistic Process: RespondingAnchor Standard: 7: Perceive and analyze artistic work

Enduring Understanding: 7.2 Response to music is informed by analyzing context (social, cultural, and historical) and how creators and performers manipulate the elements of music.
Essential Question(s): How do individuals choose music to experience?
Process Component(s): Analyze

Performance Standard(s):
With limited guidance, demonstrate and identify how specific music concepts (such as beat or pitch) are used in various styles of music for a purpose.
"
CA-VAPA-2019,1.MU:Re8,1,,Music,TK-8,Responding,8: Interpret intent and meaning in artistic work,"Through their use of elements and structures of music, creators and performers provide clues to their expressive intent.",How do we discern the musical creators’ and performers’ expressive intent?,Interpret,"With limited guidance, demonstrate and identify expressive qualities that reflect creators’ and performers’ expressive intent.",https://www.cde.ca.gov/be/st/ss/index.asp,,"Standard Identifier: 1.MU:Re8
Grade: 1
Discipline: MusicSubdiscipline: TK-8
Artistic Process: RespondingAnchor Standard: 8: Interpret intent and meaning in artistic work

Enduring Understanding: Through their use of elements and structures of music, creators and performers provide clues to their expressive intent.
Essential Question(s): How do we discern the musical creators’ and performers’ expressive intent?
Process Component(s): Interpret

Performance Standard(s):
With limited guidance, demonstrate and identify expressive qualities that reflect creators’ and performers’ expressive intent.
"
CA-VAPA-2019,1.MU:Re9,1,,Music,TK-8,Responding,9: Apply criteria to evaluate artistic work,"The personal evaluation of musical work(s) and performance(s) is informed by analysis, interpretation, and established criteria.",How do we judge the quality of musical work(s) and performance(s)?,Evaluate,"With limited guidance, apply personal and expressive preferences in the evaluation of music for specific purposes.",https://www.cde.ca.gov/be/st/ss/index.asp,,"Standard Identifier: 1.MU:Re9
Grade: 1
Discipline: MusicSubdiscipline: TK-8
Artistic Process: RespondingAnchor Standard: 9: Apply criteria to evaluate artistic work

Enduring Understanding: The personal evaluation of musical work(s) and performance(s) is informed by analysis, interpretation, and established criteria.
Essential Question(s): How do we judge the quality of musical work(s) and performance(s)?
Process Component(s): Evaluate

Performance Standard(s):
With limited guidance, apply personal and expressive preferences in the evaluation of music for specific purposes.
"
CA-VAPA-2019,1.MU:Cn10,1,,Music,TK-8,Connecting,10: Synthesize and relate knowledge and personal experiences to make art,"Musicians connect their personal interests, experiences, ideas, and knowledge to creating, performing, and responding.","How do musicians make meaningful connections to creating, performing, and responding?",Synthesize,"With limited guidance, discuss how personal interests connect to creating, performing, and responding to music.",https://www.cde.ca.gov/be/st/ss/index.asp,,"Standard Identifier: 1.MU:Cn10
Grade: 1
Discipline: MusicSubdiscipline: TK-8
Artistic Process: ConnectingAnchor Standard: 10: Synthesize and relate knowledge and personal experiences to make art

Enduring Understanding: Musicians connect their personal interests, experiences, ideas, and knowledge to creating, performing, and responding.
Essential Question(s): How do musicians make meaningful connections to creating, performing, and responding?
Process Component(s): Synthesize

Performance Standard(s):
With limited guidance, discuss how personal interests connect to creating, performing, and responding to music.
"
CA-VAPA-2019,1.TH:Cr1,1,,Theatre,,Creating,1: Generate and conceptualize artistic ideas and work,"Theatre artists rely on intuition, curiosity, culture, and critical inquiry.","What happens when theatre artists use their culture, imaginations and/or learned theatre skills while engaging in creative exploration and inquiry?","Envision,Conceptualize",a. Propose potential choices characters could make in a guided drama experience.b. Identify ways in which gestures and movement may be used to create or retell a story in guided drama experiences.c. Collaborate with peers to conceptualize costumes and props in a guided drama experience.,https://www.cde.ca.gov/be/st/ss/index.asp,,"Standard Identifier: 1.TH:Cr1
Grade: 1
Discipline: Theatre
Artistic Process: CreatingAnchor Standard: 1: Generate and conceptualize artistic ideas and work

Enduring Understanding: Theatre artists rely on intuition, curiosity, culture, and critical inquiry.
Essential Question(s): What happens when theatre artists use their culture, imaginations and/or learned theatre skills while engaging in creative exploration and inquiry?
Process Component(s): Envision,Conceptualize

Performance Standard(s):
a. Propose potential choices characters could make in a guided drama experience.b. Identify ways in which gestures and movement may be used to create or retell a story in guided drama experiences.c. Collaborate with peers to conceptualize costumes and props in a guided drama experience.
"
CA-VAPA-2019,1.TH:Cr2,1,,Theatre,,Creating,2: Organize and develop artistic ideas and work,Theatre artists work to discover different ways of communicating meaning.,"How, when, and why do theatre artists’ choices change?",Develop,"a. Contribute to the development of a sequential plot in a guided drama experience.
b. With prompting and supports, participate in group decision making in a guided drama experience.",https://www.cde.ca.gov/be/st/ss/index.asp,,"Standard Identifier: 1.TH:Cr2
Grade: 1
Discipline: Theatre
Artistic Process: CreatingAnchor Standard: 2: Organize and develop artistic ideas and work

Enduring Understanding: Theatre artists work to discover different ways of communicating meaning.
Essential Question(s): How, when, and why do theatre artists’ choices change?
Process Component(s): Develop

Performance Standard(s):
a. Contribute to the development of a sequential plot in a guided drama experience.
b. With prompting and supports, participate in group decision making in a guided drama experience.
"
CA-VAPA-2019,1.TH:Cr3,1,,Theatre,,Creating,3: Refine and complete artistic work,Theatre artists refine their work and practice their craft through rehearsal.,How do theatre artists transform and edit their initial ideas?,Rehearse,"a. Contribute to the adaptation of the plot in a guided drama experience.
b. Identify similarities and differences in sounds and movements in a guided drama experience.c. Collaborate to imagine multiple representations of a single object in a guided drama experience.",https://www.cde.ca.gov/be/st/ss/index.asp,,"Standard Identifier: 1.TH:Cr3
Grade: 1
Discipline: Theatre
Artistic Process: CreatingAnchor Standard: 3: Refine and complete artistic work

Enduring Understanding: Theatre artists refine their work and practice their craft through rehearsal.
Essential Question(s): How do theatre artists transform and edit their initial ideas?
Process Component(s): Rehearse

Performance Standard(s):
a. Contribute to the adaptation of the plot in a guided drama experience.
b. Identify similarities and differences in sounds and movements in a guided drama experience.c. Collaborate to imagine multiple representations of a single object in a guided drama experience.
"
CA-VAPA-2019,1.TH:Pr4,1,,Theatre,,Performing,"4. Select, analyze, and interpret artistic work for presentation",Theatre artists make strong choices to effectively convey meaning.,Why are strong choices essential to interpreting a drama or theatre piece?,Select,"a. Describe a story’s character actions and dialogue in a guided drama experience.
b. Use body, face, gestures, and voice to communicate character traits and emotions in a guided drama experience.",https://www.cde.ca.gov/be/st/ss/index.asp,,"Standard Identifier: 1.TH:Pr4
Grade: 1
Discipline: Theatre
Artistic Process: PerformingAnchor Standard: 4. Select, analyze, and interpret artistic work for presentation

Enduring Understanding: Theatre artists make strong choices to effectively convey meaning.
Essential Question(s): Why are strong choices essential to interpreting a drama or theatre piece?
Process Component(s): Select

Performance Standard(s):
a. Describe a story’s character actions and dialogue in a guided drama experience.
b. Use body, face, gestures, and voice to communicate character traits and emotions in a guided drama experience.
"
CA-VAPA-2019,1.TH:Pr5,1,,Theatre,,Performing,5: Develop and refine artistic techniques and work for presentation,Theatre artists develop personal processes and skills for a performance or design.,What can I do to fully prepare a performance or technical design?,Prepare,"a. With prompting and supports identify and understand that physical movement is fundamental to guided drama experiences 
b. With prompting and supports, identify technical theatre elements that can be used in a guided drama experience.",https://www.cde.ca.gov/be/st/ss/index.asp,,"Standard Identifier: 1.TH:Pr5
Grade: 1
Discipline: Theatre
Artistic Process: PerformingAnchor Standard: 5: Develop and refine artistic techniques and work for presentation

Enduring Understanding: Theatre artists develop personal processes and skills for a performance or design.
Essential Question(s): What can I do to fully prepare a performance or technical design?
Process Component(s): Prepare

Performance Standard(s):
a. With prompting and supports identify and understand that physical movement is fundamental to guided drama experiences 
b. With prompting and supports, identify technical theatre elements that can be used in a guided drama experience.
"
CA-VAPA-2019,1.TH:Pr6,1,,Theatre,,Performing,6: Convey meaning through the presentation of artistic work,"Theatre artists share and present stories, ideas, and envisioned worlds to explore the human experience in diverse cultures.",What happens when theatre artists and audiences share a creative experience?,"Share, Present","With prompting and supports, use movement and gestures to communicate emotions in a guided drama experience and share with others.",https://www.cde.ca.gov/be/st/ss/index.asp,,"Standard Identifier: 1.TH:Pr6
Grade: 1
Discipline: Theatre
Artistic Process: PerformingAnchor Standard: 6: Convey meaning through the presentation of artistic work

Enduring Understanding: Theatre artists share and present stories, ideas, and envisioned worlds to explore the human experience in diverse cultures.
Essential Question(s): What happens when theatre artists and audiences share a creative experience?
Process Component(s): Share, Present

Performance Standard(s):
With prompting and supports, use movement and gestures to communicate emotions in a guided drama experience and share with others.
"
CA-VAPA-2019,1.TH:Re7,1,,Theatre,,Responding,7: Perceive and analyze artistic work,Theatre artists reflect to understand the impact of drama processes and theatre experiences.,How do theatre artists comprehend the essence of drama processes and theatre experiences?,Reflect,Recall choices made in a guided drama experience.,https://www.cde.ca.gov/be/st/ss/index.asp,,"Standard Identifier: 1.TH:Re7
Grade: 1
Discipline: Theatre
Artistic Process: RespondingAnchor Standard: 7: Perceive and analyze artistic work

Enduring Understanding: Theatre artists reflect to understand the impact of drama processes and theatre experiences.
Essential Question(s): How do theatre artists comprehend the essence of drama processes and theatre experiences?
Process Component(s): Reflect

Performance Standard(s):
Recall choices made in a guided drama experience.
"
CA-VAPA-2019,1.TH:Re8,1,,Theatre,,Responding,8: Interpret intent and meaning in artistic work,"Theatre artists’ interpretations of drama/theatre work are influenced by personal experiences, culture, and aesthetics.",How can the same work of art communicate different messages to different people?,Interpret,"a. Explain preferences and emotions in a guided drama experience or age-appropriate theatre performance.
b. Identify causes of character actions in a guided drama experience.
c. Explain or use text and pictures to describe how personal emotions and choices compare to the emotions and choices of characters in a guided drama experience.",https://www.cde.ca.gov/be/st/ss/index.asp,,"Standard Identifier: 1.TH:Re8
Grade: 1
Discipline: Theatre
Artistic Process: RespondingAnchor Standard: 8: Interpret intent and meaning in artistic work

Enduring Understanding: Theatre artists’ interpretations of drama/theatre work are influenced by personal experiences, culture, and aesthetics.
Essential Question(s): How can the same work of art communicate different messages to different people?
Process Component(s): Interpret

Performance Standard(s):
a. Explain preferences and emotions in a guided drama experience or age-appropriate theatre performance.
b. Identify causes of character actions in a guided drama experience.
c. Explain or use text and pictures to describe how personal emotions and choices compare to the emotions and choices of characters in a guided drama experience.
"
CA-VAPA-2019,1.TH:Re9,1,,Theatre,,Responding,9: Apply criteria to evaluate artistic work,"Theatre artists apply criteria to understand, explore, and assess drama and theatre work.",How do analysis and synthesis impact the theatre artist’s process and audience’s perspectives?,Evaluate,"a. Build on others’ ideas in a guided drama experience.
b. Compare and contrast the experiences of characters in a guided drama experience.
c. Identify props and costumes that might be used in a guided drama experience.",https://www.cde.ca.gov/be/st/ss/index.asp,,"Standard Identifier: 1.TH:Re9
Grade: 1
Discipline: Theatre
Artistic Process: RespondingAnchor Standard: 9: Apply criteria to evaluate artistic work

Enduring Understanding: Theatre artists apply criteria to understand, explore, and assess drama and theatre work.
Essential Question(s): How do analysis and synthesis impact the theatre artist’s process and audience’s perspectives?
Process Component(s): Evaluate

Performance Standard(s):
a. Build on others’ ideas in a guided drama experience.
b. Compare and contrast the experiences of characters in a guided drama experience.
c. Identify props and costumes that might be used in a guided drama experience.
"
CA-VAPA-2019,1.TH:Cn10,1,,Theatre,,Connecting,10: Synthesize and relate knowledge and personal experiences to make art,Theatre artists allow awareness of interrelationships between self and others to influence and inform their work.,"What happens when theatre artists foster understanding between self and others through critical awareness, social responsibility, and the exploration of empathy?",Empathize,Identify character emotions in a guided drama experience and relate it to personal experience.,https://www.cde.ca.gov/be/st/ss/index.asp,,"Standard Identifier: 1.TH:Cn10
Grade: 1
Discipline: Theatre
Artistic Process: ConnectingAnchor Standard: 10: Synthesize and relate knowledge and personal experiences to make art

Enduring Understanding: Theatre artists allow awareness of interrelationships between self and others to influence and inform their work.
Essential Question(s): What happens when theatre artists foster understanding between self and others through critical awareness, social responsibility, and the exploration of empathy?
Process Component(s): Empathize

Performance Standard(s):
Identify character emotions in a guided drama experience and relate it to personal experience.
"
CA-VAPA-2019,1.TH:Cn11.1,1,,Theatre,,Connecting,"11: Relate artistic ideas and works with societal, cultural, and historical context to deepen understanding",11.1 Theatre artists understand and can communicate through their creative process as they analyze the way the world may be understood.,What happens when theatre artists allow an understanding of themselves and the world to inform perceptions about theatre and the purpose of their work?,Interrelate,"a. Apply skills and knowledge from different art forms and content areas in a guided drama experience.
b. Use active listening skills to participate in and observe a guided drama experience.",https://www.cde.ca.gov/be/st/ss/index.asp,,"Standard Identifier: 1.TH:Cn11.1
Grade: 1
Discipline: Theatre
Artistic Process: ConnectingAnchor Standard: 11: Relate artistic ideas and works with societal, cultural, and historical context to deepen understanding

Enduring Understanding: 11.1 Theatre artists understand and can communicate through their creative process as they analyze the way the world may be understood.
Essential Question(s): What happens when theatre artists allow an understanding of themselves and the world to inform perceptions about theatre and the purpose of their work?
Process Component(s): Interrelate

Performance Standard(s):
a. Apply skills and knowledge from different art forms and content areas in a guided drama experience.
b. Use active listening skills to participate in and observe a guided drama experience.
"
CA-VAPA-2019,1.TH:Cn11.2,1,,Theatre,,Connecting,"11: Relate artistic ideas and works with societal, cultural, and historical context to deepen understanding",11.2 Theatre artists critically inquire into the ways others have thought about and created drama processes and productions to inform their own work.,"In what ways can research into theatre histories, theories, literature, and performances alter the way a drama process or production is understood?",Research,"a. Identify similarities and differences in stories from one’s own community in a guided drama experience.
b. Collaborate on the creation of a short scene based on a fictional literary source in a guided drama experience.",https://www.cde.ca.gov/be/st/ss/index.asp,,"Standard Identifier: 1.TH:Cn11.2
Grade: 1
Discipline: Theatre
Artistic Process: ConnectingAnchor Standard: 11: Relate artistic ideas and works with societal, cultural, and historical context to deepen understanding

Enduring Understanding: 11.2 Theatre artists critically inquire into the ways others have thought about and created drama processes and productions to inform their own work.
Essential Question(s): In what ways can research into theatre histories, theories, literature, and performances alter the way a drama process or production is understood?
Process Component(s): Research

Performance Standard(s):
a. Identify similarities and differences in stories from one’s own community in a guided drama experience.
b. Collaborate on the creation of a short scene based on a fictional literary source in a guided drama experience.
"
CA-VAPA-2019,1.VA:Cr1.1,1,,Visual Arts,,Creating,1: Generate and conceptualize artistic ideas and work,1.1 Creativity and innovative thinking are essential life skills that can be developed.,"What conditions, attitudes, and behaviors support creativity and innovative thinking? What factors prevent or encourage people to take creative risks? How does collaboration expand the creative process?","Imagine, Plan, Make",Engage collaboratively in exploration and imaginative play with various arts materials.,https://www.cde.ca.gov/be/st/ss/index.asp,,"Standard Identifier: 1.VA:Cr1.1
Grade: 1
Discipline: Visual Arts
Artistic Process: CreatingAnchor Standard: 1: Generate and conceptualize artistic ideas and work

Enduring Understanding: 1.1 Creativity and innovative thinking are essential life skills that can be developed.
Essential Question(s): What conditions, attitudes, and behaviors support creativity and innovative thinking? What factors prevent or encourage people to take creative risks? How does collaboration expand the creative process?
Process Component(s): Imagine, Plan, Make

Performance Standard(s):
Engage collaboratively in exploration and imaginative play with various arts materials.
"
CA-VAPA-2019,1.VA:Cr1.2,1,,Visual Arts,,Creating,1: Generate and conceptualize artistic ideas and work,"1.2 Artists and designers shape artistic investigations, following or breaking with traditions in pursuit of creative artmaking goals.","How does knowing the contexts, histories, and traditions of art forms help us create works of art and design? Why do artists follow or break from established traditions? How do artists determine what resources and criteria are needed to formulate artistic","Imagine, Plan, Make",Use observation and investigation in preparation for making a work of art.,https://www.cde.ca.gov/be/st/ss/index.asp,,"Standard Identifier: 1.VA:Cr1.2
Grade: 1
Discipline: Visual Arts
Artistic Process: CreatingAnchor Standard: 1: Generate and conceptualize artistic ideas and work

Enduring Understanding: 1.2 Artists and designers shape artistic investigations, following or breaking with traditions in pursuit of creative artmaking goals.
Essential Question(s): How does knowing the contexts, histories, and traditions of art forms help us create works of art and design? Why do artists follow or break from established traditions? How do artists determine what resources and criteria are needed to formulate artistic
Process Component(s): Imagine, Plan, Make

Performance Standard(s):
Use observation and investigation in preparation for making a work of art.
"
CA-VAPA-2019,1.VA:Cr2.1,1,,Visual Arts,,Creating,2: Organize and develop artistic ideas and work,"2.1 Artists and designers experiment with forms, structures, materials, concepts, media, and art-making approaches.",How do artists work? How do artists and designers determine whether a particular direction in their work is effective? How do artists and designers learn from trial and error?,Investigate,Explore uses of materials and tools to create works of art or design.,https://www.cde.ca.gov/be/st/ss/index.asp,,"Standard Identifier: 1.VA:Cr2.1
Grade: 1
Discipline: Visual Arts
Artistic Process: CreatingAnchor Standard: 2: Organize and develop artistic ideas and work

Enduring Understanding: 2.1 Artists and designers experiment with forms, structures, materials, concepts, media, and art-making approaches.
Essential Question(s): How do artists work? How do artists and designers determine whether a particular direction in their work is effective? How do artists and designers learn from trial and error?
Process Component(s): Investigate

Performance Standard(s):
Explore uses of materials and tools to create works of art or design.
"
CA-VAPA-2019,1.VA:Cr2.2,1,,Visual Arts,,Creating,2: Organize and develop artistic ideas and work,"2.2 Artists and designers balance experimentation and safety, freedom and responsibility while developing and creating artworks.","How do artists and designers care for and maintain materials, tools, and equipment? Why is it important for safety and health to understand and follow correct procedures in handling materials, tools, and equipment? What responsibilities come with the free",Investigate,"Demonstrate safe and proper procedures for using materials, tools, and equipment while making art.",https://www.cde.ca.gov/be/st/ss/index.asp,,"Standard Identifier: 1.VA:Cr2.2
Grade: 1
Discipline: Visual Arts
Artistic Process: CreatingAnchor Standard: 2: Organize and develop artistic ideas and work

Enduring Understanding: 2.2 Artists and designers balance experimentation and safety, freedom and responsibility while developing and creating artworks.
Essential Question(s): How do artists and designers care for and maintain materials, tools, and equipment? Why is it important for safety and health to understand and follow correct procedures in handling materials, tools, and equipment? What responsibilities come with the free
Process Component(s): Investigate

Performance Standard(s):
Demonstrate safe and proper procedures for using materials, tools, and equipment while making art.
"
CA-VAPA-2019,1.VA:Cr2.3,1,,Visual Arts,,Creating,2: Organize and develop artistic ideas and work,"2.3 People create and interact with objects, places, and design that define, shape, enhance, and empower their lives.","How do objects, places, and design shape lives and communities? How do artists and designers determine goals for designing or redesigning objects, places, or systems? How do artists and designers create works of art or design that communicate effectively?",Investigate,"Identify and classify uses of everyday objects through drawings, diagrams, sculptures, or other visual means.",https://www.cde.ca.gov/be/st/ss/index.asp,,"Standard Identifier: 1.VA:Cr2.3
Grade: 1
Discipline: Visual Arts
Artistic Process: CreatingAnchor Standard: 2: Organize and develop artistic ideas and work

Enduring Understanding: 2.3 People create and interact with objects, places, and design that define, shape, enhance, and empower their lives.
Essential Question(s): How do objects, places, and design shape lives and communities? How do artists and designers determine goals for designing or redesigning objects, places, or systems? How do artists and designers create works of art or design that communicate effectively?
Process Component(s): Investigate

Performance Standard(s):
Identify and classify uses of everyday objects through drawings, diagrams, sculptures, or other visual means.
"
CA-VAPA-2019,1.VA:Cr3,1,,Visual Arts,,Creating,3: Refine and complete artistic work,"Artists and designers develop excellence through practice and constructive critique to reflect on, revise, and refine work over time.","What role does persistence play in revising, refining, and developing work? How do artists grow and become accomplished in art forms? How does collaboratively reflecting on a work help us experience it more completely?","Reflect, Refine, Revise",Use art vocabulary to describe choices while creating art.,https://www.cde.ca.gov/be/st/ss/index.asp,,"Standard Identifier: 1.VA:Cr3
Grade: 1
Discipline: Visual Arts
Artistic Process: CreatingAnchor Standard: 3: Refine and complete artistic work

Enduring Understanding: Artists and designers develop excellence through practice and constructive critique to reflect on, revise, and refine work over time.
Essential Question(s): What role does persistence play in revising, refining, and developing work? How do artists grow and become accomplished in art forms? How does collaboratively reflecting on a work help us experience it more completely?
Process Component(s): Reflect, Refine, Revise

Performance Standard(s):
Use art vocabulary to describe choices while creating art.
"
CA-VAPA-2019,1.VA:Pr4,1,,Visual Arts,,Presenting (Visual Arts only),"4. Select, analyze, and interpret artistic work for presentation","Artists and other presenters consider various techniques, methods, venues, and criteria when analyzing, selecting, and curating objects artifacts, and artworks for preservation and presentation.","How are artworks cared for and by whom? What criteria, methods, and processes are used to select work for preservation or presentation? Why do people value objects, artifacts, and artworks, and select them for presentation?","Select, Analyze","Explain why some objects, artifacts, and artworks are valued over others.",https://www.cde.ca.gov/be/st/ss/index.asp,,"Standard Identifier: 1.VA:Pr4
Grade: 1
Discipline: Visual Arts
Artistic Process: Presenting (Visual Arts only)Anchor Standard: 4. Select, analyze, and interpret artistic work for presentation

Enduring Understanding: Artists and other presenters consider various techniques, methods, venues, and criteria when analyzing, selecting, and curating objects artifacts, and artworks for preservation and presentation.
Essential Question(s): How are artworks cared for and by whom? What criteria, methods, and processes are used to select work for preservation or presentation? Why do people value objects, artifacts, and artworks, and select them for presentation?
Process Component(s): Select, Analyze

Performance Standard(s):
Explain why some objects, artifacts, and artworks are valued over others.
"
CA-VAPA-2019,1.VA:Pr5,1,,Visual Arts,,Presenting (Visual Arts only),5: Develop and refine artistic techniques and work for presentation,"Artists, curators and others consider a variety of factors and methods including evolving technologies when preparing and refining artwork for display and or when deciding if and how to preserve and protect it.","What methods, processes and criteria are considered when preparing artwork for presentation, preservation, portfolio, or collection? How does assessing choices for presentation affect its meaning to the viewer?",Prepare,"Ask and answer questions such as where, when, why, and how artwork should be prepared for presentation or preservation.",https://www.cde.ca.gov/be/st/ss/index.asp,,"Standard Identifier: 1.VA:Pr5
Grade: 1
Discipline: Visual Arts
Artistic Process: Presenting (Visual Arts only)Anchor Standard: 5: Develop and refine artistic techniques and work for presentation

Enduring Understanding: Artists, curators and others consider a variety of factors and methods including evolving technologies when preparing and refining artwork for display and or when deciding if and how to preserve and protect it.
Essential Question(s): What methods, processes and criteria are considered when preparing artwork for presentation, preservation, portfolio, or collection? How does assessing choices for presentation affect its meaning to the viewer?
Process Component(s): Prepare

Performance Standard(s):
Ask and answer questions such as where, when, why, and how artwork should be prepared for presentation or preservation.
"
CA-VAPA-2019,1.VA:Pr6,1,,Visual Arts,,Presenting (Visual Arts only),6: Convey meaning through the presentation of artistic work,"Objects, artifacts, and artworks collected, preserved, or presented either by artists, museums, or other venues communicate meaning and a record of social, cultural, and political experiences resulting in the cultivating of appreciation and understanding.","What is an art museum? How does the presenting and sharing of objects, artifacts, and artworks influence and shape ideas, beliefs, and experiences? How do objects, artifacts, and artworks that are collected, preserved, or presented, cultivate appreciation",Present,Identify the roles and responsibilities of people who work in and visit museums and other art venues.,https://www.cde.ca.gov/be/st/ss/index.asp,,"Standard Identifier: 1.VA:Pr6
Grade: 1
Discipline: Visual Arts
Artistic Process: Presenting (Visual Arts only)Anchor Standard: 6: Convey meaning through the presentation of artistic work

Enduring Understanding: Objects, artifacts, and artworks collected, preserved, or presented either by artists, museums, or other venues communicate meaning and a record of social, cultural, and political experiences resulting in the cultivating of appreciation and understanding.
Essential Question(s): What is an art museum? How does the presenting and sharing of objects, artifacts, and artworks influence and shape ideas, beliefs, and experiences? How do objects, artifacts, and artworks that are collected, preserved, or presented, cultivate appreciation
Process Component(s): Present

Performance Standard(s):
Identify the roles and responsibilities of people who work in and visit museums and other art venues.
"
CA-VAPA-2019,1.VA:Re7.1,1,,Visual Arts,,Responding,7: Perceive and analyze artistic work,"7.1 Individual aesthetic and empathetic awareness developed through engagement with art can lead to understanding and appreciation of self, others, the natural world, and constructed environments.",How do life experiences influence the way you relate to art? How does learning about art impact how we perceive the world? What can we learn from our responses to art?,Perceive,Select and describe works of art that illustrate daily life experiences of one’s self and others.,https://www.cde.ca.gov/be/st/ss/index.asp,,"Standard Identifier: 1.VA:Re7.1
Grade: 1
Discipline: Visual Arts
Artistic Process: RespondingAnchor Standard: 7: Perceive and analyze artistic work

Enduring Understanding: 7.1 Individual aesthetic and empathetic awareness developed through engagement with art can lead to understanding and appreciation of self, others, the natural world, and constructed environments.
Essential Question(s): How do life experiences influence the way you relate to art? How does learning about art impact how we perceive the world? What can we learn from our responses to art?
Process Component(s): Perceive

Performance Standard(s):
Select and describe works of art that illustrate daily life experiences of one’s self and others.
"
CA-VAPA-2019,1.VA:Re7.2,1,,Visual Arts,,Responding,7: Perceive and analyze artistic work,7.2 Visual imagery influences understanding of and responses to the world.,What is an image? Where and how do we encounter images in our world? How do images influence our views of the world?,"Perceive, Analyze",Compare images that represent the same subject.,https://www.cde.ca.gov/be/st/ss/index.asp,,"Standard Identifier: 1.VA:Re7.2
Grade: 1
Discipline: Visual Arts
Artistic Process: RespondingAnchor Standard: 7: Perceive and analyze artistic work

Enduring Understanding: 7.2 Visual imagery influences understanding of and responses to the world.
Essential Question(s): What is an image? Where and how do we encounter images in our world? How do images influence our views of the world?
Process Component(s): Perceive, Analyze

Performance Standard(s):
Compare images that represent the same subject.
"
CA-VAPA-2019,1.VA:Re8,1,,Visual Arts,,Responding,8: Interpret intent and meaning in artistic work,People gain insights into meanings of artworks by engaging in the process of art criticism.,"What is the value of engaging in the process of art criticism? How can the viewer ""read"" a work of art as text? How does knowing and using visual arts vocabularies help us understand and interpret works of art?",Interpret,Interpret art by categorizing subject matter and identifying the mood and characteristics of form.,https://www.cde.ca.gov/be/st/ss/index.asp,,"Standard Identifier: 1.VA:Re8
Grade: 1
Discipline: Visual Arts
Artistic Process: RespondingAnchor Standard: 8: Interpret intent and meaning in artistic work

Enduring Understanding: People gain insights into meanings of artworks by engaging in the process of art criticism.
Essential Question(s): What is the value of engaging in the process of art criticism? How can the viewer ""read"" a work of art as text? How does knowing and using visual arts vocabularies help us understand and interpret works of art?
Process Component(s): Interpret

Performance Standard(s):
Interpret art by categorizing subject matter and identifying the mood and characteristics of form.
"
CA-VAPA-2019,1.VA:Re9,1,,Visual Arts,,Responding,9: Apply criteria to evaluate artistic work,People evaluate art based on various criteria.,How does one determine criteria to evaluate a work of art? How and why might criteria vary? How is a personal preference different from an evaluation?,Evaluate,Classify artwork based on different reasons for preferences using learned art vocabulary.,https://www.cde.ca.gov/be/st/ss/index.asp,,"Standard Identifier: 1.VA:Re9
Grade: 1
Discipline: Visual Arts
Artistic Process: RespondingAnchor Standard: 9: Apply criteria to evaluate artistic work

Enduring Understanding: People evaluate art based on various criteria.
Essential Question(s): How does one determine criteria to evaluate a work of art? How and why might criteria vary? How is a personal preference different from an evaluation?
Process Component(s): Evaluate

Performance Standard(s):
Classify artwork based on different reasons for preferences using learned art vocabulary.
"
CA-VAPA-2019,1.VA:Cn10,1,,Visual Arts,,Connecting,10: Synthesize and relate knowledge and personal experiences to make art,"Through artmaking, people make meaning by investigating and developing awareness of perceptions, knowledge, and experiences.",How does engaging in creating art enrich people's lives? How does making art attune people to their surroundings? How do people contribute to awareness and understanding of their lives and the lives of their communities through artmaking?,Synthesize,"Identify times, places, and reasons by which students make art outside of school.",https://www.cde.ca.gov/be/st/ss/index.asp,,"Standard Identifier: 1.VA:Cn10
Grade: 1
Discipline: Visual Arts
Artistic Process: ConnectingAnchor Standard: 10: Synthesize and relate knowledge and personal experiences to make art

Enduring Understanding: Through artmaking, people make meaning by investigating and developing awareness of perceptions, knowledge, and experiences.
Essential Question(s): How does engaging in creating art enrich people's lives? How does making art attune people to their surroundings? How do people contribute to awareness and understanding of their lives and the lives of their communities through artmaking?
Process Component(s): Synthesize

Performance Standard(s):
Identify times, places, and reasons by which students make art outside of school.
"
CA-VAPA-2019,1.VA:Cn11,1,,Visual Arts,,Connecting,"11: Relate artistic ideas and works with societal, cultural, and historical context to deepen understanding","People develop ideas and understandings of society, culture, and history through their interactions with and analysis of art.","How does art help us understand the lives of people of different times, places, and cultures? How is art used to impact the views of a society? How does art preserve aspects of life?",Relate,Understand that people from different places and times have made art for a variety of reasons.,https://www.cde.ca.gov/be/st/ss/index.asp,,"Standard Identifier: 1.VA:Cn11
Grade: 1
Discipline: Visual Arts
Artistic Process: ConnectingAnchor Standard: 11: Relate artistic ideas and works with societal, cultural, and historical context to deepen understanding

Enduring Understanding: People develop ideas and understandings of society, culture, and history through their interactions with and analysis of art.
Essential Question(s): How does art help us understand the lives of people of different times, places, and cultures? How is art used to impact the views of a society? How does art preserve aspects of life?
Process Component(s): Relate

Performance Standard(s):
Understand that people from different places and times have made art for a variety of reasons.
"
CA-VAPA-2019,2.VA:Cn11,2,,Visual Arts,,Connecting,"11: Relate artistic ideas and works with societal, cultural, and historical context to deepen understanding","People develop ideas and understandings of society, culture, and history through their interactions with and analysis of art.","How does art help us understand the lives of people of different times, places, and cultures? How is art used to impact the views of a society? How does art preserve aspects of life?",Relate,Compare and contrast cultural uses of artwork from different times and places.,https://www.cde.ca.gov/be/st/ss/index.asp,,"Standard Identifier: 2.VA:Cn11
Grade: 2
Discipline: Visual Arts
Artistic Process: ConnectingAnchor Standard: 11: Relate artistic ideas and works with societal, cultural, and historical context to deepen understanding

Enduring Understanding: People develop ideas and understandings of society, culture, and history through their interactions with and analysis of art.
Essential Question(s): How does art help us understand the lives of people of different times, places, and cultures? How is art used to impact the views of a society? How does art preserve aspects of life?
Process Component(s): Relate

Performance Standard(s):
Compare and contrast cultural uses of artwork from different times and places.
"
CA-VAPA-2019,2.VA:Cn10,2,,Visual Arts,,Connecting,10: Synthesize and relate knowledge and personal experiences to make art,"Through artmaking, people make meaning by investigating and developing awareness of perceptions, knowledge, and experiences.",How does engaging in creating art enrich people's lives? How does making art attune people to their surroundings? How do people contribute to awareness and understanding of their lives and the lives of their communities through artmaking?,Synthesize,"Create works of art about events in home, school, or community life.",https://www.cde.ca.gov/be/st/ss/index.asp,,"Standard Identifier: 2.VA:Cn10
Grade: 2
Discipline: Visual Arts
Artistic Process: ConnectingAnchor Standard: 10: Synthesize and relate knowledge and personal experiences to make art

Enduring Understanding: Through artmaking, people make meaning by investigating and developing awareness of perceptions, knowledge, and experiences.
Essential Question(s): How does engaging in creating art enrich people's lives? How does making art attune people to their surroundings? How do people contribute to awareness and understanding of their lives and the lives of their communities through artmaking?
Process Component(s): Synthesize

Performance Standard(s):
Create works of art about events in home, school, or community life.
"
CA-VAPA-2019,2.VA:Re9,2,,Visual Arts,,Responding,9: Apply criteria to evaluate artistic work,People evaluate art based on various criteria.,How does one determine criteria to evaluate a work of art? How and why might criteria vary? How is a personal preference different from an evaluation?,Evaluate,Use learned art vocabulary to express preferences about artwork.,https://www.cde.ca.gov/be/st/ss/index.asp,,"Standard Identifier: 2.VA:Re9
Grade: 2
Discipline: Visual Arts
Artistic Process: RespondingAnchor Standard: 9: Apply criteria to evaluate artistic work

Enduring Understanding: People evaluate art based on various criteria.
Essential Question(s): How does one determine criteria to evaluate a work of art? How and why might criteria vary? How is a personal preference different from an evaluation?
Process Component(s): Evaluate

Performance Standard(s):
Use learned art vocabulary to express preferences about artwork.
"
CA-VAPA-2019,2.VA:Re8,2,,Visual Arts,,Responding,8: Interpret intent and meaning in artistic work,People gain insights into meanings of artworks by engaging in the process of art criticism.,"What is the value of engaging in the process of art criticism? How can the viewer ""read"" a work of art as text? How does knowing and using visual arts vocabularies help us understand and interpret works of art?",Interpret,Interpret art by identifying the mood suggested by a work of art and describing relevant subject matter and characteristics of form.,https://www.cde.ca.gov/be/st/ss/index.asp,,"Standard Identifier: 2.VA:Re8
Grade: 2
Discipline: Visual Arts
Artistic Process: RespondingAnchor Standard: 8: Interpret intent and meaning in artistic work

Enduring Understanding: People gain insights into meanings of artworks by engaging in the process of art criticism.
Essential Question(s): What is the value of engaging in the process of art criticism? How can the viewer ""read"" a work of art as text? How does knowing and using visual arts vocabularies help us understand and interpret works of art?
Process Component(s): Interpret

Performance Standard(s):
Interpret art by identifying the mood suggested by a work of art and describing relevant subject matter and characteristics of form.
"
CA-VAPA-2019,2.VA:Re7.2,2,,Visual Arts,,Responding,7: Perceive and analyze artistic work,7.2 Visual imagery influences understanding of and responses to the world.,What is an image? Where and how do we encounter images in our world? How do images influence our views of the world?,"Perceive, Analyze",Categorize images based on expressive properties.,https://www.cde.ca.gov/be/st/ss/index.asp,,"Standard Identifier: 2.VA:Re7.2
Grade: 2
Discipline: Visual Arts
Artistic Process: RespondingAnchor Standard: 7: Perceive and analyze artistic work

Enduring Understanding: 7.2 Visual imagery influences understanding of and responses to the world.
Essential Question(s): What is an image? Where and how do we encounter images in our world? How do images influence our views of the world?
Process Component(s): Perceive, Analyze

Performance Standard(s):
Categorize images based on expressive properties.
"
CA-VAPA-2019,2.VA:Re7.1,2,,Visual Arts,,Responding,7: Perceive and analyze artistic work,"7.1 Individual aesthetic and empathetic awareness developed through engagement with art can lead to understanding and appreciation of self, others, the natural world, and constructed environments.",How do life experiences influence the way you relate to art? How does learning about art impact how we perceive the world? What can we learn from our responses to art?,Perceive,Perceive and describe aesthetic characteristics of one’s natural world and constructed environments.,https://www.cde.ca.gov/be/st/ss/index.asp,,"Standard Identifier: 2.VA:Re7.1
Grade: 2
Discipline: Visual Arts
Artistic Process: RespondingAnchor Standard: 7: Perceive and analyze artistic work

Enduring Understanding: 7.1 Individual aesthetic and empathetic awareness developed through engagement with art can lead to understanding and appreciation of self, others, the natural world, and constructed environments.
Essential Question(s): How do life experiences influence the way you relate to art? How does learning about art impact how we perceive the world? What can we learn from our responses to art?
Process Component(s): Perceive

Performance Standard(s):
Perceive and describe aesthetic characteristics of one’s natural world and constructed environments.
"
CA-VAPA-2019,2.VA:Pr6,2,,Visual Arts,,Presenting (Visual Arts only),6: Convey meaning through the presentation of artistic work,"Objects, artifacts, and artworks collected, preserved, or presented either by artists, museums, or other venues communicate meaning and a record of social, cultural, and political experiences resulting in the cultivating of appreciation and understanding.","What is an art museum? How does the presenting and sharing of objects, artifacts, and artworks influence and shape ideas, beliefs, and experiences? How do objects, artifacts, and artworks that are collected, preserved, or presented, cultivate appreciation",Present,"Analyze how art exhibited inside and outside of schools (such as in museums, galleries, virtual spaces, and other venues) contributes to communities.",https://www.cde.ca.gov/be/st/ss/index.asp,,"Standard Identifier: 2.VA:Pr6
Grade: 2
Discipline: Visual Arts
Artistic Process: Presenting (Visual Arts only)Anchor Standard: 6: Convey meaning through the presentation of artistic work

Enduring Understanding: Objects, artifacts, and artworks collected, preserved, or presented either by artists, museums, or other venues communicate meaning and a record of social, cultural, and political experiences resulting in the cultivating of appreciation and understanding.
Essential Question(s): What is an art museum? How does the presenting and sharing of objects, artifacts, and artworks influence and shape ideas, beliefs, and experiences? How do objects, artifacts, and artworks that are collected, preserved, or presented, cultivate appreciation
Process Component(s): Present

Performance Standard(s):
Analyze how art exhibited inside and outside of schools (such as in museums, galleries, virtual spaces, and other venues) contributes to communities.
"
CA-VAPA-2019,2.VA:Pr5,2,,Visual Arts,,Presenting (Visual Arts only),5: Develop and refine artistic techniques and work for presentation,"Artists, curators and others consider a variety of factors and methods including evolving technologies when preparing and refining artwork for display and or when deciding if and how to preserve and protect it.","What methods, processes and criteria are considered when preparing artwork for presentation, preservation, portfolio, or collection? How does assessing choices for presentation affect its meaning to the viewer?",Prepare,Distinguish between different materials or artistic techniques for preparing artwork for presentation.,https://www.cde.ca.gov/be/st/ss/index.asp,,"Standard Identifier: 2.VA:Pr5
Grade: 2
Discipline: Visual Arts
Artistic Process: Presenting (Visual Arts only)Anchor Standard: 5: Develop and refine artistic techniques and work for presentation

Enduring Understanding: Artists, curators and others consider a variety of factors and methods including evolving technologies when preparing and refining artwork for display and or when deciding if and how to preserve and protect it.
Essential Question(s): What methods, processes and criteria are considered when preparing artwork for presentation, preservation, portfolio, or collection? How does assessing choices for presentation affect its meaning to the viewer?
Process Component(s): Prepare

Performance Standard(s):
Distinguish between different materials or artistic techniques for preparing artwork for presentation.
"
CA-VAPA-2019,2.VA:Pr4,2,,Visual Arts,,Presenting (Visual Arts only),"4. Select, analyze, and interpret artistic work for presentation","Artists and other presenters consider various techniques, methods, venues, and criteria when analyzing, selecting, and curating objects artifacts, and artworks for preservation and presentation.","How are artworks cared for and by whom? What criteria, methods, and processes are used to select work for preservation or presentation? Why do people value objects, artifacts, and artworks, and select them for presentation?","Select, Analyze",Categorize artwork based on a theme or concept for an exhibit.,https://www.cde.ca.gov/be/st/ss/index.asp,,"Standard Identifier: 2.VA:Pr4
Grade: 2
Discipline: Visual Arts
Artistic Process: Presenting (Visual Arts only)Anchor Standard: 4. Select, analyze, and interpret artistic work for presentation

Enduring Understanding: Artists and other presenters consider various techniques, methods, venues, and criteria when analyzing, selecting, and curating objects artifacts, and artworks for preservation and presentation.
Essential Question(s): How are artworks cared for and by whom? What criteria, methods, and processes are used to select work for preservation or presentation? Why do people value objects, artifacts, and artworks, and select them for presentation?
Process Component(s): Select, Analyze

Performance Standard(s):
Categorize artwork based on a theme or concept for an exhibit.
"
CA-VAPA-2019,2.VA:Cr3,2,,Visual Arts,,Creating,3: Refine and complete artistic work,"Artists and designers develop excellence through practice and constructive critique to reflect on, revise, and refine work over time.","What role does persistence play in revising, refining, and developing work? How do artists grow and become accomplished in art forms? How does collaboratively reflecting on a work help us experience it more completely?","Reflect, Refine, Revise",Discuss and reflect with peers about choices made in creating artwork.,https://www.cde.ca.gov/be/st/ss/index.asp,,"Standard Identifier: 2.VA:Cr3
Grade: 2
Discipline: Visual Arts
Artistic Process: CreatingAnchor Standard: 3: Refine and complete artistic work

Enduring Understanding: Artists and designers develop excellence through practice and constructive critique to reflect on, revise, and refine work over time.
Essential Question(s): What role does persistence play in revising, refining, and developing work? How do artists grow and become accomplished in art forms? How does collaboratively reflecting on a work help us experience it more completely?
Process Component(s): Reflect, Refine, Revise

Performance Standard(s):
Discuss and reflect with peers about choices made in creating artwork.
"
CA-VAPA-2019,2.VA:Cr2.3,2,,Visual Arts,,Creating,2: Organize and develop artistic ideas and work,"2.3 People create and interact with objects, places, and design that define, shape, enhance, and empower their lives.","How do objects, places, and design shape lives and communities? How do artists and designers determine goals for designing or redesigning objects, places, or systems? How do artists and designers create works of art or design that communicate effectively?",Investigate,Repurpose found objects to make a new artwork or design.,https://www.cde.ca.gov/be/st/ss/index.asp,,"Standard Identifier: 2.VA:Cr2.3
Grade: 2
Discipline: Visual Arts
Artistic Process: CreatingAnchor Standard: 2: Organize and develop artistic ideas and work

Enduring Understanding: 2.3 People create and interact with objects, places, and design that define, shape, enhance, and empower their lives.
Essential Question(s): How do objects, places, and design shape lives and communities? How do artists and designers determine goals for designing or redesigning objects, places, or systems? How do artists and designers create works of art or design that communicate effectively?
Process Component(s): Investigate

Performance Standard(s):
Repurpose found objects to make a new artwork or design.
"
CA-VAPA-2019,2.VA:Cr2.2,2,,Visual Arts,,Creating,2: Organize and develop artistic ideas and work,"2.2 Artists and designers balance experimentation and safety, freedom and responsibility while developing and creating artworks.","How do artists and designers care for and maintain materials, tools, and equipment? Why is it important for safety and health to understand and follow correct procedures in handling materials, tools, and equipment? What responsibilities come with the free",Investigate,"Demonstrate safe procedures for using and cleaning art tools, equipment, and studio spaces.",https://www.cde.ca.gov/be/st/ss/index.asp,,"Standard Identifier: 2.VA:Cr2.2
Grade: 2
Discipline: Visual Arts
Artistic Process: CreatingAnchor Standard: 2: Organize and develop artistic ideas and work

Enduring Understanding: 2.2 Artists and designers balance experimentation and safety, freedom and responsibility while developing and creating artworks.
Essential Question(s): How do artists and designers care for and maintain materials, tools, and equipment? Why is it important for safety and health to understand and follow correct procedures in handling materials, tools, and equipment? What responsibilities come with the free
Process Component(s): Investigate

Performance Standard(s):
Demonstrate safe procedures for using and cleaning art tools, equipment, and studio spaces.
"
CA-VAPA-2019,2.VA:Cr2.1,2,,Visual Arts,,Creating,2: Organize and develop artistic ideas and work,"2.1 Artists and designers experiment with forms, structures, materials, concepts, media, and art-making approaches.",How do artists work? How do artists and designers determine whether a particular direction in their work is effective? How do artists and designers learn from trial and error?,Investigate,Experiment with various materials and tools to explore personal interests in a work of art or design.,https://www.cde.ca.gov/be/st/ss/index.asp,,"Standard Identifier: 2.VA:Cr2.1
Grade: 2
Discipline: Visual Arts
Artistic Process: CreatingAnchor Standard: 2: Organize and develop artistic ideas and work

Enduring Understanding: 2.1 Artists and designers experiment with forms, structures, materials, concepts, media, and art-making approaches.
Essential Question(s): How do artists work? How do artists and designers determine whether a particular direction in their work is effective? How do artists and designers learn from trial and error?
Process Component(s): Investigate

Performance Standard(s):
Experiment with various materials and tools to explore personal interests in a work of art or design.
"
CA-VAPA-2019,2.VA:Cr1.2,2,,Visual Arts,,Creating,1: Generate and conceptualize artistic ideas and work,"1.2 Artists and designers shape artistic investigations, following or breaking with traditions in pursuit of creative artmaking goals.","How does knowing the contexts, histories, and traditions of art forms help us create works of art and design? Why do artists follow or break from established traditions? How do artists determine what resources and criteria are needed to formulate artistic","Imagine, Plan, Make","Make art or design with various art materials and tools to explore personal interests, questions, and curiosity.",https://www.cde.ca.gov/be/st/ss/index.asp,,"Standard Identifier: 2.VA:Cr1.2
Grade: 2
Discipline: Visual Arts
Artistic Process: CreatingAnchor Standard: 1: Generate and conceptualize artistic ideas and work

Enduring Understanding: 1.2 Artists and designers shape artistic investigations, following or breaking with traditions in pursuit of creative artmaking goals.
Essential Question(s): How does knowing the contexts, histories, and traditions of art forms help us create works of art and design? Why do artists follow or break from established traditions? How do artists determine what resources and criteria are needed to formulate artistic
Process Component(s): Imagine, Plan, Make

Performance Standard(s):
Make art or design with various art materials and tools to explore personal interests, questions, and curiosity.
"
CA-VAPA-2019,2.VA:Cr1.1,2,,Visual Arts,,Creating,1: Generate and conceptualize artistic ideas and work,1.1 Creativity and innovative thinking are essential life skills that can be developed.,"What conditions, attitudes, and behaviors support creativity and innovative thinking? What factors prevent or encourage people to take creative risks? How does collaboration expand the creative process?","Imagine, Plan, Make",Brainstorm to generate multiple approaches to an art or design problem.,https://www.cde.ca.gov/be/st/ss/index.asp,,"Standard Identifier: 2.VA:Cr1.1
Grade: 2
Discipline: Visual Arts
Artistic Process: CreatingAnchor Standard: 1: Generate and conceptualize artistic ideas and work

Enduring Understanding: 1.1 Creativity and innovative thinking are essential life skills that can be developed.
Essential Question(s): What conditions, attitudes, and behaviors support creativity and innovative thinking? What factors prevent or encourage people to take creative risks? How does collaboration expand the creative process?
Process Component(s): Imagine, Plan, Make

Performance Standard(s):
Brainstorm to generate multiple approaches to an art or design problem.
"
CA-VAPA-2019,2.TH:Cn11.2,2,,Theatre,,Connecting,"11: Relate artistic ideas and works with societal, cultural, and historical context to deepen understanding",11.2 Theatre artists critically inquire into the ways others have thought about and created drama processes and productions to inform their own work.,"In what ways can research into theatre histories, theories, literature, and performances alter the way a drama process or production is understood?",Research,"a. Identify similarities and differences in stories from multiple cultures in a guided drama experience.
b. Collaborate on the creation of a short scene based on a non-fiction literary source in a guided drama experience.",https://www.cde.ca.gov/be/st/ss/index.asp,,"Standard Identifier: 2.TH:Cn11.2
Grade: 2
Discipline: Theatre
Artistic Process: ConnectingAnchor Standard: 11: Relate artistic ideas and works with societal, cultural, and historical context to deepen understanding

Enduring Understanding: 11.2 Theatre artists critically inquire into the ways others have thought about and created drama processes and productions to inform their own work.
Essential Question(s): In what ways can research into theatre histories, theories, literature, and performances alter the way a drama process or production is understood?
Process Component(s): Research

Performance Standard(s):
a. Identify similarities and differences in stories from multiple cultures in a guided drama experience.
b. Collaborate on the creation of a short scene based on a non-fiction literary source in a guided drama experience.
"
CA-VAPA-2019,2.TH:Cn11.1,2,,Theatre,,Connecting,"11: Relate artistic ideas and works with societal, cultural, and historical context to deepen understanding",11.1 Theatre artists understand and can communicate through their creative process as they analyze the way the world may be understood.,What happens when theatre artists allow an understanding of themselves and the world to inform perceptions about theatre and the purpose of their work?,Interrelate,"a. Determine appropriate skills and knowledge from different art forms and content areas to apply in a guided drama experience.
b. Use appropriate responses to react to a guided drama experience.",https://www.cde.ca.gov/be/st/ss/index.asp,,"Standard Identifier: 2.TH:Cn11.1
Grade: 2
Discipline: Theatre
Artistic Process: ConnectingAnchor Standard: 11: Relate artistic ideas and works with societal, cultural, and historical context to deepen understanding

Enduring Understanding: 11.1 Theatre artists understand and can communicate through their creative process as they analyze the way the world may be understood.
Essential Question(s): What happens when theatre artists allow an understanding of themselves and the world to inform perceptions about theatre and the purpose of their work?
Process Component(s): Interrelate

Performance Standard(s):
a. Determine appropriate skills and knowledge from different art forms and content areas to apply in a guided drama experience.
b. Use appropriate responses to react to a guided drama experience.
"
CA-VAPA-2019,2.TH:Cn10,2,,Theatre,,Connecting,10: Synthesize and relate knowledge and personal experiences to make art,Theatre artists allow awareness of interrelationships between self and others to influence and inform their work.,"What happens when theatre artists foster understanding between self and others through critical awareness, social responsibility, and the exploration of empathy?",Empathize,Relate character experiences to personal experiences in a guided drama experience.,https://www.cde.ca.gov/be/st/ss/index.asp,,"Standard Identifier: 2.TH:Cn10
Grade: 2
Discipline: Theatre
Artistic Process: ConnectingAnchor Standard: 10: Synthesize and relate knowledge and personal experiences to make art

Enduring Understanding: Theatre artists allow awareness of interrelationships between self and others to influence and inform their work.
Essential Question(s): What happens when theatre artists foster understanding between self and others through critical awareness, social responsibility, and the exploration of empathy?
Process Component(s): Empathize

Performance Standard(s):
Relate character experiences to personal experiences in a guided drama experience.
"
CA-VAPA-2019,2.TH:Re9,2,,Theatre,,Responding,9: Apply criteria to evaluate artistic work,"Theatre artists apply criteria to understand, explore, and assess drama and theatre work.",How do analysis and synthesis impact the theatre artist’s process and audience’s perspectives?,Evaluate,"a. Collaborate on a scene in a guided drama experience.
b. Describe how characters respond to challenges in a guided drama experience.
c. Use a prop or costume in a guided drama experience to describe characters, settings, or events.",https://www.cde.ca.gov/be/st/ss/index.asp,,"Standard Identifier: 2.TH:Re9
Grade: 2
Discipline: Theatre
Artistic Process: RespondingAnchor Standard: 9: Apply criteria to evaluate artistic work

Enduring Understanding: Theatre artists apply criteria to understand, explore, and assess drama and theatre work.
Essential Question(s): How do analysis and synthesis impact the theatre artist’s process and audience’s perspectives?
Process Component(s): Evaluate

Performance Standard(s):
a. Collaborate on a scene in a guided drama experience.
b. Describe how characters respond to challenges in a guided drama experience.
c. Use a prop or costume in a guided drama experience to describe characters, settings, or events.
"
CA-VAPA-2019,2.TH:Re8,2,,Theatre,,Responding,8: Interpret intent and meaning in artistic work,"Theatre artists’ interpretations of drama/theatre work are influenced by personal experiences, culture, and aesthetics.",How can the same work of art communicate different messages to different people?,Interpret,"a. Explain how personal preferences and emotions affect an observer’s response in a guided drama experience or age-appropriate theatre performance.
b. Identify causes and consequences of character actions in a guided drama experience.
c. Explain or use text and pictures to describe how others’ emotions and choices may compare to the emotions and choices of characters in a guided drama experience.",https://www.cde.ca.gov/be/st/ss/index.asp,,"Standard Identifier: 2.TH:Re8
Grade: 2
Discipline: Theatre
Artistic Process: RespondingAnchor Standard: 8: Interpret intent and meaning in artistic work

Enduring Understanding: Theatre artists’ interpretations of drama/theatre work are influenced by personal experiences, culture, and aesthetics.
Essential Question(s): How can the same work of art communicate different messages to different people?
Process Component(s): Interpret

Performance Standard(s):
a. Explain how personal preferences and emotions affect an observer’s response in a guided drama experience or age-appropriate theatre performance.
b. Identify causes and consequences of character actions in a guided drama experience.
c. Explain or use text and pictures to describe how others’ emotions and choices may compare to the emotions and choices of characters in a guided drama experience.
"
CA-VAPA-2019,2.TH:Re7,2,,Theatre,,Responding,7: Perceive and analyze artistic work,Theatre artists reflect to understand the impact of drama processes and theatre experiences.,How do theatre artists comprehend the essence of drama processes and theatre experiences?,Reflect,Recognize when artistic choices are made in a guided drama experience.,https://www.cde.ca.gov/be/st/ss/index.asp,,"Standard Identifier: 2.TH:Re7
Grade: 2
Discipline: Theatre
Artistic Process: RespondingAnchor Standard: 7: Perceive and analyze artistic work

Enduring Understanding: Theatre artists reflect to understand the impact of drama processes and theatre experiences.
Essential Question(s): How do theatre artists comprehend the essence of drama processes and theatre experiences?
Process Component(s): Reflect

Performance Standard(s):
Recognize when artistic choices are made in a guided drama experience.
"
CA-VAPA-2019,2.TH:Pr6,2,,Theatre,,Performing,6: Convey meaning through the presentation of artistic work,"Theatre artists share and present stories, ideas, and envisioned worlds to explore the human experience in diverse cultures.",What happens when theatre artists and audiences share a creative experience?,"Share, Present",Contribute to group guided drama experiences and informally share with peers.,https://www.cde.ca.gov/be/st/ss/index.asp,,"Standard Identifier: 2.TH:Pr6
Grade: 2
Discipline: Theatre
Artistic Process: PerformingAnchor Standard: 6: Convey meaning through the presentation of artistic work

Enduring Understanding: Theatre artists share and present stories, ideas, and envisioned worlds to explore the human experience in diverse cultures.
Essential Question(s): What happens when theatre artists and audiences share a creative experience?
Process Component(s): Share, Present

Performance Standard(s):
Contribute to group guided drama experiences and informally share with peers.
"
CA-VAPA-2019,2.TH:Pr5,2,,Theatre,,Performing,5: Develop and refine artistic techniques and work for presentation,Theatre artists develop personal processes and skills for a performance or design.,What can I do to fully prepare a performance or technical design?,Prepare,"a. Demonstrate the relationship between and among body, voice, and mind in a guided drama experience.
b. Explore technical theatre elements in a guided drama experience.",https://www.cde.ca.gov/be/st/ss/index.asp,,"Standard Identifier: 2.TH:Pr5
Grade: 2
Discipline: Theatre
Artistic Process: PerformingAnchor Standard: 5: Develop and refine artistic techniques and work for presentation

Enduring Understanding: Theatre artists develop personal processes and skills for a performance or design.
Essential Question(s): What can I do to fully prepare a performance or technical design?
Process Component(s): Prepare

Performance Standard(s):
a. Demonstrate the relationship between and among body, voice, and mind in a guided drama experience.
b. Explore technical theatre elements in a guided drama experience.
"
CA-VAPA-2019,2.TH:Pr4,2,,Theatre,,Performing,"4. Select, analyze, and interpret artistic work for presentation",Theatre artists make strong choices to effectively convey meaning.,Why are strong choices essential to interpreting a drama or theatre piece?,Select,"a. Interpret story elements in a guided drama experience.
b. Alter voice and body to expand and articulate nuances of a character in a guided drama experience.",https://www.cde.ca.gov/be/st/ss/index.asp,,"Standard Identifier: 2.TH:Pr4
Grade: 2
Discipline: Theatre
Artistic Process: PerformingAnchor Standard: 4. Select, analyze, and interpret artistic work for presentation

Enduring Understanding: Theatre artists make strong choices to effectively convey meaning.
Essential Question(s): Why are strong choices essential to interpreting a drama or theatre piece?
Process Component(s): Select

Performance Standard(s):
a. Interpret story elements in a guided drama experience.
b. Alter voice and body to expand and articulate nuances of a character in a guided drama experience.
"
CA-VAPA-2019,2.TH:Cr3,2,,Theatre,,Creating,3: Refine and complete artistic work,Theatre artists refine their work and practice their craft through rehearsal.,How do theatre artists transform and edit their initial ideas?,Rehearse,"a. Contribute to the adaptation of dialogue in a guided drama experience.
b. Use and adapt sounds and movements in a guided drama experience.
c. independently generate multiple representations of a single object in a guided drama experience.",https://www.cde.ca.gov/be/st/ss/index.asp,,"Standard Identifier: 2.TH:Cr3
Grade: 2
Discipline: Theatre
Artistic Process: CreatingAnchor Standard: 3: Refine and complete artistic work

Enduring Understanding: Theatre artists refine their work and practice their craft through rehearsal.
Essential Question(s): How do theatre artists transform and edit their initial ideas?
Process Component(s): Rehearse

Performance Standard(s):
a. Contribute to the adaptation of dialogue in a guided drama experience.
b. Use and adapt sounds and movements in a guided drama experience.
c. independently generate multiple representations of a single object in a guided drama experience.
"
CA-VAPA-2019,2.TH:Cr2,2,,Theatre,,Creating,2: Organize and develop artistic ideas and work,Theatre artists work to discover different ways of communicating meaning.,"How, when, and why do theatre artists’ choices change?",Develop,"a. Collaborate with peers to devise meaningful dialogue in a guided drama experience.
b. Contribute ideas and make decisions as a group to advance a story in a guided drama experience.",https://www.cde.ca.gov/be/st/ss/index.asp,,"Standard Identifier: 2.TH:Cr2
Grade: 2
Discipline: Theatre
Artistic Process: CreatingAnchor Standard: 2: Organize and develop artistic ideas and work

Enduring Understanding: Theatre artists work to discover different ways of communicating meaning.
Essential Question(s): How, when, and why do theatre artists’ choices change?
Process Component(s): Develop

Performance Standard(s):
a. Collaborate with peers to devise meaningful dialogue in a guided drama experience.
b. Contribute ideas and make decisions as a group to advance a story in a guided drama experience.
"
CA-VAPA-2019,2.TH:Cr1,2,,Theatre,,Creating,1: Generate and conceptualize artistic ideas and work,"Theatre artists rely on intuition, curiosity, culture, and critical inquiry.","What happens when theatre artists use their culture, imaginations and/or learned theatre skills while engaging in creative exploration and inquiry?","Envision,Conceptualize",a. Propose potential new details to plot and story in a guided drama experience.b. Identify ways in which voice and sounds may be used to create or retell a story in guided drama experiencesc. Collaborate with peers to conceptualize scenery in a guided drama experience.,https://www.cde.ca.gov/be/st/ss/index.asp,,"Standard Identifier: 2.TH:Cr1
Grade: 2
Discipline: Theatre
Artistic Process: CreatingAnchor Standard: 1: Generate and conceptualize artistic ideas and work

Enduring Understanding: Theatre artists rely on intuition, curiosity, culture, and critical inquiry.
Essential Question(s): What happens when theatre artists use their culture, imaginations and/or learned theatre skills while engaging in creative exploration and inquiry?
Process Component(s): Envision,Conceptualize

Performance Standard(s):
a. Propose potential new details to plot and story in a guided drama experience.b. Identify ways in which voice and sounds may be used to create or retell a story in guided drama experiencesc. Collaborate with peers to conceptualize scenery in a guided drama experience.
"
CA-VAPA-2019,2.MU:Cn10,2,,Music,TK-8,Connecting,10: Synthesize and relate knowledge and personal experiences to make art,"Musicians connect their personal interests, experiences, ideas, and knowledge to creating, performing, and responding.","How do musicians make meaningful connections to creating, performing, and responding?",Synthesize,"Describe how personal interests, and experiences connect to creating, performing, and responding to music.",https://www.cde.ca.gov/be/st/ss/index.asp,,"Standard Identifier: 2.MU:Cn10
Grade: 2
Discipline: MusicSubdiscipline: TK-8
Artistic Process: ConnectingAnchor Standard: 10: Synthesize and relate knowledge and personal experiences to make art

Enduring Understanding: Musicians connect their personal interests, experiences, ideas, and knowledge to creating, performing, and responding.
Essential Question(s): How do musicians make meaningful connections to creating, performing, and responding?
Process Component(s): Synthesize

Performance Standard(s):
Describe how personal interests, and experiences connect to creating, performing, and responding to music.
"
CA-VAPA-2019,2.MU:Re9,2,,Music,TK-8,Responding,9: Apply criteria to evaluate artistic work,"The personal evaluation of musical work(s) and performance(s) is informed by analysis, interpretation, and established criteria.",How do we judge the quality of musical work(s) and performance(s)?,Evaluate,Apply personal and expressive preferences in the evaluation of music for specific purposes.,https://www.cde.ca.gov/be/st/ss/index.asp,,"Standard Identifier: 2.MU:Re9
Grade: 2
Discipline: MusicSubdiscipline: TK-8
Artistic Process: RespondingAnchor Standard: 9: Apply criteria to evaluate artistic work

Enduring Understanding: The personal evaluation of musical work(s) and performance(s) is informed by analysis, interpretation, and established criteria.
Essential Question(s): How do we judge the quality of musical work(s) and performance(s)?
Process Component(s): Evaluate

Performance Standard(s):
Apply personal and expressive preferences in the evaluation of music for specific purposes.
"
CA-VAPA-2019,2.MU:Re8,2,,Music,TK-8,Responding,8: Interpret intent and meaning in artistic work,"Through their use of elements and structures of music, creators and performers provide clues to their expressive intent.",How do we discern the musical creators’ and performers’ expressive intent?,Interpret,Demonstrate knowledge of expressive qualities and how they support creators’ and performers’ expressive intent.,https://www.cde.ca.gov/be/st/ss/index.asp,,"Standard Identifier: 2.MU:Re8
Grade: 2
Discipline: MusicSubdiscipline: TK-8
Artistic Process: RespondingAnchor Standard: 8: Interpret intent and meaning in artistic work

Enduring Understanding: Through their use of elements and structures of music, creators and performers provide clues to their expressive intent.
Essential Question(s): How do we discern the musical creators’ and performers’ expressive intent?
Process Component(s): Interpret

Performance Standard(s):
Demonstrate knowledge of expressive qualities and how they support creators’ and performers’ expressive intent.
"
CA-VAPA-2019,2.MU:Re7.2,2,,Music,TK-8,Responding,7: Perceive and analyze artistic work,"7.2 Response to music is informed by analyzing context (social, cultural, and historical) and how creators and performers manipulate the elements of music.",How do individuals choose music to experience?,Analyze,Describe how specific music concepts are used to support a specific purpose in music.,https://www.cde.ca.gov/be/st/ss/index.asp,,"Standard Identifier: 2.MU:Re7.2
Grade: 2
Discipline: MusicSubdiscipline: TK-8
Artistic Process: RespondingAnchor Standard: 7: Perceive and analyze artistic work

Enduring Understanding: 7.2 Response to music is informed by analyzing context (social, cultural, and historical) and how creators and performers manipulate the elements of music.
Essential Question(s): How do individuals choose music to experience?
Process Component(s): Analyze

Performance Standard(s):
Describe how specific music concepts are used to support a specific purpose in music.
"
CA-VAPA-2019,2.MU:Re7.1,2,,Music,TK-8,Responding,7: Perceive and analyze artistic work,"7.1 Individuals' selection of musical works is influenced by their interests, experiences, understandings, and purposes.",How do individuals choose music to experience?,Select,Explain and demonstrate how personal interests and experiences influence musical selection for specific purposes.,https://www.cde.ca.gov/be/st/ss/index.asp,,"Standard Identifier: 2.MU:Re7.1
Grade: 2
Discipline: MusicSubdiscipline: TK-8
Artistic Process: RespondingAnchor Standard: 7: Perceive and analyze artistic work

Enduring Understanding: 7.1 Individuals' selection of musical works is influenced by their interests, experiences, understandings, and purposes.
Essential Question(s): How do individuals choose music to experience?
Process Component(s): Select

Performance Standard(s):
Explain and demonstrate how personal interests and experiences influence musical selection for specific purposes.
"
CA-VAPA-2019,2.MU:Cn11,2,,Music,TK-8,Connecting,"11: Relate artistic ideas and works with societal, cultural, and historical context to deepen understanding","Musicians connect societal, cultural, and historical contexts when creating, performing, and responding.","How do musicians make meaningful connections to societal, cultural, and historical contexts when creating, performing, and responding?",Relate,"Describe connections between music, society, and culture.",https://www.cde.ca.gov/be/st/ss/index.asp,,"Standard Identifier: 2.MU:Cn11
Grade: 2
Discipline: MusicSubdiscipline: TK-8
Artistic Process: ConnectingAnchor Standard: 11: Relate artistic ideas and works with societal, cultural, and historical context to deepen understanding

Enduring Understanding: Musicians connect societal, cultural, and historical contexts when creating, performing, and responding.
Essential Question(s): How do musicians make meaningful connections to societal, cultural, and historical contexts when creating, performing, and responding?
Process Component(s): Relate

Performance Standard(s):
Describe connections between music, society, and culture.
"
CA-VAPA-2019,2.MU:Pr6,2,,Music,TK-8,Performing,6: Convey meaning through the presentation of artistic work,"Musicians judge performance based on criteria that vary across time, place, and cultures. The context and how a work is presented influence audience response.",When is a performance judged ready to present? How do context and the manner in which musical work is presented influence audience response?,Present,"a. Perform music for a specific purpose with expression.
b. Demonstrate performance decorum and audience etiquette appropriate for the purpose.",https://www.cde.ca.gov/be/st/ss/index.asp,,"Standard Identifier: 2.MU:Pr6
Grade: 2
Discipline: MusicSubdiscipline: TK-8
Artistic Process: PerformingAnchor Standard: 6: Convey meaning through the presentation of artistic work

Enduring Understanding: Musicians judge performance based on criteria that vary across time, place, and cultures. The context and how a work is presented influence audience response.
Essential Question(s): When is a performance judged ready to present? How do context and the manner in which musical work is presented influence audience response?
Process Component(s): Present

Performance Standard(s):
a. Perform music for a specific purpose with expression.
b. Demonstrate performance decorum and audience etiquette appropriate for the purpose.
"
CA-VAPA-2019,2.MU:Pr5,2,,Music,TK-8,Performing,5: Develop and refine artistic techniques and work for presentation,"To express their musical ideas, musicians analyze, evaluate, and refine their performance over time through openness to new ideas, persistence, and the application of appropriate criteria.",How do musicians improve the quality of their performance?,"Rehearse, Evaluate, and Refine","a. Apply established criteria to judge the accuracy, expressiveness, and effectiveness of performances.
b. Apply rehearsal strategies to address identified interpretive, performance, and technical challenges of music.",https://www.cde.ca.gov/be/st/ss/index.asp,,"Standard Identifier: 2.MU:Pr5
Grade: 2
Discipline: MusicSubdiscipline: TK-8
Artistic Process: PerformingAnchor Standard: 5: Develop and refine artistic techniques and work for presentation

Enduring Understanding: To express their musical ideas, musicians analyze, evaluate, and refine their performance over time through openness to new ideas, persistence, and the application of appropriate criteria.
Essential Question(s): How do musicians improve the quality of their performance?
Process Component(s): Rehearse, Evaluate, and Refine

Performance Standard(s):
a. Apply established criteria to judge the accuracy, expressiveness, and effectiveness of performances.
b. Apply rehearsal strategies to address identified interpretive, performance, and technical challenges of music.
"
CA-VAPA-2019,2.MU:Pr4.3,2,,Music,TK-8,Performing,"4. Select, analyze, and interpret artistic work for presentation",4.3 Performers make interpretive decisions based on their understanding of context and expressive intent.,How do performers interpret musical works?,Interpret,"Demonstrate understanding of expressive qualities (such as voice quality, dynamics and tempo) and how creators use them to convey expressive intent.",https://www.cde.ca.gov/be/st/ss/index.asp,,"Standard Identifier: 2.MU:Pr4.3
Grade: 2
Discipline: MusicSubdiscipline: TK-8
Artistic Process: PerformingAnchor Standard: 4. Select, analyze, and interpret artistic work for presentation

Enduring Understanding: 4.3 Performers make interpretive decisions based on their understanding of context and expressive intent.
Essential Question(s): How do performers interpret musical works?
Process Component(s): Interpret

Performance Standard(s):
Demonstrate understanding of expressive qualities (such as voice quality, dynamics and tempo) and how creators use them to convey expressive intent.
"
CA-VAPA-2019,2.MU:Pr4.2,2,,Music,TK-8,Performing,"4. Select, analyze, and interpret artistic work for presentation",4.2 Analyzing creators’ context and how they manipulate elements of music provides insight into their intent and informs performance.,How does understanding the structure and context of musical works inform performance?,Analyze,"a. Demonstrate knowledge of music concepts (such as tonality and meter) in music from a variety of cultures selected for performance.
b. When analyzing selected music, read and perform rhythmic and melodic patterns using iconic or standard notation.",https://www.cde.ca.gov/be/st/ss/index.asp,,"Standard Identifier: 2.MU:Pr4.2
Grade: 2
Discipline: MusicSubdiscipline: TK-8
Artistic Process: PerformingAnchor Standard: 4. Select, analyze, and interpret artistic work for presentation

Enduring Understanding: 4.2 Analyzing creators’ context and how they manipulate elements of music provides insight into their intent and informs performance.
Essential Question(s): How does understanding the structure and context of musical works inform performance?
Process Component(s): Analyze

Performance Standard(s):
a. Demonstrate knowledge of music concepts (such as tonality and meter) in music from a variety of cultures selected for performance.
b. When analyzing selected music, read and perform rhythmic and melodic patterns using iconic or standard notation.
"
CA-VAPA-2019,2.MU:Pr4.1,2,,Music,TK-8,Performing,"4. Select, analyze, and interpret artistic work for presentation","4.1 Performers’ interest in and knowledge of musical works, understanding of their own technical skill, and the context for a performance influence the selection of repertoire.",How do performers select repertoire?,Select,"Demonstrate and explain personal interest in, knowledge about, and purpose of varied musical selections.",https://www.cde.ca.gov/be/st/ss/index.asp,,"Standard Identifier: 2.MU:Pr4.1
Grade: 2
Discipline: MusicSubdiscipline: TK-8
Artistic Process: PerformingAnchor Standard: 4. Select, analyze, and interpret artistic work for presentation

Enduring Understanding: 4.1 Performers’ interest in and knowledge of musical works, understanding of their own technical skill, and the context for a performance influence the selection of repertoire.
Essential Question(s): How do performers select repertoire?
Process Component(s): Select

Performance Standard(s):
Demonstrate and explain personal interest in, knowledge about, and purpose of varied musical selections.
"
CA-VAPA-2019,2.MU:Cr3.2,2,,Music,TK-8,Creating,3: Refine and complete artistic work,3.2 Musicians’ presentation of creative work is the culmination of a process of creation and communication.,When is creative work ready to share?,Present,Convey expressive intent for a specific purpose by presenting a final version of personal musical ideas to peers or informal audience.,https://www.cde.ca.gov/be/st/ss/index.asp,,"Standard Identifier: 2.MU:Cr3.2
Grade: 2
Discipline: MusicSubdiscipline: TK-8
Artistic Process: CreatingAnchor Standard: 3: Refine and complete artistic work

Enduring Understanding: 3.2 Musicians’ presentation of creative work is the culmination of a process of creation and communication.
Essential Question(s): When is creative work ready to share?
Process Component(s): Present

Performance Standard(s):
Convey expressive intent for a specific purpose by presenting a final version of personal musical ideas to peers or informal audience.
"
CA-VAPA-2019,2.MU:Cr3.1,2,,Music,TK-8,Creating,3: Refine and complete artistic work,"3.1 Musicians evaluate, and refine their work through openness to new ideas, persistence, and the application of appropriate criteria.",How do musicians improve the quality of their creative work?,Evaluate and Refine,"Interpret and apply personal, peer, and teacher feedback to revise personal musical ideas.",https://www.cde.ca.gov/be/st/ss/index.asp,,"Standard Identifier: 2.MU:Cr3.1
Grade: 2
Discipline: MusicSubdiscipline: TK-8
Artistic Process: CreatingAnchor Standard: 3: Refine and complete artistic work

Enduring Understanding: 3.1 Musicians evaluate, and refine their work through openness to new ideas, persistence, and the application of appropriate criteria.
Essential Question(s): How do musicians improve the quality of their creative work?
Process Component(s): Evaluate and Refine

Performance Standard(s):
Interpret and apply personal, peer, and teacher feedback to revise personal musical ideas.
"
CA-VAPA-2019,2.MU:Cr2,2,,Music,TK-8,Creating,2: Organize and develop artistic ideas and work,"Musicians’ creative choices are influenced by their expertise, context, and expressive intent",How do musicians make creative decisions?,Plan & Make,"a. Demonstrate and explain personal reasons for selecting patterns and ideas for music that represent expressive intent.
b. Use iconic or standard notation and/or recording technology to combine, sequence, and document personal musical ideas.",https://www.cde.ca.gov/be/st/ss/index.asp,,"Standard Identifier: 2.MU:Cr2
Grade: 2
Discipline: MusicSubdiscipline: TK-8
Artistic Process: CreatingAnchor Standard: 2: Organize and develop artistic ideas and work

Enduring Understanding: Musicians’ creative choices are influenced by their expertise, context, and expressive intent
Essential Question(s): How do musicians make creative decisions?
Process Component(s): Plan & Make

Performance Standard(s):
a. Demonstrate and explain personal reasons for selecting patterns and ideas for music that represent expressive intent.
b. Use iconic or standard notation and/or recording technology to combine, sequence, and document personal musical ideas.
"
CA-VAPA-2019,2.MU:Cr1,2,,Music,TK-8,Creating,1: Generate and conceptualize artistic ideas and work,"The creative ideas, concepts, and feelings that influence musicians’ work emerge from a variety of sources.",How do musicians generate creative ideas?,Imagine,"a. Improvise rhythmic and melodic patterns and musical ideas for a specific purpose.
b. Generate musical patterns and ideas within the context of a given tonality (such as major and minor) and meter (such as duple and triple).",https://www.cde.ca.gov/be/st/ss/index.asp,,"Standard Identifier: 2.MU:Cr1
Grade: 2
Discipline: MusicSubdiscipline: TK-8
Artistic Process: CreatingAnchor Standard: 1: Generate and conceptualize artistic ideas and work

Enduring Understanding: The creative ideas, concepts, and feelings that influence musicians’ work emerge from a variety of sources.
Essential Question(s): How do musicians generate creative ideas?
Process Component(s): Imagine

Performance Standard(s):
a. Improvise rhythmic and melodic patterns and musical ideas for a specific purpose.
b. Generate musical patterns and ideas within the context of a given tonality (such as major and minor) and meter (such as duple and triple).
"
CA-VAPA-2019,2.MA:Cn11,2,,Media Arts,,Connecting,"11: Relate artistic ideas and works with societal, cultural, and historical context to deepen understanding","Media artworks and ideas are better understood and produced by relating them to their purposes, values, and various contexts.","How does media arts relate to its various contexts, purposes, and values? How does investigating these relationships inform and deepen the media artist's understanding and work?",Relate,"a. Discuss how media artworks and ideas, such as media messages and media environments, relate to everyday life and culture.
b. Interact appropriately with media arts tools and environments, considering safety, rules, and fairness.",https://www.cde.ca.gov/be/st/ss/index.asp,,"Standard Identifier: 2.MA:Cn11
Grade: 2
Discipline: Media Arts
Artistic Process: ConnectingAnchor Standard: 11: Relate artistic ideas and works with societal, cultural, and historical context to deepen understanding

Enduring Understanding: Media artworks and ideas are better understood and produced by relating them to their purposes, values, and various contexts.
Essential Question(s): How does media arts relate to its various contexts, purposes, and values? How does investigating these relationships inform and deepen the media artist's understanding and work?
Process Component(s): Relate

Performance Standard(s):
a. Discuss how media artworks and ideas, such as media messages and media environments, relate to everyday life and culture.
b. Interact appropriately with media arts tools and environments, considering safety, rules, and fairness.
"
CA-VAPA-2019,2.MA:Cn10,2,,Media Arts,,Connecting,10: Synthesize and relate knowledge and personal experiences to make art,: Media artworks synthesize meaning and form cultural experience.,How do we relate knowledge and experiences to understanding and making media artworks? How do we learn about and create meaning through producing media artworks?,Synthesize,"a. Use personal experiences, interests, information, and models in creating media artworks.
b. Discuss experiences of media artworks, describing their meaning and purpose.",https://www.cde.ca.gov/be/st/ss/index.asp,,"Standard Identifier: 2.MA:Cn10
Grade: 2
Discipline: Media Arts
Artistic Process: ConnectingAnchor Standard: 10: Synthesize and relate knowledge and personal experiences to make art

Enduring Understanding: : Media artworks synthesize meaning and form cultural experience.
Essential Question(s): How do we relate knowledge and experiences to understanding and making media artworks? How do we learn about and create meaning through producing media artworks?
Process Component(s): Synthesize

Performance Standard(s):
a. Use personal experiences, interests, information, and models in creating media artworks.
b. Discuss experiences of media artworks, describing their meaning and purpose.
"
CA-VAPA-2019,2.MA:Re9,2,,Media Arts,,Responding,9: Apply criteria to evaluate artistic work,"Skillful evaluation and critique are critical components of experiencing, appreciating, and producing media artworks.",How and why do media artists value and judge media artworks? When and how should we evaluate and critique media artworks to improve them?,Evaluate,"Discuss the effectiveness of components and possible improvements for media artworks, considering their context.",https://www.cde.ca.gov/be/st/ss/index.asp,,"Standard Identifier: 2.MA:Re9
Grade: 2
Discipline: Media Arts
Artistic Process: RespondingAnchor Standard: 9: Apply criteria to evaluate artistic work

Enduring Understanding: Skillful evaluation and critique are critical components of experiencing, appreciating, and producing media artworks.
Essential Question(s): How and why do media artists value and judge media artworks? When and how should we evaluate and critique media artworks to improve them?
Process Component(s): Evaluate

Performance Standard(s):
Discuss the effectiveness of components and possible improvements for media artworks, considering their context.
"
CA-VAPA-2019,2.MA:Re8,2,,Media Arts,,Responding,8: Interpret intent and meaning in artistic work,"Interpretation and appreciation require consideration of the intent, form, and context of the media and artwork.",How do people relate to and interpret media artworks?,Interpret,"Determine the purposes and meanings of media artworks, considering their context.",https://www.cde.ca.gov/be/st/ss/index.asp,,"Standard Identifier: 2.MA:Re8
Grade: 2
Discipline: Media Arts
Artistic Process: RespondingAnchor Standard: 8: Interpret intent and meaning in artistic work

Enduring Understanding: Interpretation and appreciation require consideration of the intent, form, and context of the media and artwork.
Essential Question(s): How do people relate to and interpret media artworks?
Process Component(s): Interpret

Performance Standard(s):
Determine the purposes and meanings of media artworks, considering their context.
"
CA-VAPA-2019,2.MA:Re7,2,,Media Arts,,Responding,7: Perceive and analyze artistic work,Identifying the qualities and characteristics of media artworks improves one's artistic appreciation and production.,How do we 'read' media artworks and discern their relational components? How do media artworks function to convey meaning and manage audience experience?,Perceive,"a. Identify and describe the components and messages in media artworks.
b. Identify and describe how a variety of media artworks create different experiences.",https://www.cde.ca.gov/be/st/ss/index.asp,,"Standard Identifier: 2.MA:Re7
Grade: 2
Discipline: Media Arts
Artistic Process: RespondingAnchor Standard: 7: Perceive and analyze artistic work

Enduring Understanding: Identifying the qualities and characteristics of media artworks improves one's artistic appreciation and production.
Essential Question(s): How do we 'read' media artworks and discern their relational components? How do media artworks function to convey meaning and manage audience experience?
Process Component(s): Perceive

Performance Standard(s):
a. Identify and describe the components and messages in media artworks.
b. Identify and describe how a variety of media artworks create different experiences.
"
CA-VAPA-2019,2.MA:Pr6,2,,Media Arts,,Producing (Media Arts only),6: Convey meaning through the presentation of artistic work,"Media artists purposefully present, share, and distribute media artworks for various contexts.","How does time, place, audience, and context affect presenting or performing choices for media artworks?",Present,Identify and describe presentation conditions and audience and perform task(s) in presenting media artworks.,https://www.cde.ca.gov/be/st/ss/index.asp,,"Standard Identifier: 2.MA:Pr6
Grade: 2
Discipline: Media Arts
Artistic Process: Producing (Media Arts only)Anchor Standard: 6: Convey meaning through the presentation of artistic work

Enduring Understanding: Media artists purposefully present, share, and distribute media artworks for various contexts.
Essential Question(s): How does time, place, audience, and context affect presenting or performing choices for media artworks?
Process Component(s): Present

Performance Standard(s):
Identify and describe presentation conditions and audience and perform task(s) in presenting media artworks.
"
CA-VAPA-2019,2.MA:Pr5,2,,Media Arts,,Producing (Media Arts only),5: Develop and refine artistic techniques and work for presentation,Media artists require a range of skills and abilities to creatively solve problems within and through media arts productions.,What skills are required for creating effective media artworks and how are they improved? How are creativity and innovation developed within and through media arts productions? How do media artists use various tools and techniques?,Practice,"a. Enact roles to demonstrate basic ability in various identified artistic, design, technical, and soft skills, such as tool use and collaboration, in media arts productions.
b. Demonstrate use of experimentation skills, such as playful practice and trial and error, within and through media arts productions.",https://www.cde.ca.gov/be/st/ss/index.asp,,"Standard Identifier: 2.MA:Pr5
Grade: 2
Discipline: Media Arts
Artistic Process: Producing (Media Arts only)Anchor Standard: 5: Develop and refine artistic techniques and work for presentation

Enduring Understanding: Media artists require a range of skills and abilities to creatively solve problems within and through media arts productions.
Essential Question(s): What skills are required for creating effective media artworks and how are they improved? How are creativity and innovation developed within and through media arts productions? How do media artists use various tools and techniques?
Process Component(s): Practice

Performance Standard(s):
a. Enact roles to demonstrate basic ability in various identified artistic, design, technical, and soft skills, such as tool use and collaboration, in media arts productions.
b. Demonstrate use of experimentation skills, such as playful practice and trial and error, within and through media arts productions.
"
CA-VAPA-2019,2.MA:Pr4,2,,Media Arts,,Producing (Media Arts only),"4. Select, analyze, and interpret artistic work for presentation","Media artists integrate various forms and contents to develop complex, unified artworks.",How are complex media arts experiences constructed?,Integrate,"Practice combining varied academic, arts, and media content into unified media artworks, such as a narrated science animation.",https://www.cde.ca.gov/be/st/ss/index.asp,,"Standard Identifier: 2.MA:Pr4
Grade: 2
Discipline: Media Arts
Artistic Process: Producing (Media Arts only)Anchor Standard: 4. Select, analyze, and interpret artistic work for presentation

Enduring Understanding: Media artists integrate various forms and contents to develop complex, unified artworks.
Essential Question(s): How are complex media arts experiences constructed?
Process Component(s): Integrate

Performance Standard(s):
Practice combining varied academic, arts, and media content into unified media artworks, such as a narrated science animation.
"
CA-VAPA-2019,2.MA:Cr2,2,,Media Arts,,Creating,2: Organize and develop artistic ideas and work,"Media artists plan, organize, and develop creative ideas and models into process structures that can effectively realize the artistic idea.",How do media artists organize and develop ideas and models into process structures to achieve the desired end product?,Develop,Choose ideas to create plans and/or models for media arts productions.,https://www.cde.ca.gov/be/st/ss/index.asp,,"Standard Identifier: 2.MA:Cr2
Grade: 2
Discipline: Media Arts
Artistic Process: CreatingAnchor Standard: 2: Organize and develop artistic ideas and work

Enduring Understanding: Media artists plan, organize, and develop creative ideas and models into process structures that can effectively realize the artistic idea.
Essential Question(s): How do media artists organize and develop ideas and models into process structures to achieve the desired end product?
Process Component(s): Develop

Performance Standard(s):
Choose ideas to create plans and/or models for media arts productions.
"
CA-VAPA-2019,2.MA:Cr3,2,,Media Arts,,Creating,3: Refine and complete artistic work,"The forming, integration, and refinement of aesthetic components, principles, and processes creates purpose, meaning, and artistic quality in media artworks.","What is required to produce a media artwork that conveys purpose, meaning, and artistic quality? How do media artists refine their work?",Construct,"a. Construct and assemble content for unified media arts productions, identifying and applying basic aesthetic principles, such as positioning and attention.
b. Test and describe expressive effects in altering, refining, and completing media artworks.",https://www.cde.ca.gov/be/st/ss/index.asp,,"Standard Identifier: 2.MA:Cr3
Grade: 2
Discipline: Media Arts
Artistic Process: CreatingAnchor Standard: 3: Refine and complete artistic work

Enduring Understanding: The forming, integration, and refinement of aesthetic components, principles, and processes creates purpose, meaning, and artistic quality in media artworks.
Essential Question(s): What is required to produce a media artwork that conveys purpose, meaning, and artistic quality? How do media artists refine their work?
Process Component(s): Construct

Performance Standard(s):
a. Construct and assemble content for unified media arts productions, identifying and applying basic aesthetic principles, such as positioning and attention.
b. Test and describe expressive effects in altering, refining, and completing media artworks.
"
CA-VAPA-2019,2.MA:Cr1,2,,Media Arts,,Creating,1: Generate and conceptualize artistic ideas and work,"Media arts ideas, works, and processes are shaped by the imagination, creative processes, and by experiences, both within and outside of the arts.",How do media artists generate ideas? How can ideas for media arts productions be formed and developed to be effective and original?,Conceive,Explore multiple ideas for media artworks through brainstorming and improvising.,https://www.cde.ca.gov/be/st/ss/index.asp,,"Standard Identifier: 2.MA:Cr1
Grade: 2
Discipline: Media Arts
Artistic Process: CreatingAnchor Standard: 1: Generate and conceptualize artistic ideas and work

Enduring Understanding: Media arts ideas, works, and processes are shaped by the imagination, creative processes, and by experiences, both within and outside of the arts.
Essential Question(s): How do media artists generate ideas? How can ideas for media arts productions be formed and developed to be effective and original?
Process Component(s): Conceive

Performance Standard(s):
Explore multiple ideas for media artworks through brainstorming and improvising.
"
CA-VAPA-2019,2.DA:Cn11,2,,Dance,,Connecting,"11: Relate artistic ideas and works with societal, cultural, and historical context to deepen understanding","Dance literacy includes deep knowledge and perspectives about societal, cultural, historical, and community contexts.","How does knowing about societal, cultural, historical and community experiences expand dance literacy?",Relate,Observe a dance and relate the movement to the people or environment in which the dance was created and performed.,https://www.cde.ca.gov/be/st/ss/index.asp,,"Standard Identifier: 2.DA:Cn11
Grade: 2
Discipline: Dance
Artistic Process: ConnectingAnchor Standard: 11: Relate artistic ideas and works with societal, cultural, and historical context to deepen understanding

Enduring Understanding: Dance literacy includes deep knowledge and perspectives about societal, cultural, historical, and community contexts.
Essential Question(s): How does knowing about societal, cultural, historical and community experiences expand dance literacy?
Process Component(s): Relate

Performance Standard(s):
Observe a dance and relate the movement to the people or environment in which the dance was created and performed.
"
CA-VAPA-2019,2.DA:Cn10,2,,Dance,,Connecting,10: Synthesize and relate knowledge and personal experiences to make art,"As dance is experienced, all personal experiences, knowledge, and contexts are integrated and synthesized to interpret meaning.","How does dance deepen our understanding of ourselves, other knowledge, and events around us?",Synthesize,"a. Describe, create, and/or perform a dance that expresses personal meaning and explain how certain movements express this personal meaning.
b. Respond to a dance work using an inquiry-based set of questions. Create movement using ideas from responses and explain how certain movements express a specific idea.",https://www.cde.ca.gov/be/st/ss/index.asp,,"Standard Identifier: 2.DA:Cn10
Grade: 2
Discipline: Dance
Artistic Process: ConnectingAnchor Standard: 10: Synthesize and relate knowledge and personal experiences to make art

Enduring Understanding: As dance is experienced, all personal experiences, knowledge, and contexts are integrated and synthesized to interpret meaning.
Essential Question(s): How does dance deepen our understanding of ourselves, other knowledge, and events around us?
Process Component(s): Synthesize

Performance Standard(s):
a. Describe, create, and/or perform a dance that expresses personal meaning and explain how certain movements express this personal meaning.
b. Respond to a dance work using an inquiry-based set of questions. Create movement using ideas from responses and explain how certain movements express a specific idea.
"
CA-VAPA-2019,2.DA:Re9,2,,Dance,,Responding,9: Apply criteria to evaluate artistic work,"Criteria for evaluating dance vary across genres, styles, and cultures",What criteria are used to evaluate dance?,Critique,Observe or demonstrate dances from a genre or culture. Discuss movements and other aspects of the dances that make the dances work well and explain why they work. Use simple dance terminology.,https://www.cde.ca.gov/be/st/ss/index.asp,,"Standard Identifier: 2.DA:Re9
Grade: 2
Discipline: Dance
Artistic Process: RespondingAnchor Standard: 9: Apply criteria to evaluate artistic work

Enduring Understanding: Criteria for evaluating dance vary across genres, styles, and cultures
Essential Question(s): What criteria are used to evaluate dance?
Process Component(s): Critique

Performance Standard(s):
Observe or demonstrate dances from a genre or culture. Discuss movements and other aspects of the dances that make the dances work well and explain why they work. Use simple dance terminology.
"
CA-VAPA-2019,2.DA:Re8,2,,Dance,,Responding,8: Interpret intent and meaning in artistic work,"Dance is interpreted by considering intent, meaning, and artistic expression as communicated through the use of the body, elements of dance, dance technique, dance structure, and context.",How is dance interpreted?,Interpret,Use context cues from movement to identify meaning and intent in a dance using simple dance terminology.,https://www.cde.ca.gov/be/st/ss/index.asp,,"Standard Identifier: 2.DA:Re8
Grade: 2
Discipline: Dance
Artistic Process: RespondingAnchor Standard: 8: Interpret intent and meaning in artistic work

Enduring Understanding: Dance is interpreted by considering intent, meaning, and artistic expression as communicated through the use of the body, elements of dance, dance technique, dance structure, and context.
Essential Question(s): How is dance interpreted?
Process Component(s): Interpret

Performance Standard(s):
Use context cues from movement to identify meaning and intent in a dance using simple dance terminology.
"
CA-VAPA-2019,2.DA:Re7,2,,Dance,,Responding,7: Perceive and analyze artistic work,Dance is perceived and analyzed to comprehend its meaning.,How is a dance understood?,Analyze,"a. Find movements in a dance that develop a pattern.
b. Demonstrate and describe movements in dances from a variety of genres or cultures.",https://www.cde.ca.gov/be/st/ss/index.asp,,"Standard Identifier: 2.DA:Re7
Grade: 2
Discipline: Dance
Artistic Process: RespondingAnchor Standard: 7: Perceive and analyze artistic work

Enduring Understanding: Dance is perceived and analyzed to comprehend its meaning.
Essential Question(s): How is a dance understood?
Process Component(s): Analyze

Performance Standard(s):
a. Find movements in a dance that develop a pattern.
b. Demonstrate and describe movements in dances from a variety of genres or cultures.
"
CA-VAPA-2019,2.DA:Pr6,2,,Dance,,Performing,6: Convey meaning through the presentation of artistic work,"Dance performance is an interaction between performer, production elements, and audience that heightens and amplifies artistic expression.",How does a dancer heighten artistry in a public performance?,Present,"a. Dance for and with others in a space where audience and performers occupy different areas.
b. Use limited production elements.",https://www.cde.ca.gov/be/st/ss/index.asp,,"Standard Identifier: 2.DA:Pr6
Grade: 2
Discipline: Dance
Artistic Process: PerformingAnchor Standard: 6: Convey meaning through the presentation of artistic work

Enduring Understanding: Dance performance is an interaction between performer, production elements, and audience that heightens and amplifies artistic expression.
Essential Question(s): How does a dancer heighten artistry in a public performance?
Process Component(s): Present

Performance Standard(s):
a. Dance for and with others in a space where audience and performers occupy different areas.
b. Use limited production elements.
"
CA-VAPA-2019,2.DA:Pr5,2,,Dance,,Performing,5: Develop and refine artistic techniques and work for presentation,Dancers use the mind-body connection and develop the body as an instrument for artistry and artistic expression.,What must a dancer do to prepare the mind and body for artistic expression?,Embody,"a. Demonstrate a range of locomotor and non-locomotor movements, body patterning, and dance sequences that require moving through space using a variety of pathways.
b. Move safely in a variety of spatial relationships and formations with other dancers, sharing and maintaining personal space.
c. Repeat movements, with an awareness of self and others in space. Self-adjust and modify movements or placement upon request.",https://www.cde.ca.gov/be/st/ss/index.asp,,"Standard Identifier: 2.DA:Pr5
Grade: 2
Discipline: Dance
Artistic Process: PerformingAnchor Standard: 5: Develop and refine artistic techniques and work for presentation

Enduring Understanding: Dancers use the mind-body connection and develop the body as an instrument for artistry and artistic expression.
Essential Question(s): What must a dancer do to prepare the mind and body for artistic expression?
Process Component(s): Embody

Performance Standard(s):
a. Demonstrate a range of locomotor and non-locomotor movements, body patterning, and dance sequences that require moving through space using a variety of pathways.
b. Move safely in a variety of spatial relationships and formations with other dancers, sharing and maintaining personal space.
c. Repeat movements, with an awareness of self and others in space. Self-adjust and modify movements or placement upon request.
"
CA-VAPA-2019,2.DA:Pr4,2,,Dance,,Performing,"4. Select, analyze, and interpret artistic work for presentation","Space, time, and energy are basic elements of dance.","How do dancers work with space, time and energy to communicate artistic expression?",Express,"a. Demonstrate clear directionality and intent when performing locomotor and non-locomotor movements that change body shapes, facings, and pathways in space. Identify symmetrical and asymmetrical body shapes and examine relationships between body parts.
b. Identify the length of time a movement or phrase takes (e.g., whether it is long or short). Identify and move on the downbeat in duple and triple meter. Correlate metric phrasing with movement phrasing.
c. Select and apply appropriate characteristics to movements (e.g., selecting specific adverbs and adjectives and apply them to movements). Demonstrate kinesthetic awareness while dancing the movement characteristics.",https://www.cde.ca.gov/be/st/ss/index.asp,,"Standard Identifier: 2.DA:Pr4
Grade: 2
Discipline: Dance
Artistic Process: PerformingAnchor Standard: 4. Select, analyze, and interpret artistic work for presentation

Enduring Understanding: Space, time, and energy are basic elements of dance.
Essential Question(s): How do dancers work with space, time and energy to communicate artistic expression?
Process Component(s): Express

Performance Standard(s):
a. Demonstrate clear directionality and intent when performing locomotor and non-locomotor movements that change body shapes, facings, and pathways in space. Identify symmetrical and asymmetrical body shapes and examine relationships between body parts.
b. Identify the length of time a movement or phrase takes (e.g., whether it is long or short). Identify and move on the downbeat in duple and triple meter. Correlate metric phrasing with movement phrasing.
c. Select and apply appropriate characteristics to movements (e.g., selecting specific adverbs and adjectives and apply them to movements). Demonstrate kinesthetic awareness while dancing the movement characteristics.
"
CA-VAPA-2019,2.DA:Cr3,2,,Dance,,Creating,3: Refine and complete artistic work,"Choreographers analyze, evaluate, refine, and document their work to communicate meaning","How do choreographers use self-reflection, feedback from others, and documentation to improve the quality of their work?",Revise,Explore suggestions and make choices to change movement from guided improvisation and/or short remembered sequences.,https://www.cde.ca.gov/be/st/ss/index.asp,,"Standard Identifier: 2.DA:Cr3
Grade: 2
Discipline: Dance
Artistic Process: CreatingAnchor Standard: 3: Refine and complete artistic work

Enduring Understanding: Choreographers analyze, evaluate, refine, and document their work to communicate meaning
Essential Question(s): How do choreographers use self-reflection, feedback from others, and documentation to improve the quality of their work?
Process Component(s): Revise

Performance Standard(s):
Explore suggestions and make choices to change movement from guided improvisation and/or short remembered sequences.
"
CA-VAPA-2019,2.DA:Cr2,2,,Dance,,Creating,2: Organize and develop artistic ideas and work,"The elements of dance, dance structures, and choreographic devices serve as both a foundation and a departure point for choreographers.",What influences choice-making in creating choreography?,Plan,"a. Improvise a dance phrase with a beginning, a middle that has a main idea, and a clear end.
b. Choose movements that express a main idea or emotion, or follow a musical phrase. Explain reasons for movement choices.",https://www.cde.ca.gov/be/st/ss/index.asp,,"Standard Identifier: 2.DA:Cr2
Grade: 2
Discipline: Dance
Artistic Process: CreatingAnchor Standard: 2: Organize and develop artistic ideas and work

Enduring Understanding: The elements of dance, dance structures, and choreographic devices serve as both a foundation and a departure point for choreographers.
Essential Question(s): What influences choice-making in creating choreography?
Process Component(s): Plan

Performance Standard(s):
a. Improvise a dance phrase with a beginning, a middle that has a main idea, and a clear end.
b. Choose movements that express a main idea or emotion, or follow a musical phrase. Explain reasons for movement choices.
"
CA-VAPA-2019,2.DA.Cr1,2,,Dance,,Creating,1: Generate and conceptualize artistic ideas and work,Choreographers use a variety of sources as inspiration and transform concepts and ideas into movement for artistic expression.,Where do choreographers get ideas for dances?,Explore,"a. Explore movement inspired by a variety of stimuli (e.g., music/sound, text, objects, images, symbols, observed dance, experiences) and suggest additional sources for movement ideas.
b. Combine a variety of movements while manipulating the elements of dance.",https://www.cde.ca.gov/be/st/ss/index.asp,,"Standard Identifier: 2.DA.Cr1
Grade: 2
Discipline: Dance
Artistic Process: CreatingAnchor Standard: 1: Generate and conceptualize artistic ideas and work

Enduring Understanding: Choreographers use a variety of sources as inspiration and transform concepts and ideas into movement for artistic expression.
Essential Question(s): Where do choreographers get ideas for dances?
Process Component(s): Explore

Performance Standard(s):
a. Explore movement inspired by a variety of stimuli (e.g., music/sound, text, objects, images, symbols, observed dance, experiences) and suggest additional sources for movement ideas.
b. Combine a variety of movements while manipulating the elements of dance.
"
CA-VAPA-2019,3.DA.Cr1,3,,Dance,,Creating,1: Generate and conceptualize artistic ideas and work,Choreographers use a variety of sources as inspiration and transform concepts and ideas into movement for artistic expression.,Where do choreographers get ideas for dances?,Explore,"a. Experiment with a variety of self-identified stimuli (e.g., music/sound, text, objects, images, notation, observed dance, experiences) for movement.
b. Explore a given movement problem. Select and demonstrate a solution.",https://www.cde.ca.gov/be/st/ss/index.asp,,"Standard Identifier: 3.DA.Cr1
Grade: 3
Discipline: Dance
Artistic Process: CreatingAnchor Standard: 1: Generate and conceptualize artistic ideas and work

Enduring Understanding: Choreographers use a variety of sources as inspiration and transform concepts and ideas into movement for artistic expression.
Essential Question(s): Where do choreographers get ideas for dances?
Process Component(s): Explore

Performance Standard(s):
a. Experiment with a variety of self-identified stimuli (e.g., music/sound, text, objects, images, notation, observed dance, experiences) for movement.
b. Explore a given movement problem. Select and demonstrate a solution.
"
CA-VAPA-2019,3.DA:Cr2,3,,Dance,,Creating,2: Organize and develop artistic ideas and work,"The elements of dance, dance structures, and choreographic devices serve as both a foundation and a departure point for choreographers.",What influences choice-making in creating choreography?,Plan,"a. Identify and experiment with choreographic devices to create simple movement patterns and dance structures.
b. Develop a dance phrase that expresses and communicates an idea or feeling. Discuss the effect of the movement choices.",https://www.cde.ca.gov/be/st/ss/index.asp,,"Standard Identifier: 3.DA:Cr2
Grade: 3
Discipline: Dance
Artistic Process: CreatingAnchor Standard: 2: Organize and develop artistic ideas and work

Enduring Understanding: The elements of dance, dance structures, and choreographic devices serve as both a foundation and a departure point for choreographers.
Essential Question(s): What influences choice-making in creating choreography?
Process Component(s): Plan

Performance Standard(s):
a. Identify and experiment with choreographic devices to create simple movement patterns and dance structures.
b. Develop a dance phrase that expresses and communicates an idea or feeling. Discuss the effect of the movement choices.
"
CA-VAPA-2019,3.DA:Cr3,3,,Dance,,Creating,3: Refine and complete artistic work,"Choreographers analyze, evaluate, refine, and document their work to communicate meaning","How do choreographers use self-reflection, feedback from others, and documentation to improve the quality of their work?",Revise,Revise movement choices in response to feedback to improve a short dance study. Describe and document the differences the changes made in the movements.,https://www.cde.ca.gov/be/st/ss/index.asp,,"Standard Identifier: 3.DA:Cr3
Grade: 3
Discipline: Dance
Artistic Process: CreatingAnchor Standard: 3: Refine and complete artistic work

Enduring Understanding: Choreographers analyze, evaluate, refine, and document their work to communicate meaning
Essential Question(s): How do choreographers use self-reflection, feedback from others, and documentation to improve the quality of their work?
Process Component(s): Revise

Performance Standard(s):
Revise movement choices in response to feedback to improve a short dance study. Describe and document the differences the changes made in the movements.
"
CA-VAPA-2019,3.DA:Pr4,3,,Dance,,Performing,"4. Select, analyze, and interpret artistic work for presentation","Space, time, and energy are basic elements of dance.","How do dancers work with space, time and energy to communicate artistic expression?",Express,"a. Judge spaces as distance traveled and use space three dimensionally Demonstrate shapes with positive and negative space. Perform movement sequences in and through space with intentionality and focus.
b. Fulfill specified duration of time with improvised locomotor and non-locomotor movements. Differentiate between “in time” and “out of time” to music. Perform movements that are the same or of a different time orientation to accompaniment. Use metric and kinesthetic phrasing.
c. Change use of energy and dynamics by modifying movements and applying specific characteristics to heighten the effect of their intent.",https://www.cde.ca.gov/be/st/ss/index.asp,,"Standard Identifier: 3.DA:Pr4
Grade: 3
Discipline: Dance
Artistic Process: PerformingAnchor Standard: 4. Select, analyze, and interpret artistic work for presentation

Enduring Understanding: Space, time, and energy are basic elements of dance.
Essential Question(s): How do dancers work with space, time and energy to communicate artistic expression?
Process Component(s): Express

Performance Standard(s):
a. Judge spaces as distance traveled and use space three dimensionally Demonstrate shapes with positive and negative space. Perform movement sequences in and through space with intentionality and focus.
b. Fulfill specified duration of time with improvised locomotor and non-locomotor movements. Differentiate between “in time” and “out of time” to music. Perform movements that are the same or of a different time orientation to accompaniment. Use metric and kinesthetic phrasing.
c. Change use of energy and dynamics by modifying movements and applying specific characteristics to heighten the effect of their intent.
"
CA-VAPA-2019,3.DA:Pr5,3,,Dance,,Performing,5: Develop and refine artistic techniques and work for presentation,Dancers use the mind-body connection and develop the body as an instrument for artistry and artistic expression.,What must a dancer do to prepare the mind and body for artistic expression?,Embody,"a. Replicate body shapes, movement characteristics, and movement patterns in a dance sequence with awareness of body alignment and core support.
b. Adjust body-use to coordinate with a partner or other dancers to safely change levels, directions, and pathway designs.
c. Recall movement sequences with a partner or in group dance activities. Apply constructive feedback from teacher and self-check to improve dance skills.",https://www.cde.ca.gov/be/st/ss/index.asp,,"Standard Identifier: 3.DA:Pr5
Grade: 3
Discipline: Dance
Artistic Process: PerformingAnchor Standard: 5: Develop and refine artistic techniques and work for presentation

Enduring Understanding: Dancers use the mind-body connection and develop the body as an instrument for artistry and artistic expression.
Essential Question(s): What must a dancer do to prepare the mind and body for artistic expression?
Process Component(s): Embody

Performance Standard(s):
a. Replicate body shapes, movement characteristics, and movement patterns in a dance sequence with awareness of body alignment and core support.
b. Adjust body-use to coordinate with a partner or other dancers to safely change levels, directions, and pathway designs.
c. Recall movement sequences with a partner or in group dance activities. Apply constructive feedback from teacher and self-check to improve dance skills.
"
CA-VAPA-2019,3.DA:Pr6,3,,Dance,,Performing,6: Convey meaning through the presentation of artistic work,"Dance performance is an interaction between performer, production elements, and audience that heightens and amplifies artistic expression.",How does a dancer heighten artistry in a public performance?,Present,"a. Identify the main areas of a performance space using production terminology (e.g., stage right, stage left, center stage, upstage, and downstage).
b. Explore production elements for a dance performed for an audience in a designated specific performance space.",https://www.cde.ca.gov/be/st/ss/index.asp,,"Standard Identifier: 3.DA:Pr6
Grade: 3
Discipline: Dance
Artistic Process: PerformingAnchor Standard: 6: Convey meaning through the presentation of artistic work

Enduring Understanding: Dance performance is an interaction between performer, production elements, and audience that heightens and amplifies artistic expression.
Essential Question(s): How does a dancer heighten artistry in a public performance?
Process Component(s): Present

Performance Standard(s):
a. Identify the main areas of a performance space using production terminology (e.g., stage right, stage left, center stage, upstage, and downstage).
b. Explore production elements for a dance performed for an audience in a designated specific performance space.
"
CA-VAPA-2019,3.DA:Re7,3,,Dance,,Responding,7: Perceive and analyze artistic work,Dance is perceived and analyzed to comprehend its meaning.,How is a dance understood?,Analyze,"a. Find a movement pattern that creates a movement phrase in a dance work.
b. Demonstrate and explain how one dance genre is similar to and different from another, or how one cultural movement practice is similar to and different from another.",https://www.cde.ca.gov/be/st/ss/index.asp,,"Standard Identifier: 3.DA:Re7
Grade: 3
Discipline: Dance
Artistic Process: RespondingAnchor Standard: 7: Perceive and analyze artistic work

Enduring Understanding: Dance is perceived and analyzed to comprehend its meaning.
Essential Question(s): How is a dance understood?
Process Component(s): Analyze

Performance Standard(s):
a. Find a movement pattern that creates a movement phrase in a dance work.
b. Demonstrate and explain how one dance genre is similar to and different from another, or how one cultural movement practice is similar to and different from another.
"
CA-VAPA-2019,3.DA:Re8,3,,Dance,,Responding,8: Interpret intent and meaning in artistic work,"Dance is interpreted by considering intent, meaning, and artistic expression as communicated through the use of the body, elements of dance, dance technique, dance structure, and context.",How is dance interpreted?,Interpret,Select specific context cues from movement. Explain how they relate to the main idea of the dance using basic dance terminology.,https://www.cde.ca.gov/be/st/ss/index.asp,,"Standard Identifier: 3.DA:Re8
Grade: 3
Discipline: Dance
Artistic Process: RespondingAnchor Standard: 8: Interpret intent and meaning in artistic work

Enduring Understanding: Dance is interpreted by considering intent, meaning, and artistic expression as communicated through the use of the body, elements of dance, dance technique, dance structure, and context.
Essential Question(s): How is dance interpreted?
Process Component(s): Interpret

Performance Standard(s):
Select specific context cues from movement. Explain how they relate to the main idea of the dance using basic dance terminology.
"
CA-VAPA-2019,3.DA:Re9,3,,Dance,,Responding,9: Apply criteria to evaluate artistic work,"Criteria for evaluating dance vary across genres, styles, and cultures",What criteria are used to evaluate dance?,Critique,"Select dance movements from specific genres, styles, or cultures. Identify characteristic movements from these dances and describe in basic dance terminology ways in which they are similar and different.",https://www.cde.ca.gov/be/st/ss/index.asp,,"Standard Identifier: 3.DA:Re9
Grade: 3
Discipline: Dance
Artistic Process: RespondingAnchor Standard: 9: Apply criteria to evaluate artistic work

Enduring Understanding: Criteria for evaluating dance vary across genres, styles, and cultures
Essential Question(s): What criteria are used to evaluate dance?
Process Component(s): Critique

Performance Standard(s):
Select dance movements from specific genres, styles, or cultures. Identify characteristic movements from these dances and describe in basic dance terminology ways in which they are similar and different.
"
CA-VAPA-2019,3.DA:Cn10,3,,Dance,,Connecting,10: Synthesize and relate knowledge and personal experiences to make art,"As dance is experienced, all personal experiences, knowledge, and contexts are integrated and synthesized to interpret meaning.","How does dance deepen our understanding of ourselves, other knowledge, and events around us?",Synthesize,"a. Compare the relationships expressed in a dance to relationships with others. Explain how they are the same or different.
b. Ask and research a question about a key aspect of a dance that communicates a perspective about an issue or event. Explore the key aspect through movement. Share movements and describe how the movements help to remember or discover new qualities in these key aspects.",https://www.cde.ca.gov/be/st/ss/index.asp,,"Standard Identifier: 3.DA:Cn10
Grade: 3
Discipline: Dance
Artistic Process: ConnectingAnchor Standard: 10: Synthesize and relate knowledge and personal experiences to make art

Enduring Understanding: As dance is experienced, all personal experiences, knowledge, and contexts are integrated and synthesized to interpret meaning.
Essential Question(s): How does dance deepen our understanding of ourselves, other knowledge, and events around us?
Process Component(s): Synthesize

Performance Standard(s):
a. Compare the relationships expressed in a dance to relationships with others. Explain how they are the same or different.
b. Ask and research a question about a key aspect of a dance that communicates a perspective about an issue or event. Explore the key aspect through movement. Share movements and describe how the movements help to remember or discover new qualities in these key aspects.
"
CA-VAPA-2019,3.DA:Cn11,3,,Dance,,Connecting,"11: Relate artistic ideas and works with societal, cultural, and historical context to deepen understanding","Dance literacy includes deep knowledge and perspectives about societal, cultural, historical, and community contexts.","How does knowing about societal, cultural, historical and community experiences expand dance literacy?",Relate,"Find a relationship between movement in a dance from a culture, society, or community and the culture from which the dance is derived. Explain what the movements communicate about key aspects of the culture, society, or community.",https://www.cde.ca.gov/be/st/ss/index.asp,,"Standard Identifier: 3.DA:Cn11
Grade: 3
Discipline: Dance
Artistic Process: ConnectingAnchor Standard: 11: Relate artistic ideas and works with societal, cultural, and historical context to deepen understanding

Enduring Understanding: Dance literacy includes deep knowledge and perspectives about societal, cultural, historical, and community contexts.
Essential Question(s): How does knowing about societal, cultural, historical and community experiences expand dance literacy?
Process Component(s): Relate

Performance Standard(s):
Find a relationship between movement in a dance from a culture, society, or community and the culture from which the dance is derived. Explain what the movements communicate about key aspects of the culture, society, or community.
"
CA-VAPA-2019,3.MA:Cr1,3,,Media Arts,,Creating,1: Generate and conceptualize artistic ideas and work,"Media arts ideas, works, and processes are shaped by the imagination, creative processes, and by experiences, both within and outside of the arts.",How do media artists generate ideas? How can ideas for media arts productions be formed and developed to be effective and original?,Conceive,"Develop multiple ideas for media artworks using a variety of tools, methods and/or materials.",https://www.cde.ca.gov/be/st/ss/index.asp,,"Standard Identifier: 3.MA:Cr1
Grade: 3
Discipline: Media Arts
Artistic Process: CreatingAnchor Standard: 1: Generate and conceptualize artistic ideas and work

Enduring Understanding: Media arts ideas, works, and processes are shaped by the imagination, creative processes, and by experiences, both within and outside of the arts.
Essential Question(s): How do media artists generate ideas? How can ideas for media arts productions be formed and developed to be effective and original?
Process Component(s): Conceive

Performance Standard(s):
Develop multiple ideas for media artworks using a variety of tools, methods and/or materials.
"
CA-VAPA-2019,3.MA:Cr3,3,,Media Arts,,Creating,3: Refine and complete artistic work,"The forming, integration, and refinement of aesthetic components, principles, and processes creates purpose, meaning, and artistic quality in media artworks.","What is required to produce a media artwork that conveys purpose, meaning, and artistic quality? How do media artists refine their work?",Construct,"a. Construct and order various content into unified, purposeful media arts productions, describing and applying a defined set of aesthetic principles, such as movement and force.
b. Practice and analyze how the emphasis of elements alters effect and purpose in refining and completing media artworks.",https://www.cde.ca.gov/be/st/ss/index.asp,,"Standard Identifier: 3.MA:Cr3
Grade: 3
Discipline: Media Arts
Artistic Process: CreatingAnchor Standard: 3: Refine and complete artistic work

Enduring Understanding: The forming, integration, and refinement of aesthetic components, principles, and processes creates purpose, meaning, and artistic quality in media artworks.
Essential Question(s): What is required to produce a media artwork that conveys purpose, meaning, and artistic quality? How do media artists refine their work?
Process Component(s): Construct

Performance Standard(s):
a. Construct and order various content into unified, purposeful media arts productions, describing and applying a defined set of aesthetic principles, such as movement and force.
b. Practice and analyze how the emphasis of elements alters effect and purpose in refining and completing media artworks.
"
CA-VAPA-2019,3.MA:Cr2,3,,Media Arts,,Creating,2: Organize and develop artistic ideas and work,"Media artists plan, organize, and develop creative ideas and models into process structures that can effectively realize the artistic idea.",How do media artists organize and develop ideas and models into process structures to achieve the desired end product?,Develop,"Form, share, and test ideas, plans, and/or models to prepare for media arts productions.",https://www.cde.ca.gov/be/st/ss/index.asp,,"Standard Identifier: 3.MA:Cr2
Grade: 3
Discipline: Media Arts
Artistic Process: CreatingAnchor Standard: 2: Organize and develop artistic ideas and work

Enduring Understanding: Media artists plan, organize, and develop creative ideas and models into process structures that can effectively realize the artistic idea.
Essential Question(s): How do media artists organize and develop ideas and models into process structures to achieve the desired end product?
Process Component(s): Develop

Performance Standard(s):
Form, share, and test ideas, plans, and/or models to prepare for media arts productions.
"
CA-VAPA-2019,3.MA:Pr4,3,,Media Arts,,Producing (Media Arts only),"4. Select, analyze, and interpret artistic work for presentation","Media artists integrate various forms and contents to develop complex, unified artworks.",How are complex media arts experiences constructed?,Integrate,"Practice combining varied academic, arts, and media forms and content, such as animation, music, and dance, into unified media artworks.",https://www.cde.ca.gov/be/st/ss/index.asp,,"Standard Identifier: 3.MA:Pr4
Grade: 3
Discipline: Media Arts
Artistic Process: Producing (Media Arts only)Anchor Standard: 4. Select, analyze, and interpret artistic work for presentation

Enduring Understanding: Media artists integrate various forms and contents to develop complex, unified artworks.
Essential Question(s): How are complex media arts experiences constructed?
Process Component(s): Integrate

Performance Standard(s):
Practice combining varied academic, arts, and media forms and content, such as animation, music, and dance, into unified media artworks.
"
CA-VAPA-2019,3.MA:Pr5,3,,Media Arts,,Producing (Media Arts only),5: Develop and refine artistic techniques and work for presentation,Media artists require a range of skills and abilities to creatively solve problems within and through media arts productions.,What skills are required for creating effective media artworks and how are they improved? How are creativity and innovation developed within and through media arts productions? How do media artists use various tools and techniques?,Practice,"a. Exhibit developing ability in a variety of artistic, design, technical, and organizational roles, such as making compositional decisions, manipulating tools, and group planning, in media arts productions.
b. Exhibit basic creative skills, such as standard use of tools, to invent new content and solutions within and through media arts productions.",https://www.cde.ca.gov/be/st/ss/index.asp,,"Standard Identifier: 3.MA:Pr5
Grade: 3
Discipline: Media Arts
Artistic Process: Producing (Media Arts only)Anchor Standard: 5: Develop and refine artistic techniques and work for presentation

Enduring Understanding: Media artists require a range of skills and abilities to creatively solve problems within and through media arts productions.
Essential Question(s): What skills are required for creating effective media artworks and how are they improved? How are creativity and innovation developed within and through media arts productions? How do media artists use various tools and techniques?
Process Component(s): Practice

Performance Standard(s):
a. Exhibit developing ability in a variety of artistic, design, technical, and organizational roles, such as making compositional decisions, manipulating tools, and group planning, in media arts productions.
b. Exhibit basic creative skills, such as standard use of tools, to invent new content and solutions within and through media arts productions.
"
CA-VAPA-2019,3.MA:Pr6,3,,Media Arts,,Producing (Media Arts only),6: Convey meaning through the presentation of artistic work,"Media artists purposefully present, share, and distribute media artworks for various contexts.","How does time, place, audience, and context affect presenting or performing choices for media artworks?",Present,"Identify and describe the presentation conditions, audience, and results of presenting media artworks.",https://www.cde.ca.gov/be/st/ss/index.asp,,"Standard Identifier: 3.MA:Pr6
Grade: 3
Discipline: Media Arts
Artistic Process: Producing (Media Arts only)Anchor Standard: 6: Convey meaning through the presentation of artistic work

Enduring Understanding: Media artists purposefully present, share, and distribute media artworks for various contexts.
Essential Question(s): How does time, place, audience, and context affect presenting or performing choices for media artworks?
Process Component(s): Present

Performance Standard(s):
Identify and describe the presentation conditions, audience, and results of presenting media artworks.
"
CA-VAPA-2019,3.MA:Re7,3,,Media Arts,,Responding,7: Perceive and analyze artistic work,Identifying the qualities and characteristics of media artworks improves one's artistic appreciation and production.,How do we 'read' media artworks and discern their relational components? How do media artworks function to convey meaning and manage audience experience?,Perceive,"a. Identify and describe how messages are created by components in media artworks.
b. Identify and describe how various forms, methods, and styles in media artworks manage audience experience.",https://www.cde.ca.gov/be/st/ss/index.asp,,"Standard Identifier: 3.MA:Re7
Grade: 3
Discipline: Media Arts
Artistic Process: RespondingAnchor Standard: 7: Perceive and analyze artistic work

Enduring Understanding: Identifying the qualities and characteristics of media artworks improves one's artistic appreciation and production.
Essential Question(s): How do we 'read' media artworks and discern their relational components? How do media artworks function to convey meaning and manage audience experience?
Process Component(s): Perceive

Performance Standard(s):
a. Identify and describe how messages are created by components in media artworks.
b. Identify and describe how various forms, methods, and styles in media artworks manage audience experience.
"
CA-VAPA-2019,3.MA:Re8,3,,Media Arts,,Responding,8: Interpret intent and meaning in artistic work,"Interpretation and appreciation require consideration of the intent, form, and context of the media and artwork.",How do people relate to and interpret media artworks?,Interpret,Determine the purposes and meanings of media artworks while describing their context.,https://www.cde.ca.gov/be/st/ss/index.asp,,"Standard Identifier: 3.MA:Re8
Grade: 3
Discipline: Media Arts
Artistic Process: RespondingAnchor Standard: 8: Interpret intent and meaning in artistic work

Enduring Understanding: Interpretation and appreciation require consideration of the intent, form, and context of the media and artwork.
Essential Question(s): How do people relate to and interpret media artworks?
Process Component(s): Interpret

Performance Standard(s):
Determine the purposes and meanings of media artworks while describing their context.
"
CA-VAPA-2019,3.MA:Re9,3,,Media Arts,,Responding,9: Apply criteria to evaluate artistic work,"Skillful evaluation and critique are critical components of experiencing, appreciating, and producing media artworks.",How and why do media artists value and judge media artworks? When and how should we evaluate and critique media artworks to improve them?,Evaluate,"Identify basic criteria for and evaluate media artworks and production processes, considering possible improvements and their context.",https://www.cde.ca.gov/be/st/ss/index.asp,,"Standard Identifier: 3.MA:Re9
Grade: 3
Discipline: Media Arts
Artistic Process: RespondingAnchor Standard: 9: Apply criteria to evaluate artistic work

Enduring Understanding: Skillful evaluation and critique are critical components of experiencing, appreciating, and producing media artworks.
Essential Question(s): How and why do media artists value and judge media artworks? When and how should we evaluate and critique media artworks to improve them?
Process Component(s): Evaluate

Performance Standard(s):
Identify basic criteria for and evaluate media artworks and production processes, considering possible improvements and their context.
"
CA-VAPA-2019,3.MA:Cn10,3,,Media Arts,,Connecting,10: Synthesize and relate knowledge and personal experiences to make art,: Media artworks synthesize meaning and form cultural experience.,How do we relate knowledge and experiences to understanding and making media artworks? How do we learn about and create meaning through producing media artworks?,Synthesize,"a. Use personal and external resources, such as interests, information, and models, to create media artworks.
b. Identify and show how media artworks form meanings, situations, and/or culture, such as popular media.",https://www.cde.ca.gov/be/st/ss/index.asp,,"Standard Identifier: 3.MA:Cn10
Grade: 3
Discipline: Media Arts
Artistic Process: ConnectingAnchor Standard: 10: Synthesize and relate knowledge and personal experiences to make art

Enduring Understanding: : Media artworks synthesize meaning and form cultural experience.
Essential Question(s): How do we relate knowledge and experiences to understanding and making media artworks? How do we learn about and create meaning through producing media artworks?
Process Component(s): Synthesize

Performance Standard(s):
a. Use personal and external resources, such as interests, information, and models, to create media artworks.
b. Identify and show how media artworks form meanings, situations, and/or culture, such as popular media.
"
CA-VAPA-2019,3.MA:Cn11,3,,Media Arts,,Connecting,"11: Relate artistic ideas and works with societal, cultural, and historical context to deepen understanding","Media artworks and ideas are better understood and produced by relating them to their purposes, values, and various contexts.","How does media arts relate to its various contexts, purposes, and values? How does investigating these relationships inform and deepen the media artist's understanding and work?",Relate,"a. Identify how media artworks and ideas relate to everyday life and culture and can influence values and online behavior.
b. Examine and interact appropriately with media arts tools and environments, considering safety, rules, and fairness.",https://www.cde.ca.gov/be/st/ss/index.asp,,"Standard Identifier: 3.MA:Cn11
Grade: 3
Discipline: Media Arts
Artistic Process: ConnectingAnchor Standard: 11: Relate artistic ideas and works with societal, cultural, and historical context to deepen understanding

Enduring Understanding: Media artworks and ideas are better understood and produced by relating them to their purposes, values, and various contexts.
Essential Question(s): How does media arts relate to its various contexts, purposes, and values? How does investigating these relationships inform and deepen the media artist's understanding and work?
Process Component(s): Relate

Performance Standard(s):
a. Identify how media artworks and ideas relate to everyday life and culture and can influence values and online behavior.
b. Examine and interact appropriately with media arts tools and environments, considering safety, rules, and fairness.
"
CA-VAPA-2019,3.MU:Cr1,3,,Music,TK-8,Creating,1: Generate and conceptualize artistic ideas and work,"The creative ideas, concepts, and feelings that influence musicians’ work emerge from a variety of sources.",How do musicians generate creative ideas?,Imagine,"a. Improvise rhythmic and melodic ideas and describe connection to specific purpose and context (such as personal and social).
b. Generate musical ideas (such as rhythms and melodies) within a given tonality and/or meter.",https://www.cde.ca.gov/be/st/ss/index.asp,,"Standard Identifier: 3.MU:Cr1
Grade: 3
Discipline: MusicSubdiscipline: TK-8
Artistic Process: CreatingAnchor Standard: 1: Generate and conceptualize artistic ideas and work

Enduring Understanding: The creative ideas, concepts, and feelings that influence musicians’ work emerge from a variety of sources.
Essential Question(s): How do musicians generate creative ideas?
Process Component(s): Imagine

Performance Standard(s):
a. Improvise rhythmic and melodic ideas and describe connection to specific purpose and context (such as personal and social).
b. Generate musical ideas (such as rhythms and melodies) within a given tonality and/or meter.
"
CA-VAPA-2019,3.MU:Cr2,3,,Music,TK-8,Creating,2: Organize and develop artistic ideas and work,"Musicians’ creative choices are influenced by their expertise, context, and expressive intent",How do musicians make creative decisions?,Plan & Make,"a. Demonstrate selected musical ideas for a simple improvisation or composition to express intent and describe connection to a specific purpose and context.
b. Use standard and/or iconic notation and/or recording technology to document personal rhythmic and melodic musical ideas.",https://www.cde.ca.gov/be/st/ss/index.asp,,"Standard Identifier: 3.MU:Cr2
Grade: 3
Discipline: MusicSubdiscipline: TK-8
Artistic Process: CreatingAnchor Standard: 2: Organize and develop artistic ideas and work

Enduring Understanding: Musicians’ creative choices are influenced by their expertise, context, and expressive intent
Essential Question(s): How do musicians make creative decisions?
Process Component(s): Plan & Make

Performance Standard(s):
a. Demonstrate selected musical ideas for a simple improvisation or composition to express intent and describe connection to a specific purpose and context.
b. Use standard and/or iconic notation and/or recording technology to document personal rhythmic and melodic musical ideas.
"
CA-VAPA-2019,3.MU:Cr3.1,3,,Music,TK-8,Creating,3: Refine and complete artistic work,"3.1 Musicians evaluate, and refine their work through openness to new ideas, persistence, and the application of appropriate criteria.",How do musicians improve the quality of their creative work?,Evaluate and Refine,"Evaluate, refine, and document revisions to personal musical ideas, applying teacher-provided and collaboratively developed criteria and feedback.",https://www.cde.ca.gov/be/st/ss/index.asp,,"Standard Identifier: 3.MU:Cr3.1
Grade: 3
Discipline: MusicSubdiscipline: TK-8
Artistic Process: CreatingAnchor Standard: 3: Refine and complete artistic work

Enduring Understanding: 3.1 Musicians evaluate, and refine their work through openness to new ideas, persistence, and the application of appropriate criteria.
Essential Question(s): How do musicians improve the quality of their creative work?
Process Component(s): Evaluate and Refine

Performance Standard(s):
Evaluate, refine, and document revisions to personal musical ideas, applying teacher-provided and collaboratively developed criteria and feedback.
"
CA-VAPA-2019,3.MU:Cr3.2,3,,Music,TK-8,Creating,3: Refine and complete artistic work,3.2 Musicians’ presentation of creative work is the culmination of a process of creation and communication.,When is creative work ready to share?,Present,Present the final version of personal created music to others and describe connection to expressive intent.,https://www.cde.ca.gov/be/st/ss/index.asp,,"Standard Identifier: 3.MU:Cr3.2
Grade: 3
Discipline: MusicSubdiscipline: TK-8
Artistic Process: CreatingAnchor Standard: 3: Refine and complete artistic work

Enduring Understanding: 3.2 Musicians’ presentation of creative work is the culmination of a process of creation and communication.
Essential Question(s): When is creative work ready to share?
Process Component(s): Present

Performance Standard(s):
Present the final version of personal created music to others and describe connection to expressive intent.
"
CA-VAPA-2019,3.MU:Pr4.1,3,,Music,TK-8,Performing,"4. Select, analyze, and interpret artistic work for presentation","4.1 Performers’ interest in and knowledge of musical works, understanding of their own technical skill, and the context for a performance influence the selection of repertoire.",How do performers select repertoire?,Select,"Demonstrate and explain how the selection of music to perform is influenced by personal interest, knowledge, purpose, and context.",https://www.cde.ca.gov/be/st/ss/index.asp,,"Standard Identifier: 3.MU:Pr4.1
Grade: 3
Discipline: MusicSubdiscipline: TK-8
Artistic Process: PerformingAnchor Standard: 4. Select, analyze, and interpret artistic work for presentation

Enduring Understanding: 4.1 Performers’ interest in and knowledge of musical works, understanding of their own technical skill, and the context for a performance influence the selection of repertoire.
Essential Question(s): How do performers select repertoire?
Process Component(s): Select

Performance Standard(s):
Demonstrate and explain how the selection of music to perform is influenced by personal interest, knowledge, purpose, and context.
"
CA-VAPA-2019,3.MU:Pr4.2,3,,Music,TK-8,Performing,"4. Select, analyze, and interpret artistic work for presentation",4.2 Analyzing creators’ context and how they manipulate elements of music provides insight into their intent and informs performance.,How does understanding the structure and context of musical works inform performance?,Analyze,"a. Demonstrate understanding of the structure in music selected from a variety of cultures for performance.
b. When analyzing selected music, read and perform rhythmic patterns and melodic phrases using iconic and standard notation.
c. Describe how context (such as personal and social) can inform a performance.",https://www.cde.ca.gov/be/st/ss/index.asp,,"Standard Identifier: 3.MU:Pr4.2
Grade: 3
Discipline: MusicSubdiscipline: TK-8
Artistic Process: PerformingAnchor Standard: 4. Select, analyze, and interpret artistic work for presentation

Enduring Understanding: 4.2 Analyzing creators’ context and how they manipulate elements of music provides insight into their intent and informs performance.
Essential Question(s): How does understanding the structure and context of musical works inform performance?
Process Component(s): Analyze

Performance Standard(s):
a. Demonstrate understanding of the structure in music selected from a variety of cultures for performance.
b. When analyzing selected music, read and perform rhythmic patterns and melodic phrases using iconic and standard notation.
c. Describe how context (such as personal and social) can inform a performance.
"
CA-VAPA-2019,3.MU:Pr4.3,3,,Music,TK-8,Performing,"4. Select, analyze, and interpret artistic work for presentation",4.3 Performers make interpretive decisions based on their understanding of context and expressive intent.,How do performers interpret musical works?,Interpret,"Demonstrate and describe how intent is conveyed through expressive qualities (such as voice quality, dynamics and tempo).",https://www.cde.ca.gov/be/st/ss/index.asp,,"Standard Identifier: 3.MU:Pr4.3
Grade: 3
Discipline: MusicSubdiscipline: TK-8
Artistic Process: PerformingAnchor Standard: 4. Select, analyze, and interpret artistic work for presentation

Enduring Understanding: 4.3 Performers make interpretive decisions based on their understanding of context and expressive intent.
Essential Question(s): How do performers interpret musical works?
Process Component(s): Interpret

Performance Standard(s):
Demonstrate and describe how intent is conveyed through expressive qualities (such as voice quality, dynamics and tempo).
"
CA-VAPA-2019,3.MU:Pr5,3,,Music,TK-8,Performing,5: Develop and refine artistic techniques and work for presentation,"To express their musical ideas, musicians analyze, evaluate, and refine their performance over time through openness to new ideas, persistence, and the application of appropriate criteria.",How do musicians improve the quality of their performance?,"Rehearse, Evaluate, and Refine","a. Apply teacher provided and collaboratively developed criteria and feedback to evaluate accuracy of ensemble performances.
b. Rehearse to refine technical accuracy, expressive qualities, and identified performance challenges.",https://www.cde.ca.gov/be/st/ss/index.asp,,"Standard Identifier: 3.MU:Pr5
Grade: 3
Discipline: MusicSubdiscipline: TK-8
Artistic Process: PerformingAnchor Standard: 5: Develop and refine artistic techniques and work for presentation

Enduring Understanding: To express their musical ideas, musicians analyze, evaluate, and refine their performance over time through openness to new ideas, persistence, and the application of appropriate criteria.
Essential Question(s): How do musicians improve the quality of their performance?
Process Component(s): Rehearse, Evaluate, and Refine

Performance Standard(s):
a. Apply teacher provided and collaboratively developed criteria and feedback to evaluate accuracy of ensemble performances.
b. Rehearse to refine technical accuracy, expressive qualities, and identified performance challenges.
"
CA-VAPA-2019,3.MU:Pr6,3,,Music,TK-8,Performing,6: Convey meaning through the presentation of artistic work,"Musicians judge performance based on criteria that vary across time, place, and cultures. The context and how a work is presented influence audience response.",When is a performance judged ready to present? How do context and the manner in which musical work is presented influence audience response?,Present,"a. Perform music for a specific purpose with expression and technical accuracy.
b. Demonstrate performance decorum and audience etiquette appropriate for the context and venue.",https://www.cde.ca.gov/be/st/ss/index.asp,,"Standard Identifier: 3.MU:Pr6
Grade: 3
Discipline: MusicSubdiscipline: TK-8
Artistic Process: PerformingAnchor Standard: 6: Convey meaning through the presentation of artistic work

Enduring Understanding: Musicians judge performance based on criteria that vary across time, place, and cultures. The context and how a work is presented influence audience response.
Essential Question(s): When is a performance judged ready to present? How do context and the manner in which musical work is presented influence audience response?
Process Component(s): Present

Performance Standard(s):
a. Perform music for a specific purpose with expression and technical accuracy.
b. Demonstrate performance decorum and audience etiquette appropriate for the context and venue.
"
CA-VAPA-2019,3.MU:Cn11,3,,Music,TK-8,Connecting,"11: Relate artistic ideas and works with societal, cultural, and historical context to deepen understanding","Musicians connect societal, cultural, and historical contexts when creating, performing, and responding.","How do musicians make meaningful connections to societal, cultural, and historical contexts when creating, performing, and responding?",Relate,"Identify and demonstrate connections between music and societal, cultural, and historical contexts.",https://www.cde.ca.gov/be/st/ss/index.asp,,"Standard Identifier: 3.MU:Cn11
Grade: 3
Discipline: MusicSubdiscipline: TK-8
Artistic Process: ConnectingAnchor Standard: 11: Relate artistic ideas and works with societal, cultural, and historical context to deepen understanding

Enduring Understanding: Musicians connect societal, cultural, and historical contexts when creating, performing, and responding.
Essential Question(s): How do musicians make meaningful connections to societal, cultural, and historical contexts when creating, performing, and responding?
Process Component(s): Relate

Performance Standard(s):
Identify and demonstrate connections between music and societal, cultural, and historical contexts.
"
CA-VAPA-2019,3.MU:Re7.1,3,,Music,TK-8,Responding,7: Perceive and analyze artistic work,"7.1 Individuals' selection of musical works is influenced by their interests, experiences, understandings, and purposes.",How do individuals choose music to experience?,Select,"Demonstrate and describe how selected music connects to and is influenced by specific interests, experiences, or purposes.",https://www.cde.ca.gov/be/st/ss/index.asp,,"Standard Identifier: 3.MU:Re7.1
Grade: 3
Discipline: MusicSubdiscipline: TK-8
Artistic Process: RespondingAnchor Standard: 7: Perceive and analyze artistic work

Enduring Understanding: 7.1 Individuals' selection of musical works is influenced by their interests, experiences, understandings, and purposes.
Essential Question(s): How do individuals choose music to experience?
Process Component(s): Select

Performance Standard(s):
Demonstrate and describe how selected music connects to and is influenced by specific interests, experiences, or purposes.
"
CA-VAPA-2019,3.MU:Re7.2,3,,Music,TK-8,Responding,7: Perceive and analyze artistic work,"7.2 Response to music is informed by analyzing context (social, cultural, and historical) and how creators and performers manipulate the elements of music.",How do individuals choose music to experience?,Analyze,"Demonstrate and describe how a response to music can be informed by the structure, the use of the elements of music, and context (such as personal and social).",https://www.cde.ca.gov/be/st/ss/index.asp,,"Standard Identifier: 3.MU:Re7.2
Grade: 3
Discipline: MusicSubdiscipline: TK-8
Artistic Process: RespondingAnchor Standard: 7: Perceive and analyze artistic work

Enduring Understanding: 7.2 Response to music is informed by analyzing context (social, cultural, and historical) and how creators and performers manipulate the elements of music.
Essential Question(s): How do individuals choose music to experience?
Process Component(s): Analyze

Performance Standard(s):
Demonstrate and describe how a response to music can be informed by the structure, the use of the elements of music, and context (such as personal and social).
"
CA-VAPA-2019,3.MU:Re8,3,,Music,TK-8,Responding,8: Interpret intent and meaning in artistic work,"Through their use of elements and structures of music, creators and performers provide clues to their expressive intent.",How do we discern the musical creators’ and performers’ expressive intent?,Interpret,"Demonstrate and describe how expressive qualities (such as dynamics, tempo, and timbre) are used in performers’ personal interpretations to reflect creators’ expressive intent.",https://www.cde.ca.gov/be/st/ss/index.asp,,"Standard Identifier: 3.MU:Re8
Grade: 3
Discipline: MusicSubdiscipline: TK-8
Artistic Process: RespondingAnchor Standard: 8: Interpret intent and meaning in artistic work

Enduring Understanding: Through their use of elements and structures of music, creators and performers provide clues to their expressive intent.
Essential Question(s): How do we discern the musical creators’ and performers’ expressive intent?
Process Component(s): Interpret

Performance Standard(s):
Demonstrate and describe how expressive qualities (such as dynamics, tempo, and timbre) are used in performers’ personal interpretations to reflect creators’ expressive intent.
"
CA-VAPA-2019,3.MU:Re9,3,,Music,TK-8,Responding,9: Apply criteria to evaluate artistic work,"The personal evaluation of musical work(s) and performance(s) is informed by analysis, interpretation, and established criteria.",How do we judge the quality of musical work(s) and performance(s)?,Evaluate,"Evaluate musical works and performances, applying established criteria, and describe appropriateness to the context.",https://www.cde.ca.gov/be/st/ss/index.asp,,"Standard Identifier: 3.MU:Re9
Grade: 3
Discipline: MusicSubdiscipline: TK-8
Artistic Process: RespondingAnchor Standard: 9: Apply criteria to evaluate artistic work

Enduring Understanding: The personal evaluation of musical work(s) and performance(s) is informed by analysis, interpretation, and established criteria.
Essential Question(s): How do we judge the quality of musical work(s) and performance(s)?
Process Component(s): Evaluate

Performance Standard(s):
Evaluate musical works and performances, applying established criteria, and describe appropriateness to the context.
"
CA-VAPA-2019,3.MU:Cn10,3,,Music,TK-8,Connecting,10: Synthesize and relate knowledge and personal experiences to make art,"Musicians connect their personal interests, experiences, ideas, and knowledge to creating, performing, and responding.","How do musicians make meaningful connections to creating, performing, and responding?",Synthesize,"Identify and demonstrate how personal interests, experiences, and ideas relate to creating, performing, and responding to music.",https://www.cde.ca.gov/be/st/ss/index.asp,,"Standard Identifier: 3.MU:Cn10
Grade: 3
Discipline: MusicSubdiscipline: TK-8
Artistic Process: ConnectingAnchor Standard: 10: Synthesize and relate knowledge and personal experiences to make art

Enduring Understanding: Musicians connect their personal interests, experiences, ideas, and knowledge to creating, performing, and responding.
Essential Question(s): How do musicians make meaningful connections to creating, performing, and responding?
Process Component(s): Synthesize

Performance Standard(s):
Identify and demonstrate how personal interests, experiences, and ideas relate to creating, performing, and responding to music.
"
CA-VAPA-2019,3.TH:Cr1,3,,Theatre,,Creating,1: Generate and conceptualize artistic ideas and work,"Theatre artists rely on intuition, curiosity, culture, and critical inquiry.","What happens when theatre artists use their culture, imaginations and/or learned theatre skills while engaging in creative exploration and inquiry?","Envision,Conceptualize","a. Create roles, imagined worlds, and improvised stories in a drama/theatre work.b. Collaborate to determine how characters might move and speak to support the story and given circumstances in drama/theatre work.c. Imagine and articulate ideas for costumes, props and sets for the environment and characters in a drama/theatre work.",https://www.cde.ca.gov/be/st/ss/index.asp,,"Standard Identifier: 3.TH:Cr1
Grade: 3
Discipline: Theatre
Artistic Process: CreatingAnchor Standard: 1: Generate and conceptualize artistic ideas and work

Enduring Understanding: Theatre artists rely on intuition, curiosity, culture, and critical inquiry.
Essential Question(s): What happens when theatre artists use their culture, imaginations and/or learned theatre skills while engaging in creative exploration and inquiry?
Process Component(s): Envision,Conceptualize

Performance Standard(s):
a. Create roles, imagined worlds, and improvised stories in a drama/theatre work.b. Collaborate to determine how characters might move and speak to support the story and given circumstances in drama/theatre work.c. Imagine and articulate ideas for costumes, props and sets for the environment and characters in a drama/theatre work.
"
CA-VAPA-2019,3.TH:Cr2,3,,Theatre,,Creating,2: Organize and develop artistic ideas and work,Theatre artists work to discover different ways of communicating meaning.,"How, when, and why do theatre artists’ choices change?",Develop,"a. Participate in methods of investigation to devise original ideas for a drama/theatre work.
b. Compare ideas with peers and make revisions that will enhance and deepen group drama/theatre work.",https://www.cde.ca.gov/be/st/ss/index.asp,,"Standard Identifier: 3.TH:Cr2
Grade: 3
Discipline: Theatre
Artistic Process: CreatingAnchor Standard: 2: Organize and develop artistic ideas and work

Enduring Understanding: Theatre artists work to discover different ways of communicating meaning.
Essential Question(s): How, when, and why do theatre artists’ choices change?
Process Component(s): Develop

Performance Standard(s):
a. Participate in methods of investigation to devise original ideas for a drama/theatre work.
b. Compare ideas with peers and make revisions that will enhance and deepen group drama/theatre work.
"
CA-VAPA-2019,3.TH:Cr3,3,,Theatre,,Creating,3: Refine and complete artistic work,Theatre artists refine their work and practice their craft through rehearsal.,How do theatre artists transform and edit their initial ideas?,Rehearse,"a. Collaborate with peers to revise, refine, and adapt ideas to fit the given parameters of a drama/theatre work.
b. Participate and contribute to physical and vocal exploration in an improvised or scripted drama/theatre work.
c. Refine design choices and technical theatre elements to support a devised or scripted drama/theatre work.",https://www.cde.ca.gov/be/st/ss/index.asp,,"Standard Identifier: 3.TH:Cr3
Grade: 3
Discipline: Theatre
Artistic Process: CreatingAnchor Standard: 3: Refine and complete artistic work

Enduring Understanding: Theatre artists refine their work and practice their craft through rehearsal.
Essential Question(s): How do theatre artists transform and edit their initial ideas?
Process Component(s): Rehearse

Performance Standard(s):
a. Collaborate with peers to revise, refine, and adapt ideas to fit the given parameters of a drama/theatre work.
b. Participate and contribute to physical and vocal exploration in an improvised or scripted drama/theatre work.
c. Refine design choices and technical theatre elements to support a devised or scripted drama/theatre work.
"
CA-VAPA-2019,3.TH:Pr4,3,,Theatre,,Performing,"4. Select, analyze, and interpret artistic work for presentation",Theatre artists make strong choices to effectively convey meaning.,Why are strong choices essential to interpreting a drama or theatre piece?,Select,"a. Apply the elements of dramatic structure to a story and create a drama/theatre work.
b. Explore how movement and voice are incorporated into drama/theatre work.",https://www.cde.ca.gov/be/st/ss/index.asp,,"Standard Identifier: 3.TH:Pr4
Grade: 3
Discipline: Theatre
Artistic Process: PerformingAnchor Standard: 4. Select, analyze, and interpret artistic work for presentation

Enduring Understanding: Theatre artists make strong choices to effectively convey meaning.
Essential Question(s): Why are strong choices essential to interpreting a drama or theatre piece?
Process Component(s): Select

Performance Standard(s):
a. Apply the elements of dramatic structure to a story and create a drama/theatre work.
b. Explore how movement and voice are incorporated into drama/theatre work.
"
CA-VAPA-2019,3.TH:Pr5,3,,Theatre,,Performing,5: Develop and refine artistic techniques and work for presentation,Theatre artists develop personal processes and skills for a performance or design.,What can I do to fully prepare a performance or technical design?,Prepare,"a. Participate in a variety of physical, vocal, and cognitive exercises that can be used in a group setting for drama/theatre work.
b. Identify the basic technical theatre elements that can be used in drama/theatre work.",https://www.cde.ca.gov/be/st/ss/index.asp,,"Standard Identifier: 3.TH:Pr5
Grade: 3
Discipline: Theatre
Artistic Process: PerformingAnchor Standard: 5: Develop and refine artistic techniques and work for presentation

Enduring Understanding: Theatre artists develop personal processes and skills for a performance or design.
Essential Question(s): What can I do to fully prepare a performance or technical design?
Process Component(s): Prepare

Performance Standard(s):
a. Participate in a variety of physical, vocal, and cognitive exercises that can be used in a group setting for drama/theatre work.
b. Identify the basic technical theatre elements that can be used in drama/theatre work.
"
CA-VAPA-2019,3.TH:Pr6,3,,Theatre,,Performing,6: Convey meaning through the presentation of artistic work,"Theatre artists share and present stories, ideas, and envisioned worlds to explore the human experience in diverse cultures.",What happens when theatre artists and audiences share a creative experience?,"Share, Present","Share small-group drama/theatre work, with peers as audience.",https://www.cde.ca.gov/be/st/ss/index.asp,,"Standard Identifier: 3.TH:Pr6
Grade: 3
Discipline: Theatre
Artistic Process: PerformingAnchor Standard: 6: Convey meaning through the presentation of artistic work

Enduring Understanding: Theatre artists share and present stories, ideas, and envisioned worlds to explore the human experience in diverse cultures.
Essential Question(s): What happens when theatre artists and audiences share a creative experience?
Process Component(s): Share, Present

Performance Standard(s):
Share small-group drama/theatre work, with peers as audience.
"
CA-VAPA-2019,3.TH:Re7,3,,Theatre,,Responding,7: Perceive and analyze artistic work,Theatre artists reflect to understand the impact of drama processes and theatre experiences.,How do theatre artists comprehend the essence of drama processes and theatre experiences?,Reflect,Understand and discuss why artistic choices are made in a drama/theatre work.,https://www.cde.ca.gov/be/st/ss/index.asp,,"Standard Identifier: 3.TH:Re7
Grade: 3
Discipline: Theatre
Artistic Process: RespondingAnchor Standard: 7: Perceive and analyze artistic work

Enduring Understanding: Theatre artists reflect to understand the impact of drama processes and theatre experiences.
Essential Question(s): How do theatre artists comprehend the essence of drama processes and theatre experiences?
Process Component(s): Reflect

Performance Standard(s):
Understand and discuss why artistic choices are made in a drama/theatre work.
"
CA-VAPA-2019,3.TH:Re8,3,,Theatre,,Responding,8: Interpret intent and meaning in artistic work,"Theatre artists’ interpretations of drama/theatre work are influenced by personal experiences, culture, and aesthetics.",How can the same work of art communicate different messages to different people?,Interpret,"a. Consider multiple personal experiences when participating in or observing a drama/theatre work.
b. Consider multiple ways to develop a character using physical characteristics and prop or costume design choices that reflect cultural perspectives in drama/theatre work.
c. Examine how connections are made between oneself and a character’s emotions in drama/theatre work.",https://www.cde.ca.gov/be/st/ss/index.asp,,"Standard Identifier: 3.TH:Re8
Grade: 3
Discipline: Theatre
Artistic Process: RespondingAnchor Standard: 8: Interpret intent and meaning in artistic work

Enduring Understanding: Theatre artists’ interpretations of drama/theatre work are influenced by personal experiences, culture, and aesthetics.
Essential Question(s): How can the same work of art communicate different messages to different people?
Process Component(s): Interpret

Performance Standard(s):
a. Consider multiple personal experiences when participating in or observing a drama/theatre work.
b. Consider multiple ways to develop a character using physical characteristics and prop or costume design choices that reflect cultural perspectives in drama/theatre work.
c. Examine how connections are made between oneself and a character’s emotions in drama/theatre work.
"
CA-VAPA-2019,3.TH:Re9,3,,Theatre,,Responding,9: Apply criteria to evaluate artistic work,"Theatre artists apply criteria to understand, explore, and assess drama and theatre work.",How do analysis and synthesis impact the theatre artist’s process and audience’s perspectives?,Evaluate,"a. Understand how and why groups evaluate drama/theatre work.
b. Evaluate and analyze problems and situations in a drama/theatre work from an audience perspective.
c. Consider and analyze technical theatre elements from multiple drama/theatre works.",https://www.cde.ca.gov/be/st/ss/index.asp,,"Standard Identifier: 3.TH:Re9
Grade: 3
Discipline: Theatre
Artistic Process: RespondingAnchor Standard: 9: Apply criteria to evaluate artistic work

Enduring Understanding: Theatre artists apply criteria to understand, explore, and assess drama and theatre work.
Essential Question(s): How do analysis and synthesis impact the theatre artist’s process and audience’s perspectives?
Process Component(s): Evaluate

Performance Standard(s):
a. Understand how and why groups evaluate drama/theatre work.
b. Evaluate and analyze problems and situations in a drama/theatre work from an audience perspective.
c. Consider and analyze technical theatre elements from multiple drama/theatre works.
"
CA-VAPA-2019,3.TH:Cn10,3,,Theatre,,Connecting,10: Synthesize and relate knowledge and personal experiences to make art,Theatre artists allow awareness of interrelationships between self and others to influence and inform their work.,"What happens when theatre artists foster understanding between self and others through critical awareness, social responsibility, and the exploration of empathy?",Empathize,Use personal experiences and knowledge to make connections to community and culture in a drama/theatre work.,https://www.cde.ca.gov/be/st/ss/index.asp,,"Standard Identifier: 3.TH:Cn10
Grade: 3
Discipline: Theatre
Artistic Process: ConnectingAnchor Standard: 10: Synthesize and relate knowledge and personal experiences to make art

Enduring Understanding: Theatre artists allow awareness of interrelationships between self and others to influence and inform their work.
Essential Question(s): What happens when theatre artists foster understanding between self and others through critical awareness, social responsibility, and the exploration of empathy?
Process Component(s): Empathize

Performance Standard(s):
Use personal experiences and knowledge to make connections to community and culture in a drama/theatre work.
"
CA-VAPA-2019,3.TH:Cn11.1,3,,Theatre,,Connecting,"11: Relate artistic ideas and works with societal, cultural, and historical context to deepen understanding",11.1 Theatre artists understand and can communicate through their creative process as they analyze the way the world may be understood.,What happens when theatre artists allow an understanding of themselves and the world to inform perceptions about theatre and the purpose of their work?,Interrelate,"a. Identify connections to community, social issues and other content areas in drama/theatre work.
b. Identify responsible practices for creating and adapting drama/theatre works.",https://www.cde.ca.gov/be/st/ss/index.asp,,"Standard Identifier: 3.TH:Cn11.1
Grade: 3
Discipline: Theatre
Artistic Process: ConnectingAnchor Standard: 11: Relate artistic ideas and works with societal, cultural, and historical context to deepen understanding

Enduring Understanding: 11.1 Theatre artists understand and can communicate through their creative process as they analyze the way the world may be understood.
Essential Question(s): What happens when theatre artists allow an understanding of themselves and the world to inform perceptions about theatre and the purpose of their work?
Process Component(s): Interrelate

Performance Standard(s):
a. Identify connections to community, social issues and other content areas in drama/theatre work.
b. Identify responsible practices for creating and adapting drama/theatre works.
"
CA-VAPA-2019,3.TH:Cn11.2,3,,Theatre,,Connecting,"11: Relate artistic ideas and works with societal, cultural, and historical context to deepen understanding",11.2 Theatre artists critically inquire into the ways others have thought about and created drama processes and productions to inform their own work.,"In what ways can research into theatre histories, theories, literature, and performances alter the way a drama process or production is understood?",Research,"a. Explore how stories are adapted from literature to drama/theatre work.
b. Examine how artists have historically presented the same stories using different art forms, genres, or drama/theatre conventions.",https://www.cde.ca.gov/be/st/ss/index.asp,,"Standard Identifier: 3.TH:Cn11.2
Grade: 3
Discipline: Theatre
Artistic Process: ConnectingAnchor Standard: 11: Relate artistic ideas and works with societal, cultural, and historical context to deepen understanding

Enduring Understanding: 11.2 Theatre artists critically inquire into the ways others have thought about and created drama processes and productions to inform their own work.
Essential Question(s): In what ways can research into theatre histories, theories, literature, and performances alter the way a drama process or production is understood?
Process Component(s): Research

Performance Standard(s):
a. Explore how stories are adapted from literature to drama/theatre work.
b. Examine how artists have historically presented the same stories using different art forms, genres, or drama/theatre conventions.
"
CA-VAPA-2019,3.VA:Cr1.1,3,,Visual Arts,,Creating,1: Generate and conceptualize artistic ideas and work,1.1 Creativity and innovative thinking are essential life skills that can be developed.,"What conditions, attitudes, and behaviors support creativity and innovative thinking? What factors prevent or encourage people to take creative risks? How does collaboration expand the creative process?","Imagine, Plan, Make",Elaborate on an imaginative idea.,https://www.cde.ca.gov/be/st/ss/index.asp,,"Standard Identifier: 3.VA:Cr1.1
Grade: 3
Discipline: Visual Arts
Artistic Process: CreatingAnchor Standard: 1: Generate and conceptualize artistic ideas and work

Enduring Understanding: 1.1 Creativity and innovative thinking are essential life skills that can be developed.
Essential Question(s): What conditions, attitudes, and behaviors support creativity and innovative thinking? What factors prevent or encourage people to take creative risks? How does collaboration expand the creative process?
Process Component(s): Imagine, Plan, Make

Performance Standard(s):
Elaborate on an imaginative idea.
"
CA-VAPA-2019,3.VA:Cr1.2,3,,Visual Arts,,Creating,1: Generate and conceptualize artistic ideas and work,"1.2 Artists and designers shape artistic investigations, following or breaking with traditions in pursuit of creative artmaking goals.","How does knowing the contexts, histories, and traditions of art forms help us create works of art and design? Why do artists follow or break from established traditions? How do artists determine what resources and criteria are needed to formulate artistic","Imagine, Plan, Make","Apply knowledge of available resources, tools, and technologies to investigate personal ideas through the art-making process.",https://www.cde.ca.gov/be/st/ss/index.asp,,"Standard Identifier: 3.VA:Cr1.2
Grade: 3
Discipline: Visual Arts
Artistic Process: CreatingAnchor Standard: 1: Generate and conceptualize artistic ideas and work

Enduring Understanding: 1.2 Artists and designers shape artistic investigations, following or breaking with traditions in pursuit of creative artmaking goals.
Essential Question(s): How does knowing the contexts, histories, and traditions of art forms help us create works of art and design? Why do artists follow or break from established traditions? How do artists determine what resources and criteria are needed to formulate artistic
Process Component(s): Imagine, Plan, Make

Performance Standard(s):
Apply knowledge of available resources, tools, and technologies to investigate personal ideas through the art-making process.
"
CA-VAPA-2019,3.VA:Cr2.1,3,,Visual Arts,,Creating,2: Organize and develop artistic ideas and work,"2.1 Artists and designers experiment with forms, structures, materials, concepts, media, and art-making approaches.",How do artists work? How do artists and designers determine whether a particular direction in their work is effective? How do artists and designers learn from trial and error?,Investigate,Create personally satisfying artwork using a variety of artistic processes and materials.,https://www.cde.ca.gov/be/st/ss/index.asp,,"Standard Identifier: 3.VA:Cr2.1
Grade: 3
Discipline: Visual Arts
Artistic Process: CreatingAnchor Standard: 2: Organize and develop artistic ideas and work

Enduring Understanding: 2.1 Artists and designers experiment with forms, structures, materials, concepts, media, and art-making approaches.
Essential Question(s): How do artists work? How do artists and designers determine whether a particular direction in their work is effective? How do artists and designers learn from trial and error?
Process Component(s): Investigate

Performance Standard(s):
Create personally satisfying artwork using a variety of artistic processes and materials.
"
CA-VAPA-2019,3.VA:Cr2.2,3,,Visual Arts,,Creating,2: Organize and develop artistic ideas and work,"2.2 Artists and designers balance experimentation and safety, freedom and responsibility while developing and creating artworks.","How do artists and designers care for and maintain materials, tools, and equipment? Why is it important for safety and health to understand and follow correct procedures in handling materials, tools, and equipment? What responsibilities come with the free",Investigate,"Demonstrate an understanding of the safe and proficient use of materials, tools, and equipment for a variety of artistic processes.",https://www.cde.ca.gov/be/st/ss/index.asp,,"Standard Identifier: 3.VA:Cr2.2
Grade: 3
Discipline: Visual Arts
Artistic Process: CreatingAnchor Standard: 2: Organize and develop artistic ideas and work

Enduring Understanding: 2.2 Artists and designers balance experimentation and safety, freedom and responsibility while developing and creating artworks.
Essential Question(s): How do artists and designers care for and maintain materials, tools, and equipment? Why is it important for safety and health to understand and follow correct procedures in handling materials, tools, and equipment? What responsibilities come with the free
Process Component(s): Investigate

Performance Standard(s):
Demonstrate an understanding of the safe and proficient use of materials, tools, and equipment for a variety of artistic processes.
"
CA-VAPA-2019,3.VA:Cr2.3,3,,Visual Arts,,Creating,2: Organize and develop artistic ideas and work,"2.3 People create and interact with objects, places, and design that define, shape, enhance, and empower their lives.","How do objects, places, and design shape lives and communities? How do artists and designers determine goals for designing or redesigning objects, places, or systems? How do artists and designers create works of art or design that communicate effectively?",Investigate,"Individually or collaboratively construct representations, diagrams, or maps of places that are part of everyday life.",https://www.cde.ca.gov/be/st/ss/index.asp,,"Standard Identifier: 3.VA:Cr2.3
Grade: 3
Discipline: Visual Arts
Artistic Process: CreatingAnchor Standard: 2: Organize and develop artistic ideas and work

Enduring Understanding: 2.3 People create and interact with objects, places, and design that define, shape, enhance, and empower their lives.
Essential Question(s): How do objects, places, and design shape lives and communities? How do artists and designers determine goals for designing or redesigning objects, places, or systems? How do artists and designers create works of art or design that communicate effectively?
Process Component(s): Investigate

Performance Standard(s):
Individually or collaboratively construct representations, diagrams, or maps of places that are part of everyday life.
"
CA-VAPA-2019,3.VA:Cr3,3,,Visual Arts,,Creating,3: Refine and complete artistic work,"Artists and designers develop excellence through practice and constructive critique to reflect on, revise, and refine work over time.","What role does persistence play in revising, refining, and developing work? How do artists grow and become accomplished in art forms? How does collaboratively reflecting on a work help us experience it more completely?","Reflect, Refine, Revise","Discuss, reflect, and add details to enhance an artwork’s emerging meaning.",https://www.cde.ca.gov/be/st/ss/index.asp,,"Standard Identifier: 3.VA:Cr3
Grade: 3
Discipline: Visual Arts
Artistic Process: CreatingAnchor Standard: 3: Refine and complete artistic work

Enduring Understanding: Artists and designers develop excellence through practice and constructive critique to reflect on, revise, and refine work over time.
Essential Question(s): What role does persistence play in revising, refining, and developing work? How do artists grow and become accomplished in art forms? How does collaboratively reflecting on a work help us experience it more completely?
Process Component(s): Reflect, Refine, Revise

Performance Standard(s):
Discuss, reflect, and add details to enhance an artwork’s emerging meaning.
"
CA-VAPA-2019,3.VA:Pr4,3,,Visual Arts,,Presenting (Visual Arts only),"4. Select, analyze, and interpret artistic work for presentation","Artists and other presenters consider various techniques, methods, venues, and criteria when analyzing, selecting, and curating objects artifacts, and artworks for preservation and presentation.","How are artworks cared for and by whom? What criteria, methods, and processes are used to select work for preservation or presentation? Why do people value objects, artifacts, and artworks, and select them for presentation?","Select, Analyze","Investigate and discuss possibilities and limitations of spaces, including electronic, for exhibiting artwork.",https://www.cde.ca.gov/be/st/ss/index.asp,,"Standard Identifier: 3.VA:Pr4
Grade: 3
Discipline: Visual Arts
Artistic Process: Presenting (Visual Arts only)Anchor Standard: 4. Select, analyze, and interpret artistic work for presentation

Enduring Understanding: Artists and other presenters consider various techniques, methods, venues, and criteria when analyzing, selecting, and curating objects artifacts, and artworks for preservation and presentation.
Essential Question(s): How are artworks cared for and by whom? What criteria, methods, and processes are used to select work for preservation or presentation? Why do people value objects, artifacts, and artworks, and select them for presentation?
Process Component(s): Select, Analyze

Performance Standard(s):
Investigate and discuss possibilities and limitations of spaces, including electronic, for exhibiting artwork.
"
CA-VAPA-2019,3.VA:Pr5,3,,Visual Arts,,Presenting (Visual Arts only),5: Develop and refine artistic techniques and work for presentation,"Artists, curators and others consider a variety of factors and methods including evolving technologies when preparing and refining artwork for display and or when deciding if and how to preserve and protect it.","What methods, processes and criteria are considered when preparing artwork for presentation, preservation, portfolio, or collection? How does assessing choices for presentation affect its meaning to the viewer?",Prepare,"Identify exhibit space and prepare works of art, including artists’ statements, for presentation.",https://www.cde.ca.gov/be/st/ss/index.asp,,"Standard Identifier: 3.VA:Pr5
Grade: 3
Discipline: Visual Arts
Artistic Process: Presenting (Visual Arts only)Anchor Standard: 5: Develop and refine artistic techniques and work for presentation

Enduring Understanding: Artists, curators and others consider a variety of factors and methods including evolving technologies when preparing and refining artwork for display and or when deciding if and how to preserve and protect it.
Essential Question(s): What methods, processes and criteria are considered when preparing artwork for presentation, preservation, portfolio, or collection? How does assessing choices for presentation affect its meaning to the viewer?
Process Component(s): Prepare

Performance Standard(s):
Identify exhibit space and prepare works of art, including artists’ statements, for presentation.
"
CA-VAPA-2019,3.VA:Pr6,3,,Visual Arts,,Presenting (Visual Arts only),6: Convey meaning through the presentation of artistic work,"Objects, artifacts, and artworks collected, preserved, or presented either by artists, museums, or other venues communicate meaning and a record of social, cultural, and political experiences resulting in the cultivating of appreciation and understanding.","What is an art museum? How does the presenting and sharing of objects, artifacts, and artworks influence and shape ideas, beliefs, and experiences? How do objects, artifacts, and artworks that are collected, preserved, or presented, cultivate appreciation",Present,Investigate and explain how and where different cultures record and illustrate stories and history of life through art.,https://www.cde.ca.gov/be/st/ss/index.asp,,"Standard Identifier: 3.VA:Pr6
Grade: 3
Discipline: Visual Arts
Artistic Process: Presenting (Visual Arts only)Anchor Standard: 6: Convey meaning through the presentation of artistic work

Enduring Understanding: Objects, artifacts, and artworks collected, preserved, or presented either by artists, museums, or other venues communicate meaning and a record of social, cultural, and political experiences resulting in the cultivating of appreciation and understanding.
Essential Question(s): What is an art museum? How does the presenting and sharing of objects, artifacts, and artworks influence and shape ideas, beliefs, and experiences? How do objects, artifacts, and artworks that are collected, preserved, or presented, cultivate appreciation
Process Component(s): Present

Performance Standard(s):
Investigate and explain how and where different cultures record and illustrate stories and history of life through art.
"
CA-VAPA-2019,3.VA:Re7.1,3,,Visual Arts,,Responding,7: Perceive and analyze artistic work,"7.1 Individual aesthetic and empathetic awareness developed through engagement with art can lead to understanding and appreciation of self, others, the natural world, and constructed environments.",How do life experiences influence the way you relate to art? How does learning about art impact how we perceive the world? What can we learn from our responses to art?,Perceive,Speculate about processes an artist uses to create a work of art.,https://www.cde.ca.gov/be/st/ss/index.asp,,"Standard Identifier: 3.VA:Re7.1
Grade: 3
Discipline: Visual Arts
Artistic Process: RespondingAnchor Standard: 7: Perceive and analyze artistic work

Enduring Understanding: 7.1 Individual aesthetic and empathetic awareness developed through engagement with art can lead to understanding and appreciation of self, others, the natural world, and constructed environments.
Essential Question(s): How do life experiences influence the way you relate to art? How does learning about art impact how we perceive the world? What can we learn from our responses to art?
Process Component(s): Perceive

Performance Standard(s):
Speculate about processes an artist uses to create a work of art.
"
CA-VAPA-2019,3.VA:Re7.2,3,,Visual Arts,,Responding,7: Perceive and analyze artistic work,7.2 Visual imagery influences understanding of and responses to the world.,What is an image? Where and how do we encounter images in our world? How do images influence our views of the world?,"Perceive, Analyze",Determine messages communicated by an image.,https://www.cde.ca.gov/be/st/ss/index.asp,,"Standard Identifier: 3.VA:Re7.2
Grade: 3
Discipline: Visual Arts
Artistic Process: RespondingAnchor Standard: 7: Perceive and analyze artistic work

Enduring Understanding: 7.2 Visual imagery influences understanding of and responses to the world.
Essential Question(s): What is an image? Where and how do we encounter images in our world? How do images influence our views of the world?
Process Component(s): Perceive, Analyze

Performance Standard(s):
Determine messages communicated by an image.
"
CA-VAPA-2019,3.VA:Re8,3,,Visual Arts,,Responding,8: Interpret intent and meaning in artistic work,People gain insights into meanings of artworks by engaging in the process of art criticism.,"What is the value of engaging in the process of art criticism? How can the viewer ""read"" a work of art as text? How does knowing and using visual arts vocabularies help us understand and interpret works of art?",Interpret,"Interpret art by analyzing use of media to create subject matter, characteristics of form, and mood.",https://www.cde.ca.gov/be/st/ss/index.asp,,"Standard Identifier: 3.VA:Re8
Grade: 3
Discipline: Visual Arts
Artistic Process: RespondingAnchor Standard: 8: Interpret intent and meaning in artistic work

Enduring Understanding: People gain insights into meanings of artworks by engaging in the process of art criticism.
Essential Question(s): What is the value of engaging in the process of art criticism? How can the viewer ""read"" a work of art as text? How does knowing and using visual arts vocabularies help us understand and interpret works of art?
Process Component(s): Interpret

Performance Standard(s):
Interpret art by analyzing use of media to create subject matter, characteristics of form, and mood.
"
CA-VAPA-2019,3.VA:Re9,3,,Visual Arts,,Responding,9: Apply criteria to evaluate artistic work,People evaluate art based on various criteria.,How does one determine criteria to evaluate a work of art? How and why might criteria vary? How is a personal preference different from an evaluation?,Evaluate,Evaluate an artwork based on given criteria.,https://www.cde.ca.gov/be/st/ss/index.asp,,"Standard Identifier: 3.VA:Re9
Grade: 3
Discipline: Visual Arts
Artistic Process: RespondingAnchor Standard: 9: Apply criteria to evaluate artistic work

Enduring Understanding: People evaluate art based on various criteria.
Essential Question(s): How does one determine criteria to evaluate a work of art? How and why might criteria vary? How is a personal preference different from an evaluation?
Process Component(s): Evaluate

Performance Standard(s):
Evaluate an artwork based on given criteria.
"
CA-VAPA-2019,3.VA:Cn10,3,,Visual Arts,,Connecting,10: Synthesize and relate knowledge and personal experiences to make art,"Through artmaking, people make meaning by investigating and developing awareness of perceptions, knowledge, and experiences.",How does engaging in creating art enrich people's lives? How does making art attune people to their surroundings? How do people contribute to awareness and understanding of their lives and the lives of their communities through artmaking?,Synthesize,Develop a work of art based on observations of surroundings.,https://www.cde.ca.gov/be/st/ss/index.asp,,"Standard Identifier: 3.VA:Cn10
Grade: 3
Discipline: Visual Arts
Artistic Process: ConnectingAnchor Standard: 10: Synthesize and relate knowledge and personal experiences to make art

Enduring Understanding: Through artmaking, people make meaning by investigating and developing awareness of perceptions, knowledge, and experiences.
Essential Question(s): How does engaging in creating art enrich people's lives? How does making art attune people to their surroundings? How do people contribute to awareness and understanding of their lives and the lives of their communities through artmaking?
Process Component(s): Synthesize

Performance Standard(s):
Develop a work of art based on observations of surroundings.
"
CA-VAPA-2019,3.VA:Cn11,3,,Visual Arts,,Connecting,"11: Relate artistic ideas and works with societal, cultural, and historical context to deepen understanding","People develop ideas and understandings of society, culture, and history through their interactions with and analysis of art.","How does art help us understand the lives of people of different times, places, and cultures? How is art used to impact the views of a society? How does art preserve aspects of life?",Relate,Recognize that responses to art change depending on knowledge of the time and place in which it was made.,https://www.cde.ca.gov/be/st/ss/index.asp,,"Standard Identifier: 3.VA:Cn11
Grade: 3
Discipline: Visual Arts
Artistic Process: ConnectingAnchor Standard: 11: Relate artistic ideas and works with societal, cultural, and historical context to deepen understanding

Enduring Understanding: People develop ideas and understandings of society, culture, and history through their interactions with and analysis of art.
Essential Question(s): How does art help us understand the lives of people of different times, places, and cultures? How is art used to impact the views of a society? How does art preserve aspects of life?
Process Component(s): Relate

Performance Standard(s):
Recognize that responses to art change depending on knowledge of the time and place in which it was made.
"
CA-VAPA-2019,4.VA:Cn11,4,,Visual Arts,,Connecting,"11: Relate artistic ideas and works with societal, cultural, and historical context to deepen understanding","People develop ideas and understandings of society, culture, and history through their interactions with and analysis of art.","How does art help us understand the lives of people of different times, places, and cultures? How is art used to impact the views of a society? How does art preserve aspects of life?",Relate,"Through observation, infer information about time, place, and culture in which a work of art was created.",https://www.cde.ca.gov/be/st/ss/index.asp,,"Standard Identifier: 4.VA:Cn11
Grade: 4
Discipline: Visual Arts
Artistic Process: ConnectingAnchor Standard: 11: Relate artistic ideas and works with societal, cultural, and historical context to deepen understanding

Enduring Understanding: People develop ideas and understandings of society, culture, and history through their interactions with and analysis of art.
Essential Question(s): How does art help us understand the lives of people of different times, places, and cultures? How is art used to impact the views of a society? How does art preserve aspects of life?
Process Component(s): Relate

Performance Standard(s):
Through observation, infer information about time, place, and culture in which a work of art was created.
"
CA-VAPA-2019,4.VA:Cn10,4,,Visual Arts,,Connecting,10: Synthesize and relate knowledge and personal experiences to make art,"Through artmaking, people make meaning by investigating and developing awareness of perceptions, knowledge, and experiences.",How does engaging in creating art enrich people's lives? How does making art attune people to their surroundings? How do people contribute to awareness and understanding of their lives and the lives of their communities through artmaking?,Synthesize,Create works of art that reflect community cultural traditions.,https://www.cde.ca.gov/be/st/ss/index.asp,,"Standard Identifier: 4.VA:Cn10
Grade: 4
Discipline: Visual Arts
Artistic Process: ConnectingAnchor Standard: 10: Synthesize and relate knowledge and personal experiences to make art

Enduring Understanding: Through artmaking, people make meaning by investigating and developing awareness of perceptions, knowledge, and experiences.
Essential Question(s): How does engaging in creating art enrich people's lives? How does making art attune people to their surroundings? How do people contribute to awareness and understanding of their lives and the lives of their communities through artmaking?
Process Component(s): Synthesize

Performance Standard(s):
Create works of art that reflect community cultural traditions.
"
CA-VAPA-2019,4.VA:Re9,4,,Visual Arts,,Responding,9: Apply criteria to evaluate artistic work,People evaluate art based on various criteria.,How does one determine criteria to evaluate a work of art? How and why might criteria vary? How is a personal preference different from an evaluation?,Evaluate,Apply one set of criteria to evaluate more than one work of art.,https://www.cde.ca.gov/be/st/ss/index.asp,,"Standard Identifier: 4.VA:Re9
Grade: 4
Discipline: Visual Arts
Artistic Process: RespondingAnchor Standard: 9: Apply criteria to evaluate artistic work

Enduring Understanding: People evaluate art based on various criteria.
Essential Question(s): How does one determine criteria to evaluate a work of art? How and why might criteria vary? How is a personal preference different from an evaluation?
Process Component(s): Evaluate

Performance Standard(s):
Apply one set of criteria to evaluate more than one work of art.
"
CA-VAPA-2019,4.VA:Re8,4,,Visual Arts,,Responding,8: Interpret intent and meaning in artistic work,People gain insights into meanings of artworks by engaging in the process of art criticism.,"What is the value of engaging in the process of art criticism? How can the viewer ""read"" a work of art as text? How does knowing and using visual arts vocabularies help us understand and interpret works of art?",Interpret,"Interpret art by referring to contextual information and analyzing relevant subject matter, characteristics of form, and use of media.",https://www.cde.ca.gov/be/st/ss/index.asp,,"Standard Identifier: 4.VA:Re8
Grade: 4
Discipline: Visual Arts
Artistic Process: RespondingAnchor Standard: 8: Interpret intent and meaning in artistic work

Enduring Understanding: People gain insights into meanings of artworks by engaging in the process of art criticism.
Essential Question(s): What is the value of engaging in the process of art criticism? How can the viewer ""read"" a work of art as text? How does knowing and using visual arts vocabularies help us understand and interpret works of art?
Process Component(s): Interpret

Performance Standard(s):
Interpret art by referring to contextual information and analyzing relevant subject matter, characteristics of form, and use of media.
"
CA-VAPA-2019,4.VA:Re7.2,4,,Visual Arts,,Responding,7: Perceive and analyze artistic work,7.2 Visual imagery influences understanding of and responses to the world.,What is an image? Where and how do we encounter images in our world? How do images influence our views of the world?,"Perceive, Analyze",Analyze components in visual imagery that convey messages.,https://www.cde.ca.gov/be/st/ss/index.asp,,"Standard Identifier: 4.VA:Re7.2
Grade: 4
Discipline: Visual Arts
Artistic Process: RespondingAnchor Standard: 7: Perceive and analyze artistic work

Enduring Understanding: 7.2 Visual imagery influences understanding of and responses to the world.
Essential Question(s): What is an image? Where and how do we encounter images in our world? How do images influence our views of the world?
Process Component(s): Perceive, Analyze

Performance Standard(s):
Analyze components in visual imagery that convey messages.
"
CA-VAPA-2019,4.VA:Re7.1,4,,Visual Arts,,Responding,7: Perceive and analyze artistic work,"7.1 Individual aesthetic and empathetic awareness developed through engagement with art can lead to understanding and appreciation of self, others, the natural world, and constructed environments.",How do life experiences influence the way you relate to art? How does learning about art impact how we perceive the world? What can we learn from our responses to art?,Perceive,Compare responses to a work of art before and after working in similar media.,https://www.cde.ca.gov/be/st/ss/index.asp,,"Standard Identifier: 4.VA:Re7.1
Grade: 4
Discipline: Visual Arts
Artistic Process: RespondingAnchor Standard: 7: Perceive and analyze artistic work

Enduring Understanding: 7.1 Individual aesthetic and empathetic awareness developed through engagement with art can lead to understanding and appreciation of self, others, the natural world, and constructed environments.
Essential Question(s): How do life experiences influence the way you relate to art? How does learning about art impact how we perceive the world? What can we learn from our responses to art?
Process Component(s): Perceive

Performance Standard(s):
Compare responses to a work of art before and after working in similar media.
"
CA-VAPA-2019,4.VA:Pr6,4,,Visual Arts,,Presenting (Visual Arts only),6: Convey meaning through the presentation of artistic work,"Objects, artifacts, and artworks collected, preserved, or presented either by artists, museums, or other venues communicate meaning and a record of social, cultural, and political experiences resulting in the cultivating of appreciation and understanding.","What is an art museum? How does the presenting and sharing of objects, artifacts, and artworks influence and shape ideas, beliefs, and experiences? How do objects, artifacts, and artworks that are collected, preserved, or presented, cultivate appreciation",Present,"Compare and contrast purposes of art museums, art galleries, and other venues, as well as the types of personal experiences they provide.",https://www.cde.ca.gov/be/st/ss/index.asp,,"Standard Identifier: 4.VA:Pr6
Grade: 4
Discipline: Visual Arts
Artistic Process: Presenting (Visual Arts only)Anchor Standard: 6: Convey meaning through the presentation of artistic work

Enduring Understanding: Objects, artifacts, and artworks collected, preserved, or presented either by artists, museums, or other venues communicate meaning and a record of social, cultural, and political experiences resulting in the cultivating of appreciation and understanding.
Essential Question(s): What is an art museum? How does the presenting and sharing of objects, artifacts, and artworks influence and shape ideas, beliefs, and experiences? How do objects, artifacts, and artworks that are collected, preserved, or presented, cultivate appreciation
Process Component(s): Present

Performance Standard(s):
Compare and contrast purposes of art museums, art galleries, and other venues, as well as the types of personal experiences they provide.
"
CA-VAPA-2019,4.VA:Pr5,4,,Visual Arts,,Presenting (Visual Arts only),5: Develop and refine artistic techniques and work for presentation,"Artists, curators and others consider a variety of factors and methods including evolving technologies when preparing and refining artwork for display and or when deciding if and how to preserve and protect it.","What methods, processes and criteria are considered when preparing artwork for presentation, preservation, portfolio, or collection? How does assessing choices for presentation affect its meaning to the viewer?",Prepare,"Analyze the various considerations for presenting and protecting art in various locations, indoor or outdoor settings, in temporary or permanent forms, and in physical or digital formats.",https://www.cde.ca.gov/be/st/ss/index.asp,,"Standard Identifier: 4.VA:Pr5
Grade: 4
Discipline: Visual Arts
Artistic Process: Presenting (Visual Arts only)Anchor Standard: 5: Develop and refine artistic techniques and work for presentation

Enduring Understanding: Artists, curators and others consider a variety of factors and methods including evolving technologies when preparing and refining artwork for display and or when deciding if and how to preserve and protect it.
Essential Question(s): What methods, processes and criteria are considered when preparing artwork for presentation, preservation, portfolio, or collection? How does assessing choices for presentation affect its meaning to the viewer?
Process Component(s): Prepare

Performance Standard(s):
Analyze the various considerations for presenting and protecting art in various locations, indoor or outdoor settings, in temporary or permanent forms, and in physical or digital formats.
"
CA-VAPA-2019,4.VA:Pr4,4,,Visual Arts,,Presenting (Visual Arts only),"4. Select, analyze, and interpret artistic work for presentation","Artists and other presenters consider various techniques, methods, venues, and criteria when analyzing, selecting, and curating objects artifacts, and artworks for preservation and presentation.","How are artworks cared for and by whom? What criteria, methods, and processes are used to select work for preservation or presentation? Why do people value objects, artifacts, and artworks, and select them for presentation?","Select, Analyze","Explore how past, present, and emerging technologies have impacted the preservation and presentation of artwork.",https://www.cde.ca.gov/be/st/ss/index.asp,,"Standard Identifier: 4.VA:Pr4
Grade: 4
Discipline: Visual Arts
Artistic Process: Presenting (Visual Arts only)Anchor Standard: 4. Select, analyze, and interpret artistic work for presentation

Enduring Understanding: Artists and other presenters consider various techniques, methods, venues, and criteria when analyzing, selecting, and curating objects artifacts, and artworks for preservation and presentation.
Essential Question(s): How are artworks cared for and by whom? What criteria, methods, and processes are used to select work for preservation or presentation? Why do people value objects, artifacts, and artworks, and select them for presentation?
Process Component(s): Select, Analyze

Performance Standard(s):
Explore how past, present, and emerging technologies have impacted the preservation and presentation of artwork.
"
CA-VAPA-2019,4.VA:Cr3,4,,Visual Arts,,Creating,3: Refine and complete artistic work,"Artists and designers develop excellence through practice and constructive critique to reflect on, revise, and refine work over time.","What role does persistence play in revising, refining, and developing work? How do artists grow and become accomplished in art forms? How does collaboratively reflecting on a work help us experience it more completely?","Reflect, Refine, Revise",Revise artwork in progress on the basis of insights gained through peer discussion.,https://www.cde.ca.gov/be/st/ss/index.asp,,"Standard Identifier: 4.VA:Cr3
Grade: 4
Discipline: Visual Arts
Artistic Process: CreatingAnchor Standard: 3: Refine and complete artistic work

Enduring Understanding: Artists and designers develop excellence through practice and constructive critique to reflect on, revise, and refine work over time.
Essential Question(s): What role does persistence play in revising, refining, and developing work? How do artists grow and become accomplished in art forms? How does collaboratively reflecting on a work help us experience it more completely?
Process Component(s): Reflect, Refine, Revise

Performance Standard(s):
Revise artwork in progress on the basis of insights gained through peer discussion.
"
CA-VAPA-2019,4.VA:Cr2.3,4,,Visual Arts,,Creating,2: Organize and develop artistic ideas and work,"2.3 People create and interact with objects, places, and design that define, shape, enhance, and empower their lives.","How do objects, places, and design shape lives and communities? How do artists and designers determine goals for designing or redesigning objects, places, or systems? How do artists and designers create works of art or design that communicate effectively?",Investigate,"Document, describe, and represent regional constructed environments.",https://www.cde.ca.gov/be/st/ss/index.asp,,"Standard Identifier: 4.VA:Cr2.3
Grade: 4
Discipline: Visual Arts
Artistic Process: CreatingAnchor Standard: 2: Organize and develop artistic ideas and work

Enduring Understanding: 2.3 People create and interact with objects, places, and design that define, shape, enhance, and empower their lives.
Essential Question(s): How do objects, places, and design shape lives and communities? How do artists and designers determine goals for designing or redesigning objects, places, or systems? How do artists and designers create works of art or design that communicate effectively?
Process Component(s): Investigate

Performance Standard(s):
Document, describe, and represent regional constructed environments.
"
CA-VAPA-2019,4.VA:Cr2.2,4,,Visual Arts,,Creating,2: Organize and develop artistic ideas and work,"2.2 Artists and designers balance experimentation and safety, freedom and responsibility while developing and creating artworks.","How do artists and designers care for and maintain materials, tools, and equipment? Why is it important for safety and health to understand and follow correct procedures in handling materials, tools, and equipment? What responsibilities come with the free",Investigate,"When making works of art, utilize and care for materials, tools, and equipment in a manner that prevents danger to oneself and others.",https://www.cde.ca.gov/be/st/ss/index.asp,,"Standard Identifier: 4.VA:Cr2.2
Grade: 4
Discipline: Visual Arts
Artistic Process: CreatingAnchor Standard: 2: Organize and develop artistic ideas and work

Enduring Understanding: 2.2 Artists and designers balance experimentation and safety, freedom and responsibility while developing and creating artworks.
Essential Question(s): How do artists and designers care for and maintain materials, tools, and equipment? Why is it important for safety and health to understand and follow correct procedures in handling materials, tools, and equipment? What responsibilities come with the free
Process Component(s): Investigate

Performance Standard(s):
When making works of art, utilize and care for materials, tools, and equipment in a manner that prevents danger to oneself and others.
"
CA-VAPA-2019,4.VA:Cr2.1,4,,Visual Arts,,Creating,2: Organize and develop artistic ideas and work,"2.1 Artists and designers experiment with forms, structures, materials, concepts, media, and art-making approaches.",How do artists work? How do artists and designers determine whether a particular direction in their work is effective? How do artists and designers learn from trial and error?,Investigate,Explore and invent art-making techniques and approaches.,https://www.cde.ca.gov/be/st/ss/index.asp,,"Standard Identifier: 4.VA:Cr2.1
Grade: 4
Discipline: Visual Arts
Artistic Process: CreatingAnchor Standard: 2: Organize and develop artistic ideas and work

Enduring Understanding: 2.1 Artists and designers experiment with forms, structures, materials, concepts, media, and art-making approaches.
Essential Question(s): How do artists work? How do artists and designers determine whether a particular direction in their work is effective? How do artists and designers learn from trial and error?
Process Component(s): Investigate

Performance Standard(s):
Explore and invent art-making techniques and approaches.
"
CA-VAPA-2019,4.VA:Cr1.2,4,,Visual Arts,,Creating,1: Generate and conceptualize artistic ideas and work,"1.2 Artists and designers shape artistic investigations, following or breaking with traditions in pursuit of creative artmaking goals.","How does knowing the contexts, histories, and traditions of art forms help us create works of art and design? Why do artists follow or break from established traditions? How do artists determine what resources and criteria are needed to formulate artistic investigation.","Imagine, Plan, Make",Collaboratively set goals and create artwork that is meaningful and has purpose to the makers.,https://www.cde.ca.gov/be/st/ss/index.asp,,"Standard Identifier: 4.VA:Cr1.2
Grade: 4
Discipline: Visual Arts
Artistic Process: CreatingAnchor Standard: 1: Generate and conceptualize artistic ideas and work

Enduring Understanding: 1.2 Artists and designers shape artistic investigations, following or breaking with traditions in pursuit of creative artmaking goals.
Essential Question(s): How does knowing the contexts, histories, and traditions of art forms help us create works of art and design? Why do artists follow or break from established traditions? How do artists determine what resources and criteria are needed to formulate artistic investigation.
Process Component(s): Imagine, Plan, Make

Performance Standard(s):
Collaboratively set goals and create artwork that is meaningful and has purpose to the makers.
"
CA-VAPA-2019,4.VA:Cr1.1,4,,Visual Arts,,Creating,1: Generate and conceptualize artistic ideas and work,1.1 Creativity and innovative thinking are essential life skills that can be developed.,"What conditions, attitudes, and behaviors support creativity and innovative thinking? What factors prevent or encourage people to take creative risks? How does collaboration expand the creative process?","Imagine, Plan, Make",Brainstorm individual and collaborative approaches to a creative art or design problem.,https://www.cde.ca.gov/be/st/ss/index.asp,,"Standard Identifier: 4.VA:Cr1.1
Grade: 4
Discipline: Visual Arts
Artistic Process: CreatingAnchor Standard: 1: Generate and conceptualize artistic ideas and work

Enduring Understanding: 1.1 Creativity and innovative thinking are essential life skills that can be developed.
Essential Question(s): What conditions, attitudes, and behaviors support creativity and innovative thinking? What factors prevent or encourage people to take creative risks? How does collaboration expand the creative process?
Process Component(s): Imagine, Plan, Make

Performance Standard(s):
Brainstorm individual and collaborative approaches to a creative art or design problem.
"
CA-VAPA-2019,4.TH:Cn11.2,4,,Theatre,,Connecting,"11: Relate artistic ideas and works with societal, cultural, and historical context to deepen understanding",11.2 Theatre artists critically inquire into the ways others have thought about and created drama processes and productions to inform their own work.,"In what ways can research into theatre histories, theories, literature, and performances alter the way a drama process or production is understood?",Research,"a. Investigate cross-cultural approaches to storytelling in drama/theatre work.
b. Compare the drama/theatre conventions of a given time period with those of the present.",https://www.cde.ca.gov/be/st/ss/index.asp,,"Standard Identifier: 4.TH:Cn11.2
Grade: 4
Discipline: Theatre
Artistic Process: ConnectingAnchor Standard: 11: Relate artistic ideas and works with societal, cultural, and historical context to deepen understanding

Enduring Understanding: 11.2 Theatre artists critically inquire into the ways others have thought about and created drama processes and productions to inform their own work.
Essential Question(s): In what ways can research into theatre histories, theories, literature, and performances alter the way a drama process or production is understood?
Process Component(s): Research

Performance Standard(s):
a. Investigate cross-cultural approaches to storytelling in drama/theatre work.
b. Compare the drama/theatre conventions of a given time period with those of the present.
"
CA-VAPA-2019,4.TH:Cn11.1,4,,Theatre,,Connecting,"11: Relate artistic ideas and works with societal, cultural, and historical context to deepen understanding",11.1 Theatre artists understand and can communicate through their creative process as they analyze the way the world may be understood.,What happens when theatre artists allow an understanding of themselves and the world to inform perceptions about theatre and the purpose of their work?,Interrelate,"a. Respond to community and social issues and incorporate other content areas in drama/theatre work.
b. Use responsible practices for creating and adapting drama/theatre works.",https://www.cde.ca.gov/be/st/ss/index.asp,,"Standard Identifier: 4.TH:Cn11.1
Grade: 4
Discipline: Theatre
Artistic Process: ConnectingAnchor Standard: 11: Relate artistic ideas and works with societal, cultural, and historical context to deepen understanding

Enduring Understanding: 11.1 Theatre artists understand and can communicate through their creative process as they analyze the way the world may be understood.
Essential Question(s): What happens when theatre artists allow an understanding of themselves and the world to inform perceptions about theatre and the purpose of their work?
Process Component(s): Interrelate

Performance Standard(s):
a. Respond to community and social issues and incorporate other content areas in drama/theatre work.
b. Use responsible practices for creating and adapting drama/theatre works.
"
CA-VAPA-2019,4.TH:Cn10,4,,Theatre,,Connecting,10: Synthesize and relate knowledge and personal experiences to make art,Theatre artists allow awareness of interrelationships between self and others to influence and inform their work.,"What happens when theatre artists foster understanding between self and others through critical awareness, social responsibility, and the exploration of empathy?",Empathize,Imagine and identify the ways drama/theatre work reflects the perspectives of a community or culture.,https://www.cde.ca.gov/be/st/ss/index.asp,,"Standard Identifier: 4.TH:Cn10
Grade: 4
Discipline: Theatre
Artistic Process: ConnectingAnchor Standard: 10: Synthesize and relate knowledge and personal experiences to make art

Enduring Understanding: Theatre artists allow awareness of interrelationships between self and others to influence and inform their work.
Essential Question(s): What happens when theatre artists foster understanding between self and others through critical awareness, social responsibility, and the exploration of empathy?
Process Component(s): Empathize

Performance Standard(s):
Imagine and identify the ways drama/theatre work reflects the perspectives of a community or culture.
"
CA-VAPA-2019,4.TH:Re9,4,,Theatre,,Responding,9: Apply criteria to evaluate artistic work,"Theatre artists apply criteria to understand, explore, and assess drama and theatre work.",How do analysis and synthesis impact the theatre artist’s process and audience’s perspectives?,Evaluate,"a. Develop and implement a plan to evaluate drama/theatre work.
b. Analyze and evaluate characters’ choices in a drama/theatre work from an audience perspective.
c. Explore how technical theatre elements may support a theme or idea in a drama/theatre work.",https://www.cde.ca.gov/be/st/ss/index.asp,,"Standard Identifier: 4.TH:Re9
Grade: 4
Discipline: Theatre
Artistic Process: RespondingAnchor Standard: 9: Apply criteria to evaluate artistic work

Enduring Understanding: Theatre artists apply criteria to understand, explore, and assess drama and theatre work.
Essential Question(s): How do analysis and synthesis impact the theatre artist’s process and audience’s perspectives?
Process Component(s): Evaluate

Performance Standard(s):
a. Develop and implement a plan to evaluate drama/theatre work.
b. Analyze and evaluate characters’ choices in a drama/theatre work from an audience perspective.
c. Explore how technical theatre elements may support a theme or idea in a drama/theatre work.
"
CA-VAPA-2019,4.TH:Re8,4,,Theatre,,Responding,8: Interpret intent and meaning in artistic work,"Theatre artists’ interpretations of drama/theatre work are influenced by personal experiences, culture, and aesthetics.",How can the same work of art communicate different messages to different people?,Interpret,"a. Compare and contrast multiple personal experiences when participating in or observing a drama/theatre work.
b. Compare and contrast the qualities of characters in a drama/theatre work through physical characteristics and prop or costume design choices that reflect cultural contexts.
c. Identify and discuss physiological changes connected to emotions in drama/ theatre work.",https://www.cde.ca.gov/be/st/ss/index.asp,,"Standard Identifier: 4.TH:Re8
Grade: 4
Discipline: Theatre
Artistic Process: RespondingAnchor Standard: 8: Interpret intent and meaning in artistic work

Enduring Understanding: Theatre artists’ interpretations of drama/theatre work are influenced by personal experiences, culture, and aesthetics.
Essential Question(s): How can the same work of art communicate different messages to different people?
Process Component(s): Interpret

Performance Standard(s):
a. Compare and contrast multiple personal experiences when participating in or observing a drama/theatre work.
b. Compare and contrast the qualities of characters in a drama/theatre work through physical characteristics and prop or costume design choices that reflect cultural contexts.
c. Identify and discuss physiological changes connected to emotions in drama/ theatre work.
"
CA-VAPA-2019,4.TH:Re7,4,,Theatre,,Responding,7: Perceive and analyze artistic work,Theatre artists reflect to understand the impact of drama processes and theatre experiences.,How do theatre artists comprehend the essence of drama processes and theatre experiences?,Reflect,Identify artistic choices made in a drama/theatre work through participation and observation.,https://www.cde.ca.gov/be/st/ss/index.asp,,"Standard Identifier: 4.TH:Re7
Grade: 4
Discipline: Theatre
Artistic Process: RespondingAnchor Standard: 7: Perceive and analyze artistic work

Enduring Understanding: Theatre artists reflect to understand the impact of drama processes and theatre experiences.
Essential Question(s): How do theatre artists comprehend the essence of drama processes and theatre experiences?
Process Component(s): Reflect

Performance Standard(s):
Identify artistic choices made in a drama/theatre work through participation and observation.
"
CA-VAPA-2019,4.TH:Pr6,4,,Theatre,,Performing,6: Convey meaning through the presentation of artistic work,"Theatre artists share and present stories, ideas, and envisioned worlds to explore the human experience in diverse cultures.",What happens when theatre artists and audiences share a creative experience?,"Share, Present",Present a drama/theatre work to peers as audience and reflect on performance.,https://www.cde.ca.gov/be/st/ss/index.asp,,"Standard Identifier: 4.TH:Pr6
Grade: 4
Discipline: Theatre
Artistic Process: PerformingAnchor Standard: 6: Convey meaning through the presentation of artistic work

Enduring Understanding: Theatre artists share and present stories, ideas, and envisioned worlds to explore the human experience in diverse cultures.
Essential Question(s): What happens when theatre artists and audiences share a creative experience?
Process Component(s): Share, Present

Performance Standard(s):
Present a drama/theatre work to peers as audience and reflect on performance.
"
CA-VAPA-2019,4.TH:Pr5,4,,Theatre,,Performing,5: Develop and refine artistic techniques and work for presentation,Theatre artists develop personal processes and skills for a performance or design.,What can I do to fully prepare a performance or technical design?,Prepare,"a. Practice selected exercises that can be used in a group setting for drama/theatre work.
b. Propose the use of technical theatre elements in a drama/theatre work.",https://www.cde.ca.gov/be/st/ss/index.asp,,"Standard Identifier: 4.TH:Pr5
Grade: 4
Discipline: Theatre
Artistic Process: PerformingAnchor Standard: 5: Develop and refine artistic techniques and work for presentation

Enduring Understanding: Theatre artists develop personal processes and skills for a performance or design.
Essential Question(s): What can I do to fully prepare a performance or technical design?
Process Component(s): Prepare

Performance Standard(s):
a. Practice selected exercises that can be used in a group setting for drama/theatre work.
b. Propose the use of technical theatre elements in a drama/theatre work.
"
CA-VAPA-2019,4.TH:Pr4,4,,Theatre,,Performing,"4. Select, analyze, and interpret artistic work for presentation",Theatre artists make strong choices to effectively convey meaning.,Why are strong choices essential to interpreting a drama or theatre piece?,Select,"a. Adapt the dialogue and action to change the story in a drama/theatre work.
b. Make physical choices to develop a character in a drama/theatre work.",https://www.cde.ca.gov/be/st/ss/index.asp,,"Standard Identifier: 4.TH:Pr4
Grade: 4
Discipline: Theatre
Artistic Process: PerformingAnchor Standard: 4. Select, analyze, and interpret artistic work for presentation

Enduring Understanding: Theatre artists make strong choices to effectively convey meaning.
Essential Question(s): Why are strong choices essential to interpreting a drama or theatre piece?
Process Component(s): Select

Performance Standard(s):
a. Adapt the dialogue and action to change the story in a drama/theatre work.
b. Make physical choices to develop a character in a drama/theatre work.
"
CA-VAPA-2019,4.TH:Cr3,4,,Theatre,,Creating,3: Refine and complete artistic work,Theatre artists refine their work and practice their craft through rehearsal.,How do theatre artists transform and edit their initial ideas?,Rehearse,"a. Revise and refine an improvised or scripted drama/theatre work through rehearsal and collaborative review.
b. Develop physical and vocal exercise techniques for an improvised or scripted drama/theatre work.
c. Collaborate on solutions to design and technical theatre element problems that arise in rehearsal for a drama/theatre work.",https://www.cde.ca.gov/be/st/ss/index.asp,,"Standard Identifier: 4.TH:Cr3
Grade: 4
Discipline: Theatre
Artistic Process: CreatingAnchor Standard: 3: Refine and complete artistic work

Enduring Understanding: Theatre artists refine their work and practice their craft through rehearsal.
Essential Question(s): How do theatre artists transform and edit their initial ideas?
Process Component(s): Rehearse

Performance Standard(s):
a. Revise and refine an improvised or scripted drama/theatre work through rehearsal and collaborative review.
b. Develop physical and vocal exercise techniques for an improvised or scripted drama/theatre work.
c. Collaborate on solutions to design and technical theatre element problems that arise in rehearsal for a drama/theatre work.
"
CA-VAPA-2019,4.TH:Cr2,4,,Theatre,,Creating,2: Organize and develop artistic ideas and work,Theatre artists work to discover different ways of communicating meaning.,"How, when, and why do theatre artists’ choices change?",Develop,"a. Collaborate to devise original ideas for a drama/theatre work by asking questions about characters and plots.
b. Make and discuss group decisions and identify responsibilities required to present a drama/theatre work to peers.",https://www.cde.ca.gov/be/st/ss/index.asp,,"Standard Identifier: 4.TH:Cr2
Grade: 4
Discipline: Theatre
Artistic Process: CreatingAnchor Standard: 2: Organize and develop artistic ideas and work

Enduring Understanding: Theatre artists work to discover different ways of communicating meaning.
Essential Question(s): How, when, and why do theatre artists’ choices change?
Process Component(s): Develop

Performance Standard(s):
a. Collaborate to devise original ideas for a drama/theatre work by asking questions about characters and plots.
b. Make and discuss group decisions and identify responsibilities required to present a drama/theatre work to peers.
"
CA-VAPA-2019,4.TH:Cr1,4,,Theatre,,Creating,1: Generate and conceptualize artistic ideas and work,"Theatre artists rely on intuition, curiosity, culture, and critical inquiry.","What happens when theatre artists use their culture, imaginations and/or learned theatre skills while engaging in creative exploration and inquiry?","Envision,Conceptualize",a. Articulate the visual details of imagined worlds and improvised stories that support the given circumstances in a drama/theatre work.b. Imagine how a character might move and speak to support the story and given circumstances in a drama/theatre work.c. Visualize and design technical theatre elements that support the story and given circumstances in a drama/theatre work.,https://www.cde.ca.gov/be/st/ss/index.asp,,"Standard Identifier: 4.TH:Cr1
Grade: 4
Discipline: Theatre
Artistic Process: CreatingAnchor Standard: 1: Generate and conceptualize artistic ideas and work

Enduring Understanding: Theatre artists rely on intuition, curiosity, culture, and critical inquiry.
Essential Question(s): What happens when theatre artists use their culture, imaginations and/or learned theatre skills while engaging in creative exploration and inquiry?
Process Component(s): Envision,Conceptualize

Performance Standard(s):
a. Articulate the visual details of imagined worlds and improvised stories that support the given circumstances in a drama/theatre work.b. Imagine how a character might move and speak to support the story and given circumstances in a drama/theatre work.c. Visualize and design technical theatre elements that support the story and given circumstances in a drama/theatre work.
"
CA-VAPA-2019,4.MU:Cn10,4,,Music,TK-8,Connecting,10: Synthesize and relate knowledge and personal experiences to make art,"Musicians connect their personal interests, experiences, ideas, and knowledge to creating, performing, and responding.","How do musicians make meaningful connections to creating, performing, and responding?",Synthesize,"Describe and demonstrate how personal interests, experiences, ideas, and knowledge relate to creating, performing, and responding to music.",https://www.cde.ca.gov/be/st/ss/index.asp,,"Standard Identifier: 4.MU:Cn10
Grade: 4
Discipline: MusicSubdiscipline: TK-8
Artistic Process: ConnectingAnchor Standard: 10: Synthesize and relate knowledge and personal experiences to make art

Enduring Understanding: Musicians connect their personal interests, experiences, ideas, and knowledge to creating, performing, and responding.
Essential Question(s): How do musicians make meaningful connections to creating, performing, and responding?
Process Component(s): Synthesize

Performance Standard(s):
Describe and demonstrate how personal interests, experiences, ideas, and knowledge relate to creating, performing, and responding to music.
"
CA-VAPA-2019,4.MU:Re9,4,,Music,TK-8,Responding,9: Apply criteria to evaluate artistic work,"The personal evaluation of musical work(s) and performance(s) is informed by analysis, interpretation, and established criteria.",How do we judge the quality of musical work(s) and performance(s)?,Evaluate,"Evaluate musical works and performances, applying established criteria, and explain appropriateness to the context.",https://www.cde.ca.gov/be/st/ss/index.asp,,"Standard Identifier: 4.MU:Re9
Grade: 4
Discipline: MusicSubdiscipline: TK-8
Artistic Process: RespondingAnchor Standard: 9: Apply criteria to evaluate artistic work

Enduring Understanding: The personal evaluation of musical work(s) and performance(s) is informed by analysis, interpretation, and established criteria.
Essential Question(s): How do we judge the quality of musical work(s) and performance(s)?
Process Component(s): Evaluate

Performance Standard(s):
Evaluate musical works and performances, applying established criteria, and explain appropriateness to the context.
"
CA-VAPA-2019,4.MU:Re8,4,,Music,TK-8,Responding,8: Interpret intent and meaning in artistic work,"Through their use of elements and structures of music, creators and performers provide clues to their expressive intent.",How do we discern the musical creators’ and performers’ expressive intent?,Interpret,"Demonstrate and explain how expressive qualities (such as dynamics, tempo, and timbre) are used in performers’ personal interpretations to reflect creators’ expressive intent.",https://www.cde.ca.gov/be/st/ss/index.asp,,"Standard Identifier: 4.MU:Re8
Grade: 4
Discipline: MusicSubdiscipline: TK-8
Artistic Process: RespondingAnchor Standard: 8: Interpret intent and meaning in artistic work

Enduring Understanding: Through their use of elements and structures of music, creators and performers provide clues to their expressive intent.
Essential Question(s): How do we discern the musical creators’ and performers’ expressive intent?
Process Component(s): Interpret

Performance Standard(s):
Demonstrate and explain how expressive qualities (such as dynamics, tempo, and timbre) are used in performers’ personal interpretations to reflect creators’ expressive intent.
"
CA-VAPA-2019,4.MU:Re7.2,4,,Music,TK-8,Responding,7: Perceive and analyze artistic work,"7.2 Response to music is informed by analyzing context (social, cultural, and historical) and how creators and performers manipulate the elements of music.",How do individuals choose music to experience?,Analyze,"Demonstrate and explain how responses to music are informed by the structure, the use of the elements of music, and context (such as personal, social and cultural).",https://www.cde.ca.gov/be/st/ss/index.asp,,"Standard Identifier: 4.MU:Re7.2
Grade: 4
Discipline: MusicSubdiscipline: TK-8
Artistic Process: RespondingAnchor Standard: 7: Perceive and analyze artistic work

Enduring Understanding: 7.2 Response to music is informed by analyzing context (social, cultural, and historical) and how creators and performers manipulate the elements of music.
Essential Question(s): How do individuals choose music to experience?
Process Component(s): Analyze

Performance Standard(s):
Demonstrate and explain how responses to music are informed by the structure, the use of the elements of music, and context (such as personal, social and cultural).
"
CA-VAPA-2019,4.MU:Re7.1,4,,Music,TK-8,Responding,7: Perceive and analyze artistic work,"7.1 Individuals' selection of musical works is influenced by their interests, experiences, understandings, and purposes.",How do individuals choose music to experience?,Select,"Demonstrate and explain how selected music connects to and is influenced by specific interests, experiences, purposes, or contexts.",https://www.cde.ca.gov/be/st/ss/index.asp,,"Standard Identifier: 4.MU:Re7.1
Grade: 4
Discipline: MusicSubdiscipline: TK-8
Artistic Process: RespondingAnchor Standard: 7: Perceive and analyze artistic work

Enduring Understanding: 7.1 Individuals' selection of musical works is influenced by their interests, experiences, understandings, and purposes.
Essential Question(s): How do individuals choose music to experience?
Process Component(s): Select

Performance Standard(s):
Demonstrate and explain how selected music connects to and is influenced by specific interests, experiences, purposes, or contexts.
"
CA-VAPA-2019,4.MU:Cn11,4,,Music,TK-8,Connecting,"11: Relate artistic ideas and works with societal, cultural, and historical context to deepen understanding","Musicians connect societal, cultural, and historical contexts when creating, performing, and responding.","How do musicians make meaningful connections to societal, cultural, and historical contexts when creating, performing, and responding?",Relate,"Describe and demonstrate connections between music and societal, cultural, and historical contexts.",https://www.cde.ca.gov/be/st/ss/index.asp,,"Standard Identifier: 4.MU:Cn11
Grade: 4
Discipline: MusicSubdiscipline: TK-8
Artistic Process: ConnectingAnchor Standard: 11: Relate artistic ideas and works with societal, cultural, and historical context to deepen understanding

Enduring Understanding: Musicians connect societal, cultural, and historical contexts when creating, performing, and responding.
Essential Question(s): How do musicians make meaningful connections to societal, cultural, and historical contexts when creating, performing, and responding?
Process Component(s): Relate

Performance Standard(s):
Describe and demonstrate connections between music and societal, cultural, and historical contexts.
"
CA-VAPA-2019,4.MU:Pr6,4,,Music,TK-8,Performing,6: Convey meaning through the presentation of artistic work,"Musicians judge performance based on criteria that vary across time, place, and cultures. The context and how a work is presented influence audience response.",When is a performance judged ready to present? How do context and the manner in which musical work is presented influence audience response?,Present,"a. Perform music, with expression, technical accuracy, and appropriate interpretation.
b. Demonstrate performance decorum and audience etiquette appropriate for the context, venue, and genre.",https://www.cde.ca.gov/be/st/ss/index.asp,,"Standard Identifier: 4.MU:Pr6
Grade: 4
Discipline: MusicSubdiscipline: TK-8
Artistic Process: PerformingAnchor Standard: 6: Convey meaning through the presentation of artistic work

Enduring Understanding: Musicians judge performance based on criteria that vary across time, place, and cultures. The context and how a work is presented influence audience response.
Essential Question(s): When is a performance judged ready to present? How do context and the manner in which musical work is presented influence audience response?
Process Component(s): Present

Performance Standard(s):
a. Perform music, with expression, technical accuracy, and appropriate interpretation.
b. Demonstrate performance decorum and audience etiquette appropriate for the context, venue, and genre.
"
CA-VAPA-2019,4.MU:Pr5,4,,Music,TK-8,Performing,5: Develop and refine artistic techniques and work for presentation,"To express their musical ideas, musicians analyze, evaluate, and refine their performance over time through openness to new ideas, persistence, and the application of appropriate criteria.",How do musicians improve the quality of their performance?,"Rehearse, Evaluate, and Refine","a. Apply teacher provided and collaboratively developed criteria and feedback to evaluate accuracy and expressiveness of ensemble and personal performances.
b. Rehearse to refine technical accuracy and expressive qualities, and address performance challenges.",https://www.cde.ca.gov/be/st/ss/index.asp,,"Standard Identifier: 4.MU:Pr5
Grade: 4
Discipline: MusicSubdiscipline: TK-8
Artistic Process: PerformingAnchor Standard: 5: Develop and refine artistic techniques and work for presentation

Enduring Understanding: To express their musical ideas, musicians analyze, evaluate, and refine their performance over time through openness to new ideas, persistence, and the application of appropriate criteria.
Essential Question(s): How do musicians improve the quality of their performance?
Process Component(s): Rehearse, Evaluate, and Refine

Performance Standard(s):
a. Apply teacher provided and collaboratively developed criteria and feedback to evaluate accuracy and expressiveness of ensemble and personal performances.
b. Rehearse to refine technical accuracy and expressive qualities, and address performance challenges.
"
CA-VAPA-2019,4.MU:Pr4.3,4,,Music,TK-8,Performing,"4. Select, analyze, and interpret artistic work for presentation",4.3 Performers make interpretive decisions based on their understanding of context and expressive intent.,How do performers interpret musical works?,Interpret,"Demonstrate and explain how intent is conveyed through interpretive decisions and expressive qualities (such as dynamics, tempo, and timbre).",https://www.cde.ca.gov/be/st/ss/index.asp,,"Standard Identifier: 4.MU:Pr4.3
Grade: 4
Discipline: MusicSubdiscipline: TK-8
Artistic Process: PerformingAnchor Standard: 4. Select, analyze, and interpret artistic work for presentation

Enduring Understanding: 4.3 Performers make interpretive decisions based on their understanding of context and expressive intent.
Essential Question(s): How do performers interpret musical works?
Process Component(s): Interpret

Performance Standard(s):
Demonstrate and explain how intent is conveyed through interpretive decisions and expressive qualities (such as dynamics, tempo, and timbre).
"
CA-VAPA-2019,4.MU:Pr4.2,4,,Music,TK-8,Performing,"4. Select, analyze, and interpret artistic work for presentation",4.2 Analyzing creators’ context and how they manipulate elements of music provides insight into their intent and informs performance.,How does understanding the structure and context of musical works inform performance?,Analyze,"a.Demonstrate understanding of the structure and the elements of music (such as rhythm, pitch, and form) in music selected for performance.
b. When analyzing selected music, read and perform using iconic and/or standard notation.
c. Explain how context (such as personal, social and cultural) informs a performance.",https://www.cde.ca.gov/be/st/ss/index.asp,,"Standard Identifier: 4.MU:Pr4.2
Grade: 4
Discipline: MusicSubdiscipline: TK-8
Artistic Process: PerformingAnchor Standard: 4. Select, analyze, and interpret artistic work for presentation

Enduring Understanding: 4.2 Analyzing creators’ context and how they manipulate elements of music provides insight into their intent and informs performance.
Essential Question(s): How does understanding the structure and context of musical works inform performance?
Process Component(s): Analyze

Performance Standard(s):
a.Demonstrate understanding of the structure and the elements of music (such as rhythm, pitch, and form) in music selected for performance.
b. When analyzing selected music, read and perform using iconic and/or standard notation.
c. Explain how context (such as personal, social and cultural) informs a performance.
"
CA-VAPA-2019,4.MU:Pr4.1,4,,Music,TK-8,Performing,"4. Select, analyze, and interpret artistic work for presentation","4.1 Performers’ interest in and knowledge of musical works, understanding of their own technical skill, and the context for a performance influence the selection of repertoire.",How do performers select repertoire?,Select,"Demonstrate and explain how the selection of music to perform is influenced by personal interest, knowledge, context, and technical skill.",https://www.cde.ca.gov/be/st/ss/index.asp,,"Standard Identifier: 4.MU:Pr4.1
Grade: 4
Discipline: MusicSubdiscipline: TK-8
Artistic Process: PerformingAnchor Standard: 4. Select, analyze, and interpret artistic work for presentation

Enduring Understanding: 4.1 Performers’ interest in and knowledge of musical works, understanding of their own technical skill, and the context for a performance influence the selection of repertoire.
Essential Question(s): How do performers select repertoire?
Process Component(s): Select

Performance Standard(s):
Demonstrate and explain how the selection of music to perform is influenced by personal interest, knowledge, context, and technical skill.
"
CA-VAPA-2019,4.MU:Cr3.2,4,,Music,TK-8,Creating,3: Refine and complete artistic work,3.2 Musicians’ presentation of creative work is the culmination of a process of creation and communication.,When is creative work ready to share?,Present,Present the final version of personal created music to others and explain connection to expressive intent.,https://www.cde.ca.gov/be/st/ss/index.asp,,"Standard Identifier: 4.MU:Cr3.2
Grade: 4
Discipline: MusicSubdiscipline: TK-8
Artistic Process: CreatingAnchor Standard: 3: Refine and complete artistic work

Enduring Understanding: 3.2 Musicians’ presentation of creative work is the culmination of a process of creation and communication.
Essential Question(s): When is creative work ready to share?
Process Component(s): Present

Performance Standard(s):
Present the final version of personal created music to others and explain connection to expressive intent.
"
CA-VAPA-2019,4.MU:Cr3.1,4,,Music,TK-8,Creating,3: Refine and complete artistic work,"3.1 Musicians evaluate, and refine their work through openness to new ideas, persistence, and the application of appropriate criteria.",How do musicians improve the quality of their creative work?,Evaluate and Refine,"Evaluate, refine, and document revisions to personal music, applying teacher-provided and collaboratively developed criteria and feedback to show improvement over time.",https://www.cde.ca.gov/be/st/ss/index.asp,,"Standard Identifier: 4.MU:Cr3.1
Grade: 4
Discipline: MusicSubdiscipline: TK-8
Artistic Process: CreatingAnchor Standard: 3: Refine and complete artistic work

Enduring Understanding: 3.1 Musicians evaluate, and refine their work through openness to new ideas, persistence, and the application of appropriate criteria.
Essential Question(s): How do musicians improve the quality of their creative work?
Process Component(s): Evaluate and Refine

Performance Standard(s):
Evaluate, refine, and document revisions to personal music, applying teacher-provided and collaboratively developed criteria and feedback to show improvement over time.
"
CA-VAPA-2019,4.MU:Cr2,4,,Music,TK-8,Creating,2: Organize and develop artistic ideas and work,"Musicians’ creative choices are influenced by their expertise, context, and expressive intent",How do musicians make creative decisions?,Plan & Make,"a. Demonstrate selected and organized musical ideas for an improvisation, arrangement, or composition to express intent, and explain connection to purpose and context.
b. Use standard and/or iconic notation and/or recording technology to document personal rhythmic, melodic, and simple harmonic musical ideas.",https://www.cde.ca.gov/be/st/ss/index.asp,,"Standard Identifier: 4.MU:Cr2
Grade: 4
Discipline: MusicSubdiscipline: TK-8
Artistic Process: CreatingAnchor Standard: 2: Organize and develop artistic ideas and work

Enduring Understanding: Musicians’ creative choices are influenced by their expertise, context, and expressive intent
Essential Question(s): How do musicians make creative decisions?
Process Component(s): Plan & Make

Performance Standard(s):
a. Demonstrate selected and organized musical ideas for an improvisation, arrangement, or composition to express intent, and explain connection to purpose and context.
b. Use standard and/or iconic notation and/or recording technology to document personal rhythmic, melodic, and simple harmonic musical ideas.
"
CA-VAPA-2019,4.MU:Cr1,4,,Music,TK-8,Creating,1: Generate and conceptualize artistic ideas and work,"The creative ideas, concepts, and feelings that influence musicians’ work emerge from a variety of sources.",How do musicians generate creative ideas?,Imagine,"a. Improvise rhythmic, melodic, and harmonic ideas, and explain connection to specific purpose and context (such as social and cultural).
b. Generate musical ideas (such as rhythms, melodies, and simple accompaniment patterns) within related tonalities (such as major and minor) and meters.",https://www.cde.ca.gov/be/st/ss/index.asp,,"Standard Identifier: 4.MU:Cr1
Grade: 4
Discipline: MusicSubdiscipline: TK-8
Artistic Process: CreatingAnchor Standard: 1: Generate and conceptualize artistic ideas and work

Enduring Understanding: The creative ideas, concepts, and feelings that influence musicians’ work emerge from a variety of sources.
Essential Question(s): How do musicians generate creative ideas?
Process Component(s): Imagine

Performance Standard(s):
a. Improvise rhythmic, melodic, and harmonic ideas, and explain connection to specific purpose and context (such as social and cultural).
b. Generate musical ideas (such as rhythms, melodies, and simple accompaniment patterns) within related tonalities (such as major and minor) and meters.
"
CA-VAPA-2019,4.MA:Cn11,4,,Media Arts,,Connecting,"11: Relate artistic ideas and works with societal, cultural, and historical context to deepen understanding","Media artworks and ideas are better understood and produced by relating them to their purposes, values, and various contexts.","How does media arts relate to its various contexts, purposes, and values? How does investigating these relationships inform and deepen the media artist's understanding and work?",Relate,"a. Explain verbally and/or in media artworks how media artworks and ideas, such as fantasy and reality and technology use, relate to everyday life and culture.
b. Examine and interact appropriately with media arts tools and environments, considering ethics, rules, and fairness.",https://www.cde.ca.gov/be/st/ss/index.asp,,"Standard Identifier: 4.MA:Cn11
Grade: 4
Discipline: Media Arts
Artistic Process: ConnectingAnchor Standard: 11: Relate artistic ideas and works with societal, cultural, and historical context to deepen understanding

Enduring Understanding: Media artworks and ideas are better understood and produced by relating them to their purposes, values, and various contexts.
Essential Question(s): How does media arts relate to its various contexts, purposes, and values? How does investigating these relationships inform and deepen the media artist's understanding and work?
Process Component(s): Relate

Performance Standard(s):
a. Explain verbally and/or in media artworks how media artworks and ideas, such as fantasy and reality and technology use, relate to everyday life and culture.
b. Examine and interact appropriately with media arts tools and environments, considering ethics, rules, and fairness.
"
CA-VAPA-2019,4.MA:Cn10,4,,Media Arts,,Connecting,10: Synthesize and relate knowledge and personal experiences to make art,: Media artworks synthesize meaning and form cultural experience.,How do we relate knowledge and experiences to understanding and making media artworks? How do we learn about and create meaning through producing media artworks?,Synthesize,"a. Examine and use personal and external resources , such as interests, research, and cultural understanding, to create media artworks.
b. Examine and show how media artworks form meanings, situations, and/or cultural experiences, such as online spaces.",https://www.cde.ca.gov/be/st/ss/index.asp,,"Standard Identifier: 4.MA:Cn10
Grade: 4
Discipline: Media Arts
Artistic Process: ConnectingAnchor Standard: 10: Synthesize and relate knowledge and personal experiences to make art

Enduring Understanding: : Media artworks synthesize meaning and form cultural experience.
Essential Question(s): How do we relate knowledge and experiences to understanding and making media artworks? How do we learn about and create meaning through producing media artworks?
Process Component(s): Synthesize

Performance Standard(s):
a. Examine and use personal and external resources , such as interests, research, and cultural understanding, to create media artworks.
b. Examine and show how media artworks form meanings, situations, and/or cultural experiences, such as online spaces.
"
CA-VAPA-2019,4.MA:Re9,4,,Media Arts,,Responding,9: Apply criteria to evaluate artistic work,"Skillful evaluation and critique are critical components of experiencing, appreciating, and producing media artworks.",How and why do media artists value and judge media artworks? When and how should we evaluate and critique media artworks to improve them?,Evaluate,"Identify and apply basic criteria for evaluating and improving media artworks and production processes, considering context.",https://www.cde.ca.gov/be/st/ss/index.asp,,"Standard Identifier: 4.MA:Re9
Grade: 4
Discipline: Media Arts
Artistic Process: RespondingAnchor Standard: 9: Apply criteria to evaluate artistic work

Enduring Understanding: Skillful evaluation and critique are critical components of experiencing, appreciating, and producing media artworks.
Essential Question(s): How and why do media artists value and judge media artworks? When and how should we evaluate and critique media artworks to improve them?
Process Component(s): Evaluate

Performance Standard(s):
Identify and apply basic criteria for evaluating and improving media artworks and production processes, considering context.
"
CA-VAPA-2019,4.MA:Re8,4,,Media Arts,,Responding,8: Interpret intent and meaning in artistic work,"Interpretation and appreciation require consideration of the intent, form, and context of the media and artwork.",How do people relate to and interpret media artworks?,Interpret,"Determine and explain reactions and interpretations to a variety of media artworks, considering their purpose and context.",https://www.cde.ca.gov/be/st/ss/index.asp,,"Standard Identifier: 4.MA:Re8
Grade: 4
Discipline: Media Arts
Artistic Process: RespondingAnchor Standard: 8: Interpret intent and meaning in artistic work

Enduring Understanding: Interpretation and appreciation require consideration of the intent, form, and context of the media and artwork.
Essential Question(s): How do people relate to and interpret media artworks?
Process Component(s): Interpret

Performance Standard(s):
Determine and explain reactions and interpretations to a variety of media artworks, considering their purpose and context.
"
CA-VAPA-2019,4.MA:Re7,4,,Media Arts,,Responding,7: Perceive and analyze artistic work,Identifying the qualities and characteristics of media artworks improves one's artistic appreciation and production.,How do we 'read' media artworks and discern their relational components? How do media artworks function to convey meaning and manage audience experience?,Perceive,"a. Identify, describe, and explain how messages are created by components in media artworks.
b. Identify and describe how various forms, methods, and styles in media artworks manage audience experience.",https://www.cde.ca.gov/be/st/ss/index.asp,,"Standard Identifier: 4.MA:Re7
Grade: 4
Discipline: Media Arts
Artistic Process: RespondingAnchor Standard: 7: Perceive and analyze artistic work

Enduring Understanding: Identifying the qualities and characteristics of media artworks improves one's artistic appreciation and production.
Essential Question(s): How do we 'read' media artworks and discern their relational components? How do media artworks function to convey meaning and manage audience experience?
Process Component(s): Perceive

Performance Standard(s):
a. Identify, describe, and explain how messages are created by components in media artworks.
b. Identify and describe how various forms, methods, and styles in media artworks manage audience experience.
"
CA-VAPA-2019,4.MA:Pr6,4,,Media Arts,,Producing (Media Arts only),6: Convey meaning through the presentation of artistic work,"Media artists purposefully present, share, and distribute media artworks for various contexts.","How does time, place, audience, and context affect presenting or performing choices for media artworks?",Present,"Explain the presentation conditions, audience response, and improvements for presenting.",https://www.cde.ca.gov/be/st/ss/index.asp,,"Standard Identifier: 4.MA:Pr6
Grade: 4
Discipline: Media Arts
Artistic Process: Producing (Media Arts only)Anchor Standard: 6: Convey meaning through the presentation of artistic work

Enduring Understanding: Media artists purposefully present, share, and distribute media artworks for various contexts.
Essential Question(s): How does time, place, audience, and context affect presenting or performing choices for media artworks?
Process Component(s): Present

Performance Standard(s):
Explain the presentation conditions, audience response, and improvements for presenting.
"
CA-VAPA-2019,4.MA:Pr5,4,,Media Arts,,Producing (Media Arts only),5: Develop and refine artistic techniques and work for presentation,Media artists require a range of skills and abilities to creatively solve problems within and through media arts productions.,What skills are required for creating effective media artworks and how are they improved? How are creativity and innovation developed within and through media arts productions? How do media artists use various tools and techniques?,Practice,"a. Enact identified roles to practice foundational artistic, design, technical, and soft skills, such as formal technique, equipment usage, and collaboration, in media arts productions.
b. Practice foundational innovative abilities, such as design thinking and novel use of tools, in addressing problems within and through media arts productions.",https://www.cde.ca.gov/be/st/ss/index.asp,,"Standard Identifier: 4.MA:Pr5
Grade: 4
Discipline: Media Arts
Artistic Process: Producing (Media Arts only)Anchor Standard: 5: Develop and refine artistic techniques and work for presentation

Enduring Understanding: Media artists require a range of skills and abilities to creatively solve problems within and through media arts productions.
Essential Question(s): What skills are required for creating effective media artworks and how are they improved? How are creativity and innovation developed within and through media arts productions? How do media artists use various tools and techniques?
Process Component(s): Practice

Performance Standard(s):
a. Enact identified roles to practice foundational artistic, design, technical, and soft skills, such as formal technique, equipment usage, and collaboration, in media arts productions.
b. Practice foundational innovative abilities, such as design thinking and novel use of tools, in addressing problems within and through media arts productions.
"
CA-VAPA-2019,4.MA:Pr4,4,,Media Arts,,Producing (Media Arts only),"4. Select, analyze, and interpret artistic work for presentation","Media artists integrate various forms and contents to develop complex, unified artworks.",How are complex media arts experiences constructed?,Integrate,"Demonstrate how a variety of academic, arts, and media forms and content, such as narrative, dance, and media, may be mixed and coordinated into media artworks.",https://www.cde.ca.gov/be/st/ss/index.asp,,"Standard Identifier: 4.MA:Pr4
Grade: 4
Discipline: Media Arts
Artistic Process: Producing (Media Arts only)Anchor Standard: 4. Select, analyze, and interpret artistic work for presentation

Enduring Understanding: Media artists integrate various forms and contents to develop complex, unified artworks.
Essential Question(s): How are complex media arts experiences constructed?
Process Component(s): Integrate

Performance Standard(s):
Demonstrate how a variety of academic, arts, and media forms and content, such as narrative, dance, and media, may be mixed and coordinated into media artworks.
"
CA-VAPA-2019,4.MA:Cr2,4,,Media Arts,,Creating,2: Organize and develop artistic ideas and work,"Media artists plan, organize, and develop creative ideas and models into process structures that can effectively realize the artistic idea.",How do media artists organize and develop ideas and models into process structures to achieve the desired end product?,Develop,"Discuss, test, and assemble ideas, plans, and/or models for media arts productions, considering the artistic goals and the presentation.",https://www.cde.ca.gov/be/st/ss/index.asp,,"Standard Identifier: 4.MA:Cr2
Grade: 4
Discipline: Media Arts
Artistic Process: CreatingAnchor Standard: 2: Organize and develop artistic ideas and work

Enduring Understanding: Media artists plan, organize, and develop creative ideas and models into process structures that can effectively realize the artistic idea.
Essential Question(s): How do media artists organize and develop ideas and models into process structures to achieve the desired end product?
Process Component(s): Develop

Performance Standard(s):
Discuss, test, and assemble ideas, plans, and/or models for media arts productions, considering the artistic goals and the presentation.
"
CA-VAPA-2019,4.MA:Cr3,4,,Media Arts,,Creating,3: Refine and complete artistic work,"The forming, integration, and refinement of aesthetic components, principles, and processes creates purpose, meaning, and artistic quality in media artworks.","What is required to produce a media artwork that conveys purpose, meaning, and artistic quality? How do media artists refine their work?",Construct,"a. Structure and arrange various content and components to convey purpose and meaning in different media arts productions, applying sets of associated aesthetic principles, such as balance and contrast.
b. Demonstrate intentional effect in refining media artworks, emphasizing elements for a purpose.",https://www.cde.ca.gov/be/st/ss/index.asp,,"Standard Identifier: 4.MA:Cr3
Grade: 4
Discipline: Media Arts
Artistic Process: CreatingAnchor Standard: 3: Refine and complete artistic work

Enduring Understanding: The forming, integration, and refinement of aesthetic components, principles, and processes creates purpose, meaning, and artistic quality in media artworks.
Essential Question(s): What is required to produce a media artwork that conveys purpose, meaning, and artistic quality? How do media artists refine their work?
Process Component(s): Construct

Performance Standard(s):
a. Structure and arrange various content and components to convey purpose and meaning in different media arts productions, applying sets of associated aesthetic principles, such as balance and contrast.
b. Demonstrate intentional effect in refining media artworks, emphasizing elements for a purpose.
"
CA-VAPA-2019,4.MA:Cr1,4,,Media Arts,,Creating,1: Generate and conceptualize artistic ideas and work,"Media arts ideas, works, and processes are shaped by the imagination, creative processes, and by experiences, both within and outside of the arts.",How do media artists generate ideas? How can ideas for media arts productions be formed and developed to be effective and original?,Conceive,Conceive of original artistic goals for media artworks using a variety of generative methods such as brainstorming and modeling.,https://www.cde.ca.gov/be/st/ss/index.asp,,"Standard Identifier: 4.MA:Cr1
Grade: 4
Discipline: Media Arts
Artistic Process: CreatingAnchor Standard: 1: Generate and conceptualize artistic ideas and work

Enduring Understanding: Media arts ideas, works, and processes are shaped by the imagination, creative processes, and by experiences, both within and outside of the arts.
Essential Question(s): How do media artists generate ideas? How can ideas for media arts productions be formed and developed to be effective and original?
Process Component(s): Conceive

Performance Standard(s):
Conceive of original artistic goals for media artworks using a variety of generative methods such as brainstorming and modeling.
"
CA-VAPA-2019,4.DA:Cn11,4,,Dance,,Connecting,"11: Relate artistic ideas and works with societal, cultural, and historical context to deepen understanding","Dance literacy includes deep knowledge and perspectives about societal, cultural, historical, and community contexts.","How does knowing about societal, cultural, historical and community experiences expand dance literacy?",Relate,"Select and describe movements in a specific genre or style and explain how the movements relate to the culture, society, historical period, or community from which the dance originated.",https://www.cde.ca.gov/be/st/ss/index.asp,,"Standard Identifier: 4.DA:Cn11
Grade: 4
Discipline: Dance
Artistic Process: ConnectingAnchor Standard: 11: Relate artistic ideas and works with societal, cultural, and historical context to deepen understanding

Enduring Understanding: Dance literacy includes deep knowledge and perspectives about societal, cultural, historical, and community contexts.
Essential Question(s): How does knowing about societal, cultural, historical and community experiences expand dance literacy?
Process Component(s): Relate

Performance Standard(s):
Select and describe movements in a specific genre or style and explain how the movements relate to the culture, society, historical period, or community from which the dance originated.
"
CA-VAPA-2019,4.DA:Cn10,4,,Dance,,Connecting,10: Synthesize and relate knowledge and personal experiences to make art,"As dance is experienced, all personal experiences, knowledge, and contexts are integrated and synthesized to interpret meaning.","How does dance deepen our understanding of ourselves, other knowledge, and events around us?",Synthesize,"a. Relate the main idea or content in a dance to other experiences. Explain how the main idea of a dance is similar to or different from one’s own experiences, relationships, ideas or perspectives.
b. Develop and research a question relating to a topic of study in school using multiple sources of references. Select key aspects about the topic and choreograph movements that communicate the information. Discuss what was learned from creating the dance and describe how the topic might be communicated using another form of expression.",https://www.cde.ca.gov/be/st/ss/index.asp,,"Standard Identifier: 4.DA:Cn10
Grade: 4
Discipline: Dance
Artistic Process: ConnectingAnchor Standard: 10: Synthesize and relate knowledge and personal experiences to make art

Enduring Understanding: As dance is experienced, all personal experiences, knowledge, and contexts are integrated and synthesized to interpret meaning.
Essential Question(s): How does dance deepen our understanding of ourselves, other knowledge, and events around us?
Process Component(s): Synthesize

Performance Standard(s):
a. Relate the main idea or content in a dance to other experiences. Explain how the main idea of a dance is similar to or different from one’s own experiences, relationships, ideas or perspectives.
b. Develop and research a question relating to a topic of study in school using multiple sources of references. Select key aspects about the topic and choreograph movements that communicate the information. Discuss what was learned from creating the dance and describe how the topic might be communicated using another form of expression.
"
CA-VAPA-2019,4.DA:Re9,4,,Dance,,Responding,9: Apply criteria to evaluate artistic work,"Criteria for evaluating dance vary across genres, styles, and cultures",What criteria are used to evaluate dance?,Critique,"Define and discuss the characteristics that make a dance artistic and apply those characteristics to dances observed or performed in a specific genre, style, or cultural movement practice. Use basic dance terminology.",https://www.cde.ca.gov/be/st/ss/index.asp,,"Standard Identifier: 4.DA:Re9
Grade: 4
Discipline: Dance
Artistic Process: RespondingAnchor Standard: 9: Apply criteria to evaluate artistic work

Enduring Understanding: Criteria for evaluating dance vary across genres, styles, and cultures
Essential Question(s): What criteria are used to evaluate dance?
Process Component(s): Critique

Performance Standard(s):
Define and discuss the characteristics that make a dance artistic and apply those characteristics to dances observed or performed in a specific genre, style, or cultural movement practice. Use basic dance terminology.
"
CA-VAPA-2019,4.DA:Re8,4,,Dance,,Responding,8: Interpret intent and meaning in artistic work,"Dance is interpreted by considering intent, meaning, and artistic expression as communicated through the use of the body, elements of dance, dance technique, dance structure, and context.",How is dance interpreted?,Interpret,"Relate movements, ideas, and context to decipher meaning in a dance using basic dance terminology.",https://www.cde.ca.gov/be/st/ss/index.asp,,"Standard Identifier: 4.DA:Re8
Grade: 4
Discipline: Dance
Artistic Process: RespondingAnchor Standard: 8: Interpret intent and meaning in artistic work

Enduring Understanding: Dance is interpreted by considering intent, meaning, and artistic expression as communicated through the use of the body, elements of dance, dance technique, dance structure, and context.
Essential Question(s): How is dance interpreted?
Process Component(s): Interpret

Performance Standard(s):
Relate movements, ideas, and context to decipher meaning in a dance using basic dance terminology.
"
CA-VAPA-2019,4.DA:Re7,4,,Dance,,Responding,7: Perceive and analyze artistic work,Dance is perceived and analyzed to comprehend its meaning.,How is a dance understood?,Analyze,"a. Find patterns of movement in dance works that create a style or theme.
b. Demonstrate and explain how dance styles differ within a genre or within a cultural movement practice.",https://www.cde.ca.gov/be/st/ss/index.asp,,"Standard Identifier: 4.DA:Re7
Grade: 4
Discipline: Dance
Artistic Process: RespondingAnchor Standard: 7: Perceive and analyze artistic work

Enduring Understanding: Dance is perceived and analyzed to comprehend its meaning.
Essential Question(s): How is a dance understood?
Process Component(s): Analyze

Performance Standard(s):
a. Find patterns of movement in dance works that create a style or theme.
b. Demonstrate and explain how dance styles differ within a genre or within a cultural movement practice.
"
CA-VAPA-2019,4.DA:Pr6,4,,Dance,,Performing,6: Convey meaning through the presentation of artistic work,"Dance performance is an interaction between performer, production elements, and audience that heightens and amplifies artistic expression.",How does a dancer heighten artistry in a public performance?,Present,"a. Consider how to establish a formal performance space from an informal setting (e.g., gymnasium or grassy area).
b. Identify, explore, and experiment with a variety of production elements to heighten the artistic intent and audience experience.",https://www.cde.ca.gov/be/st/ss/index.asp,,"Standard Identifier: 4.DA:Pr6
Grade: 4
Discipline: Dance
Artistic Process: PerformingAnchor Standard: 6: Convey meaning through the presentation of artistic work

Enduring Understanding: Dance performance is an interaction between performer, production elements, and audience that heightens and amplifies artistic expression.
Essential Question(s): How does a dancer heighten artistry in a public performance?
Process Component(s): Present

Performance Standard(s):
a. Consider how to establish a formal performance space from an informal setting (e.g., gymnasium or grassy area).
b. Identify, explore, and experiment with a variety of production elements to heighten the artistic intent and audience experience.
"
CA-VAPA-2019,4.DA:Pr5,4,,Dance,,Performing,5: Develop and refine artistic techniques and work for presentation,Dancers use the mind-body connection and develop the body as an instrument for artistry and artistic expression.,What must a dancer do to prepare the mind and body for artistic expression?,Embody,"a. Demonstrate technical dance skills (e.g., alignment, coordination, balance, core support) and movement characteristics when replicating and recalling patterns and sequences of locomotor and non-locomotor movements.
b. Execute techniques that extend movement range, build strength, and develop endurance. Explain the relationship between execution of technique, safe body-use, and healthful nutrition.
c. Coordinate phrases and timing with other dancers by cueing off each other and responding to stimuli cues (e.g., music, text, or lighting). Reflect on feedback from others to inform personal dance performance goals.",https://www.cde.ca.gov/be/st/ss/index.asp,,"Standard Identifier: 4.DA:Pr5
Grade: 4
Discipline: Dance
Artistic Process: PerformingAnchor Standard: 5: Develop and refine artistic techniques and work for presentation

Enduring Understanding: Dancers use the mind-body connection and develop the body as an instrument for artistry and artistic expression.
Essential Question(s): What must a dancer do to prepare the mind and body for artistic expression?
Process Component(s): Embody

Performance Standard(s):
a. Demonstrate technical dance skills (e.g., alignment, coordination, balance, core support) and movement characteristics when replicating and recalling patterns and sequences of locomotor and non-locomotor movements.
b. Execute techniques that extend movement range, build strength, and develop endurance. Explain the relationship between execution of technique, safe body-use, and healthful nutrition.
c. Coordinate phrases and timing with other dancers by cueing off each other and responding to stimuli cues (e.g., music, text, or lighting). Reflect on feedback from others to inform personal dance performance goals.
"
CA-VAPA-2019,4.DA:Pr4,4,,Dance,,Performing,"4. Select, analyze, and interpret artistic work for presentation","Space, time, and energy are basic elements of dance.","How do dancers work with space, time and energy to communicate artistic expression?",Express,"a. Make static and dynamic shapes with positive and negative space. Perform three-dimensional movement sequences alone and with others, establishing relationships with intentionality and focus.
b. Dance to a variety of rhythms generated from internal and external sources. Perform movement phrases that show the ability to respond to changes in time.
c. Analyze and refine phrases by incorporating a greater range of energy and dynamic changes to heighten the effect of their intent.",https://www.cde.ca.gov/be/st/ss/index.asp,,"Standard Identifier: 4.DA:Pr4
Grade: 4
Discipline: Dance
Artistic Process: PerformingAnchor Standard: 4. Select, analyze, and interpret artistic work for presentation

Enduring Understanding: Space, time, and energy are basic elements of dance.
Essential Question(s): How do dancers work with space, time and energy to communicate artistic expression?
Process Component(s): Express

Performance Standard(s):
a. Make static and dynamic shapes with positive and negative space. Perform three-dimensional movement sequences alone and with others, establishing relationships with intentionality and focus.
b. Dance to a variety of rhythms generated from internal and external sources. Perform movement phrases that show the ability to respond to changes in time.
c. Analyze and refine phrases by incorporating a greater range of energy and dynamic changes to heighten the effect of their intent.
"
CA-VAPA-2019,4.DA:Cr3,4,,Dance,,Creating,3: Refine and complete artistic work,"Choreographers analyze, evaluate, refine, and document their work to communicate meaning","How do choreographers use self-reflection, feedback from others, and documentation to improve the quality of their work?",Revise,Revise movement based on peer feedback and self-reflection to improve communication of artistic intent in a short dance study. Explain and document choices made in the process.,https://www.cde.ca.gov/be/st/ss/index.asp,,"Standard Identifier: 4.DA:Cr3
Grade: 4
Discipline: Dance
Artistic Process: CreatingAnchor Standard: 3: Refine and complete artistic work

Enduring Understanding: Choreographers analyze, evaluate, refine, and document their work to communicate meaning
Essential Question(s): How do choreographers use self-reflection, feedback from others, and documentation to improve the quality of their work?
Process Component(s): Revise

Performance Standard(s):
Revise movement based on peer feedback and self-reflection to improve communication of artistic intent in a short dance study. Explain and document choices made in the process.
"
CA-VAPA-2019,4.DA:Cr2,4,,Dance,,Creating,2: Organize and develop artistic ideas and work,"The elements of dance, dance structures, and choreographic devices serve as both a foundation and a departure point for choreographers.",What influences choice-making in creating choreography?,Plan,"a. Manipulate or modify choreographic devices to expand movement possibilities and create a variety of movement patterns and structures. Discuss movement choices.
b. Develop a dance study that expresses and communicates a main idea. Discuss the reasons and effectiveness of the movement choices.",https://www.cde.ca.gov/be/st/ss/index.asp,,"Standard Identifier: 4.DA:Cr2
Grade: 4
Discipline: Dance
Artistic Process: CreatingAnchor Standard: 2: Organize and develop artistic ideas and work

Enduring Understanding: The elements of dance, dance structures, and choreographic devices serve as both a foundation and a departure point for choreographers.
Essential Question(s): What influences choice-making in creating choreography?
Process Component(s): Plan

Performance Standard(s):
a. Manipulate or modify choreographic devices to expand movement possibilities and create a variety of movement patterns and structures. Discuss movement choices.
b. Develop a dance study that expresses and communicates a main idea. Discuss the reasons and effectiveness of the movement choices.
"
CA-VAPA-2019,4.DA.Cr1,4,,Dance,,Creating,1: Generate and conceptualize artistic ideas and work,Choreographers use a variety of sources as inspiration and transform concepts and ideas into movement for artistic expression.,Where do choreographers get ideas for dances?,Explore,"a. Identify ideas for choreography generated from a variety of stimuli (e.g., music/sound, text, objects, images, notation, observed dance, experiences).
b. Develop a movement problem and manipulate the elements of dance as tools to find a solution.",https://www.cde.ca.gov/be/st/ss/index.asp,,"Standard Identifier: 4.DA.Cr1
Grade: 4
Discipline: Dance
Artistic Process: CreatingAnchor Standard: 1: Generate and conceptualize artistic ideas and work

Enduring Understanding: Choreographers use a variety of sources as inspiration and transform concepts and ideas into movement for artistic expression.
Essential Question(s): Where do choreographers get ideas for dances?
Process Component(s): Explore

Performance Standard(s):
a. Identify ideas for choreography generated from a variety of stimuli (e.g., music/sound, text, objects, images, notation, observed dance, experiences).
b. Develop a movement problem and manipulate the elements of dance as tools to find a solution.
"
CA-VAPA-2019,5.DA.Cr1,5,,Dance,,Creating,1: Generate and conceptualize artistic ideas and work,Choreographers use a variety of sources as inspiration and transform concepts and ideas into movement for artistic expression.,Where do choreographers get ideas for dances?,Explore,"a. Build content for choreography using several stimuli (e.g., music/sound, text, objects, images, notation, observed dance, experiences, literary forms, natural phenomena, current news, social events).
b. Construct and solve multiple movement problems to develop choreographic content.",https://www.cde.ca.gov/be/st/ss/index.asp,,"Standard Identifier: 5.DA.Cr1
Grade: 5
Discipline: Dance
Artistic Process: CreatingAnchor Standard: 1: Generate and conceptualize artistic ideas and work

Enduring Understanding: Choreographers use a variety of sources as inspiration and transform concepts and ideas into movement for artistic expression.
Essential Question(s): Where do choreographers get ideas for dances?
Process Component(s): Explore

Performance Standard(s):
a. Build content for choreography using several stimuli (e.g., music/sound, text, objects, images, notation, observed dance, experiences, literary forms, natural phenomena, current news, social events).
b. Construct and solve multiple movement problems to develop choreographic content.
"
CA-VAPA-2019,5.DA:Cr2,5,,Dance,,Creating,2: Organize and develop artistic ideas and work,"The elements of dance, dance structures, and choreographic devices serve as both a foundation and a departure point for choreographers.",What influences choice-making in creating choreography?,Plan,"a. Manipulate or modify a variety of choreographic devices to expand choreographic possibilities and develop a main idea. Explain reasons for movement choices.
b. Develop a dance study by selecting a specific movement vocabulary to communicate a main idea. Discuss how the dance communicates nonverbally.",https://www.cde.ca.gov/be/st/ss/index.asp,,"Standard Identifier: 5.DA:Cr2
Grade: 5
Discipline: Dance
Artistic Process: CreatingAnchor Standard: 2: Organize and develop artistic ideas and work

Enduring Understanding: The elements of dance, dance structures, and choreographic devices serve as both a foundation and a departure point for choreographers.
Essential Question(s): What influences choice-making in creating choreography?
Process Component(s): Plan

Performance Standard(s):
a. Manipulate or modify a variety of choreographic devices to expand choreographic possibilities and develop a main idea. Explain reasons for movement choices.
b. Develop a dance study by selecting a specific movement vocabulary to communicate a main idea. Discuss how the dance communicates nonverbally.
"
CA-VAPA-2019,5.DA:Cr3,5,,Dance,,Creating,3: Refine and complete artistic work,"Choreographers analyze, evaluate, refine, and document their work to communicate meaning","How do choreographers use self-reflection, feedback from others, and documentation to improve the quality of their work?",Revise,Explore through movement the feedback from others to expand choreographic possibilities for a short dance study that communicates artistic intent. Explain and document the movement choices and refinements.,https://www.cde.ca.gov/be/st/ss/index.asp,,"Standard Identifier: 5.DA:Cr3
Grade: 5
Discipline: Dance
Artistic Process: CreatingAnchor Standard: 3: Refine and complete artistic work

Enduring Understanding: Choreographers analyze, evaluate, refine, and document their work to communicate meaning
Essential Question(s): How do choreographers use self-reflection, feedback from others, and documentation to improve the quality of their work?
Process Component(s): Revise

Performance Standard(s):
Explore through movement the feedback from others to expand choreographic possibilities for a short dance study that communicates artistic intent. Explain and document the movement choices and refinements.
"
CA-VAPA-2019,5.DA:Pr4,5,,Dance,,Performing,"4. Select, analyze, and interpret artistic work for presentation","Space, time, and energy are basic elements of dance.","How do dancers work with space, time and energy to communicate artistic expression?",Express,"a. Integrate static and dynamic shapes as well as floor and air pathways into dance sequences. Establish relationships with other dancers with intentionality and focus. Convert inward focus to outward focus.
b. Respond in movement to even and uneven rhythm in both metric and kinesthetic phrasing. Recognize and respond to tempo changes as they occur in dance and music.
c. Contrast bound and free flowing movements. Initiate movements from a variety of points of the body. Analyze the relationship between initiation and energy.",https://www.cde.ca.gov/be/st/ss/index.asp,,"Standard Identifier: 5.DA:Pr4
Grade: 5
Discipline: Dance
Artistic Process: PerformingAnchor Standard: 4. Select, analyze, and interpret artistic work for presentation

Enduring Understanding: Space, time, and energy are basic elements of dance.
Essential Question(s): How do dancers work with space, time and energy to communicate artistic expression?
Process Component(s): Express

Performance Standard(s):
a. Integrate static and dynamic shapes as well as floor and air pathways into dance sequences. Establish relationships with other dancers with intentionality and focus. Convert inward focus to outward focus.
b. Respond in movement to even and uneven rhythm in both metric and kinesthetic phrasing. Recognize and respond to tempo changes as they occur in dance and music.
c. Contrast bound and free flowing movements. Initiate movements from a variety of points of the body. Analyze the relationship between initiation and energy.
"
CA-VAPA-2019,5.DA:Pr5,5,,Dance,,Performing,5: Develop and refine artistic techniques and work for presentation,Dancers use the mind-body connection and develop the body as an instrument for artistry and artistic expression.,What must a dancer do to prepare the mind and body for artistic expression?,Embody,"a. Recall and execute a series of dance phrases using technical dance skills (e.g., alignment, coordination, balance, core support, clarity of movement).
b. Demonstrate safe body-use practices during technical exercises and movement combinations. Discuss how these practices, along with healthful eating habits, promote strength, flexibility, endurance and injury prevention.
c. Collaborate with peer ensemble members to repeat sequences, synchronize actions, and refine spatial relationships to improve performance quality. Apply feedback from others to establish personal performance goals.",https://www.cde.ca.gov/be/st/ss/index.asp,,"Standard Identifier: 5.DA:Pr5
Grade: 5
Discipline: Dance
Artistic Process: PerformingAnchor Standard: 5: Develop and refine artistic techniques and work for presentation

Enduring Understanding: Dancers use the mind-body connection and develop the body as an instrument for artistry and artistic expression.
Essential Question(s): What must a dancer do to prepare the mind and body for artistic expression?
Process Component(s): Embody

Performance Standard(s):
a. Recall and execute a series of dance phrases using technical dance skills (e.g., alignment, coordination, balance, core support, clarity of movement).
b. Demonstrate safe body-use practices during technical exercises and movement combinations. Discuss how these practices, along with healthful eating habits, promote strength, flexibility, endurance and injury prevention.
c. Collaborate with peer ensemble members to repeat sequences, synchronize actions, and refine spatial relationships to improve performance quality. Apply feedback from others to establish personal performance goals.
"
CA-VAPA-2019,5.DA:Pr6,5,,Dance,,Performing,6: Convey meaning through the presentation of artistic work,"Dance performance is an interaction between performer, production elements, and audience that heightens and amplifies artistic expression.",How does a dancer heighten artistry in a public performance?,Present,"a. Demonstrate the ability to adapt dance to alternative performance venues by modifying spacing and movements to the performance space.
b. Identify, explore, and select production elements that heighten and intensify the artistic intent of a dance and are adaptable for various performance spaces.",https://www.cde.ca.gov/be/st/ss/index.asp,,"Standard Identifier: 5.DA:Pr6
Grade: 5
Discipline: Dance
Artistic Process: PerformingAnchor Standard: 6: Convey meaning through the presentation of artistic work

Enduring Understanding: Dance performance is an interaction between performer, production elements, and audience that heightens and amplifies artistic expression.
Essential Question(s): How does a dancer heighten artistry in a public performance?
Process Component(s): Present

Performance Standard(s):
a. Demonstrate the ability to adapt dance to alternative performance venues by modifying spacing and movements to the performance space.
b. Identify, explore, and select production elements that heighten and intensify the artistic intent of a dance and are adaptable for various performance spaces.
"
CA-VAPA-2019,5.DA:Re7,5,,Dance,,Responding,7: Perceive and analyze artistic work,Dance is perceived and analyzed to comprehend its meaning.,How is a dance understood?,Analyze,"a. Find meaning or artistic intent from the patterns of movement in a dance work.
b. Describe, using basic dance terminology, the qualities and characteristics of style used in a dance from one’s own cultural movement practice. Compare them to the qualities and characteristics of style found in a different dance genre, style, or cultural movement practice.",https://www.cde.ca.gov/be/st/ss/index.asp,,"Standard Identifier: 5.DA:Re7
Grade: 5
Discipline: Dance
Artistic Process: RespondingAnchor Standard: 7: Perceive and analyze artistic work

Enduring Understanding: Dance is perceived and analyzed to comprehend its meaning.
Essential Question(s): How is a dance understood?
Process Component(s): Analyze

Performance Standard(s):
a. Find meaning or artistic intent from the patterns of movement in a dance work.
b. Describe, using basic dance terminology, the qualities and characteristics of style used in a dance from one’s own cultural movement practice. Compare them to the qualities and characteristics of style found in a different dance genre, style, or cultural movement practice.
"
CA-VAPA-2019,5.DA:Re8,5,,Dance,,Responding,8: Interpret intent and meaning in artistic work,"Dance is interpreted by considering intent, meaning, and artistic expression as communicated through the use of the body, elements of dance, dance technique, dance structure, and context.",How is dance interpreted?,Interpret,Interpret meaning in a dance based on its movements. Explain how the movements communicate the main idea of the dance using basic dance terminology.,https://www.cde.ca.gov/be/st/ss/index.asp,,"Standard Identifier: 5.DA:Re8
Grade: 5
Discipline: Dance
Artistic Process: RespondingAnchor Standard: 8: Interpret intent and meaning in artistic work

Enduring Understanding: Dance is interpreted by considering intent, meaning, and artistic expression as communicated through the use of the body, elements of dance, dance technique, dance structure, and context.
Essential Question(s): How is dance interpreted?
Process Component(s): Interpret

Performance Standard(s):
Interpret meaning in a dance based on its movements. Explain how the movements communicate the main idea of the dance using basic dance terminology.
"
CA-VAPA-2019,5.DA:Re9,5,,Dance,,Responding,9: Apply criteria to evaluate artistic work,"Criteria for evaluating dance vary across genres, styles, and cultures",What criteria are used to evaluate dance?,Critique,"Demonstrate and discuss the characteristics of dance that make a dance artistic and meaningful. Relate them to the elements of dance in genres, styles, or cultural movement practices. Use basic dance terminology to describe characteristics of the dance.",https://www.cde.ca.gov/be/st/ss/index.asp,,"Standard Identifier: 5.DA:Re9
Grade: 5
Discipline: Dance
Artistic Process: RespondingAnchor Standard: 9: Apply criteria to evaluate artistic work

Enduring Understanding: Criteria for evaluating dance vary across genres, styles, and cultures
Essential Question(s): What criteria are used to evaluate dance?
Process Component(s): Critique

Performance Standard(s):
Demonstrate and discuss the characteristics of dance that make a dance artistic and meaningful. Relate them to the elements of dance in genres, styles, or cultural movement practices. Use basic dance terminology to describe characteristics of the dance.
"
CA-VAPA-2019,5.DA:Cn10,5,,Dance,,Connecting,10: Synthesize and relate knowledge and personal experiences to make art,"As dance is experienced, all personal experiences, knowledge, and contexts are integrated and synthesized to interpret meaning.","How does dance deepen our understanding of ourselves, other knowledge, and events around us?",Synthesize,"a. Compare two dances with contrasting themes. Discuss feelings and ideas evoked by each. Describe how the themes and movements relate to points of view and experiences.
b. Choose a topic, concept, or content from another discipline of study and research how other art forms have expressed the topic. Create a dance study that expresses the idea. Explain how the dance study expressed the idea and discuss how this learning process is similar to, or different from, other learning situations.",https://www.cde.ca.gov/be/st/ss/index.asp,,"Standard Identifier: 5.DA:Cn10
Grade: 5
Discipline: Dance
Artistic Process: ConnectingAnchor Standard: 10: Synthesize and relate knowledge and personal experiences to make art

Enduring Understanding: As dance is experienced, all personal experiences, knowledge, and contexts are integrated and synthesized to interpret meaning.
Essential Question(s): How does dance deepen our understanding of ourselves, other knowledge, and events around us?
Process Component(s): Synthesize

Performance Standard(s):
a. Compare two dances with contrasting themes. Discuss feelings and ideas evoked by each. Describe how the themes and movements relate to points of view and experiences.
b. Choose a topic, concept, or content from another discipline of study and research how other art forms have expressed the topic. Create a dance study that expresses the idea. Explain how the dance study expressed the idea and discuss how this learning process is similar to, or different from, other learning situations.
"
CA-VAPA-2019,5.DA:Cn11,5,,Dance,,Connecting,"11: Relate artistic ideas and works with societal, cultural, and historical context to deepen understanding","Dance literacy includes deep knowledge and perspectives about societal, cultural, historical, and community contexts.","How does knowing about societal, cultural, historical and community experiences expand dance literacy?",Relate,"Describe how the movement characteristics and qualities of a dance in a specific genre or style communicate the ideas and perspectives of the culture, historical period, or community from which the genre or style originated.",https://www.cde.ca.gov/be/st/ss/index.asp,,"Standard Identifier: 5.DA:Cn11
Grade: 5
Discipline: Dance
Artistic Process: ConnectingAnchor Standard: 11: Relate artistic ideas and works with societal, cultural, and historical context to deepen understanding

Enduring Understanding: Dance literacy includes deep knowledge and perspectives about societal, cultural, historical, and community contexts.
Essential Question(s): How does knowing about societal, cultural, historical and community experiences expand dance literacy?
Process Component(s): Relate

Performance Standard(s):
Describe how the movement characteristics and qualities of a dance in a specific genre or style communicate the ideas and perspectives of the culture, historical period, or community from which the genre or style originated.
"
CA-VAPA-2019,5.MA:Cr1,5,,Media Arts,,Creating,1: Generate and conceptualize artistic ideas and work,"Media arts ideas, works, and processes are shaped by the imagination, creative processes, and by experiences, both within and outside of the arts.",How do media artists generate ideas? How can ideas for media arts productions be formed and developed to be effective and original?,Conceive,Envision original ideas and innovations for media artworks using personal experiences and the work of others.,https://www.cde.ca.gov/be/st/ss/index.asp,,"Standard Identifier: 5.MA:Cr1
Grade: 5
Discipline: Media Arts
Artistic Process: CreatingAnchor Standard: 1: Generate and conceptualize artistic ideas and work

Enduring Understanding: Media arts ideas, works, and processes are shaped by the imagination, creative processes, and by experiences, both within and outside of the arts.
Essential Question(s): How do media artists generate ideas? How can ideas for media arts productions be formed and developed to be effective and original?
Process Component(s): Conceive

Performance Standard(s):
Envision original ideas and innovations for media artworks using personal experiences and the work of others.
"
CA-VAPA-2019,5.MA:Cr3,5,,Media Arts,,Creating,3: Refine and complete artistic work,"The forming, integration, and refinement of aesthetic components, principles, and processes creates purpose, meaning, and artistic quality in media artworks.","What is required to produce a media artwork that conveys purpose, meaning, and artistic quality? How do media artists refine their work?",Construct,"a. Create content and combine components to convey expression, purpose, and meaning in a variety of media arts productions, utilizing sets of associated aesthetic principles, such as emphasis and exaggeration.
b. Determine how elements and components can be altered for clear communication and intentional effects, and refine media artworks to improve clarity and purpose.",https://www.cde.ca.gov/be/st/ss/index.asp,,"Standard Identifier: 5.MA:Cr3
Grade: 5
Discipline: Media Arts
Artistic Process: CreatingAnchor Standard: 3: Refine and complete artistic work

Enduring Understanding: The forming, integration, and refinement of aesthetic components, principles, and processes creates purpose, meaning, and artistic quality in media artworks.
Essential Question(s): What is required to produce a media artwork that conveys purpose, meaning, and artistic quality? How do media artists refine their work?
Process Component(s): Construct

Performance Standard(s):
a. Create content and combine components to convey expression, purpose, and meaning in a variety of media arts productions, utilizing sets of associated aesthetic principles, such as emphasis and exaggeration.
b. Determine how elements and components can be altered for clear communication and intentional effects, and refine media artworks to improve clarity and purpose.
"
CA-VAPA-2019,Prof.MA:Cr3,,Proficient,Media Arts,,Creating,3: Refine and complete artistic work,"The forming, integration, and refinement of aesthetic components, principles, and processes creates purpose, meaning, and artistic quality in media artworks.","What is required to produce a media artwork that conveys purpose, meaning, and artistic quality? How do media artists refine their work?",Construct,"a. Implement production processes, making artistically deliberate choices in content, technique, and style in media arts productions, demonstrating understanding of associated aesthetic principles, such as emphasis and tone.
b. Refine media artworks, honing aesthetic quality and stylistic elements towards intentional expression and purpose.",https://www.cde.ca.gov/be/st/ss/index.asp,,"Standard Identifier: Prof.MA:Cr3
Grade Range: Proficient
Discipline: Media Arts
Artistic Process: CreatingAnchor Standard: 3: Refine and complete artistic work

Enduring Understanding: The forming, integration, and refinement of aesthetic components, principles, and processes creates purpose, meaning, and artistic quality in media artworks.
Essential Question(s): What is required to produce a media artwork that conveys purpose, meaning, and artistic quality? How do media artists refine their work?
Process Component(s): Construct

Performance Standard(s):
a. Implement production processes, making artistically deliberate choices in content, technique, and style in media arts productions, demonstrating understanding of associated aesthetic principles, such as emphasis and tone.
b. Refine media artworks, honing aesthetic quality and stylistic elements towards intentional expression and purpose.
"
CA-VAPA-2019,Acc.MA:Cr3,,Intermediate,Media Arts,,Creating,3: Refine and complete artistic work,"The forming, integration, and refinement of aesthetic components, principles, and processes creates purpose, meaning, and artistic quality in media artworks.","What is required to produce a media artwork that conveys purpose, meaning, and artistic quality? How do media artists refine their work?",Construct,"a. Effectively implement production processes, artistically crafting and integrating content, technique and stylistic conventions in media arts productions, demonstrating understanding of associated aesthetic principles, such as consistency and juxtaposition.
b. Refine and elaborate aesthetic elements and technical components to intentionally form impactful expressions in media artworks for specific purposes, audiences and contexts.",https://www.cde.ca.gov/be/st/ss/index.asp,,"Standard Identifier: Acc.MA:Cr3
Grade Range: Intermediate
Discipline: Media Arts
Artistic Process: CreatingAnchor Standard: 3: Refine and complete artistic work

Enduring Understanding: The forming, integration, and refinement of aesthetic components, principles, and processes creates purpose, meaning, and artistic quality in media artworks.
Essential Question(s): What is required to produce a media artwork that conveys purpose, meaning, and artistic quality? How do media artists refine their work?
Process Component(s): Construct

Performance Standard(s):
a. Effectively implement production processes, artistically crafting and integrating content, technique and stylistic conventions in media arts productions, demonstrating understanding of associated aesthetic principles, such as consistency and juxtaposition.
b. Refine and elaborate aesthetic elements and technical components to intentionally form impactful expressions in media artworks for specific purposes, audiences and contexts.
"
CA-VAPA-2019,5.MA:Cr2,5,,Media Arts,,Creating,2: Organize and develop artistic ideas and work,"Media artists plan, organize, and develop creative ideas and models into process structures that can effectively realize the artistic idea.",How do media artists organize and develop ideas and models into process structures to achieve the desired end product?,Develop,"Develop, present, and test ideas, plans, models, and/or proposals for media arts productions, considering the artistic goals and audience.",https://www.cde.ca.gov/be/st/ss/index.asp,,"Standard Identifier: 5.MA:Cr2
Grade: 5
Discipline: Media Arts
Artistic Process: CreatingAnchor Standard: 2: Organize and develop artistic ideas and work

Enduring Understanding: Media artists plan, organize, and develop creative ideas and models into process structures that can effectively realize the artistic idea.
Essential Question(s): How do media artists organize and develop ideas and models into process structures to achieve the desired end product?
Process Component(s): Develop

Performance Standard(s):
Develop, present, and test ideas, plans, models, and/or proposals for media arts productions, considering the artistic goals and audience.
"
CA-VAPA-2019,5.MA:Pr4,5,,Media Arts,,Producing (Media Arts only),"4. Select, analyze, and interpret artistic work for presentation","Media artists integrate various forms and contents to develop complex, unified artworks.",How are complex media arts experiences constructed?,Integrate,Create media artworks through the integration of multiple contents and forms.,https://www.cde.ca.gov/be/st/ss/index.asp,,"Standard Identifier: 5.MA:Pr4
Grade: 5
Discipline: Media Arts
Artistic Process: Producing (Media Arts only)Anchor Standard: 4. Select, analyze, and interpret artistic work for presentation

Enduring Understanding: Media artists integrate various forms and contents to develop complex, unified artworks.
Essential Question(s): How are complex media arts experiences constructed?
Process Component(s): Integrate

Performance Standard(s):
Create media artworks through the integration of multiple contents and forms.
"
CA-VAPA-2019,5.MA:Pr5,5,,Media Arts,,Producing (Media Arts only),5: Develop and refine artistic techniques and work for presentation,Media artists require a range of skills and abilities to creatively solve problems within and through media arts productions.,What skills are required for creating effective media artworks and how are they improved? How are creativity and innovation developed within and through media arts productions? How do media artists use various tools and techniques?,Practice,"a. Enact various roles to practice fundamental ability in artistic, design, technical, and soft skills, such as formal technique and collaboration, in media arts productions.
b. Practice fundamental creative and innovative abilities, such as expanding conventions and experimental use of tools, in addressing problems within and through media arts productions.",https://www.cde.ca.gov/be/st/ss/index.asp,,"Standard Identifier: 5.MA:Pr5
Grade: 5
Discipline: Media Arts
Artistic Process: Producing (Media Arts only)Anchor Standard: 5: Develop and refine artistic techniques and work for presentation

Enduring Understanding: Media artists require a range of skills and abilities to creatively solve problems within and through media arts productions.
Essential Question(s): What skills are required for creating effective media artworks and how are they improved? How are creativity and innovation developed within and through media arts productions? How do media artists use various tools and techniques?
Process Component(s): Practice

Performance Standard(s):
a. Enact various roles to practice fundamental ability in artistic, design, technical, and soft skills, such as formal technique and collaboration, in media arts productions.
b. Practice fundamental creative and innovative abilities, such as expanding conventions and experimental use of tools, in addressing problems within and through media arts productions.
"
CA-VAPA-2019,5.MA:Pr6,5,,Media Arts,,Producing (Media Arts only),6: Convey meaning through the presentation of artistic work,"Media artists purposefully present, share, and distribute media artworks for various contexts.","How does time, place, audience, and context affect presenting or performing choices for media artworks?",Present,"Compare qualities and purposes of presentation formats, associated processes, results, and improvements for presentation of media artworks.",https://www.cde.ca.gov/be/st/ss/index.asp,,"Standard Identifier: 5.MA:Pr6
Grade: 5
Discipline: Media Arts
Artistic Process: Producing (Media Arts only)Anchor Standard: 6: Convey meaning through the presentation of artistic work

Enduring Understanding: Media artists purposefully present, share, and distribute media artworks for various contexts.
Essential Question(s): How does time, place, audience, and context affect presenting or performing choices for media artworks?
Process Component(s): Present

Performance Standard(s):
Compare qualities and purposes of presentation formats, associated processes, results, and improvements for presentation of media artworks.
"
CA-VAPA-2019,5.MA:Re7,5,,Media Arts,,Responding,7: Perceive and analyze artistic work,Identifying the qualities and characteristics of media artworks improves one's artistic appreciation and production.,How do we 'read' media artworks and discern their relational components? How do media artworks function to convey meaning and manage audience experience?,Perceive,"a. Identify, describe, and differentiate how messages and meaning are created by components in media artworks.
b. Identify, describe, and differentiate how various forms, methods, and styles in media artworks manage audience experience.",https://www.cde.ca.gov/be/st/ss/index.asp,,"Standard Identifier: 5.MA:Re7
Grade: 5
Discipline: Media Arts
Artistic Process: RespondingAnchor Standard: 7: Perceive and analyze artistic work

Enduring Understanding: Identifying the qualities and characteristics of media artworks improves one's artistic appreciation and production.
Essential Question(s): How do we 'read' media artworks and discern their relational components? How do media artworks function to convey meaning and manage audience experience?
Process Component(s): Perceive

Performance Standard(s):
a. Identify, describe, and differentiate how messages and meaning are created by components in media artworks.
b. Identify, describe, and differentiate how various forms, methods, and styles in media artworks manage audience experience.
"
CA-VAPA-2019,5.MA:Re8,5,,Media Arts,,Responding,8: Interpret intent and meaning in artistic work,"Interpretation and appreciation require consideration of the intent, form, and context of the media and artwork.",How do people relate to and interpret media artworks?,Interpret,"Determine and compare personal and group interpretations of a variety of media artworks, considering their intention and context.",https://www.cde.ca.gov/be/st/ss/index.asp,,"Standard Identifier: 5.MA:Re8
Grade: 5
Discipline: Media Arts
Artistic Process: RespondingAnchor Standard: 8: Interpret intent and meaning in artistic work

Enduring Understanding: Interpretation and appreciation require consideration of the intent, form, and context of the media and artwork.
Essential Question(s): How do people relate to and interpret media artworks?
Process Component(s): Interpret

Performance Standard(s):
Determine and compare personal and group interpretations of a variety of media artworks, considering their intention and context.
"
CA-VAPA-2019,5.MA:Re9,5,,Media Arts,,Responding,9: Apply criteria to evaluate artistic work,"Skillful evaluation and critique are critical components of experiencing, appreciating, and producing media artworks.",How and why do media artists value and judge media artworks? When and how should we evaluate and critique media artworks to improve them?,Evaluate,"Determine and apply criteria for evaluating media artworks and production processes, considering context, and practicing constructive feedback.",https://www.cde.ca.gov/be/st/ss/index.asp,,"Standard Identifier: 5.MA:Re9
Grade: 5
Discipline: Media Arts
Artistic Process: RespondingAnchor Standard: 9: Apply criteria to evaluate artistic work

Enduring Understanding: Skillful evaluation and critique are critical components of experiencing, appreciating, and producing media artworks.
Essential Question(s): How and why do media artists value and judge media artworks? When and how should we evaluate and critique media artworks to improve them?
Process Component(s): Evaluate

Performance Standard(s):
Determine and apply criteria for evaluating media artworks and production processes, considering context, and practicing constructive feedback.
"
CA-VAPA-2019,5.MA:Cn10,5,,Media Arts,,Connecting,10: Synthesize and relate knowledge and personal experiences to make art,: Media artworks synthesize meaning and form cultural experience.,How do we relate knowledge and experiences to understanding and making media artworks? How do we learn about and create meaning through producing media artworks?,Synthesize,"a. Access and use internal and external resources, such as interests, knowledge, and experiences, to create media artworks.
b. Examine and show how media artworks form meanings, situations, and cultural experiences, such as news and events.",https://www.cde.ca.gov/be/st/ss/index.asp,,"Standard Identifier: 5.MA:Cn10
Grade: 5
Discipline: Media Arts
Artistic Process: ConnectingAnchor Standard: 10: Synthesize and relate knowledge and personal experiences to make art

Enduring Understanding: : Media artworks synthesize meaning and form cultural experience.
Essential Question(s): How do we relate knowledge and experiences to understanding and making media artworks? How do we learn about and create meaning through producing media artworks?
Process Component(s): Synthesize

Performance Standard(s):
a. Access and use internal and external resources, such as interests, knowledge, and experiences, to create media artworks.
b. Examine and show how media artworks form meanings, situations, and cultural experiences, such as news and events.
"
CA-VAPA-2019,5.MA:Cn11,5,,Media Arts,,Connecting,"11: Relate artistic ideas and works with societal, cultural, and historical context to deepen understanding","Media artworks and ideas are better understood and produced by relating them to their purposes, values, and various contexts.","How does media arts relate to its various contexts, purposes, and values? How does investigating these relationships inform and deepen the media artist's understanding and work?",Relate,"a. Research and show how media artworks and ideas relate to personal, social, and community life, such as exploring commercial and information purposes, history, and ethics.
b. Examine, discuss and interact appropriately with media arts tools and environments, considering ethics, rules, and media literacy.",https://www.cde.ca.gov/be/st/ss/index.asp,,"Standard Identifier: 5.MA:Cn11
Grade: 5
Discipline: Media Arts
Artistic Process: ConnectingAnchor Standard: 11: Relate artistic ideas and works with societal, cultural, and historical context to deepen understanding

Enduring Understanding: Media artworks and ideas are better understood and produced by relating them to their purposes, values, and various contexts.
Essential Question(s): How does media arts relate to its various contexts, purposes, and values? How does investigating these relationships inform and deepen the media artist's understanding and work?
Process Component(s): Relate

Performance Standard(s):
a. Research and show how media artworks and ideas relate to personal, social, and community life, such as exploring commercial and information purposes, history, and ethics.
b. Examine, discuss and interact appropriately with media arts tools and environments, considering ethics, rules, and media literacy.
"
CA-VAPA-2019,5.MU:Cr1,5,,Music,TK-8,Creating,1: Generate and conceptualize artistic ideas and work,"The creative ideas, concepts, and feelings that influence musicians’ work emerge from a variety of sources.",How do musicians generate creative ideas?,Imagine,"a. Improvise rhythmic, melodic, and harmonic ideas, and explain connection to specific purpose and context (such as social, cultural, and historical).
b. Generate musical ideas (such as rhythms, melodies, and accompaniment patterns) within specific related tonalities, meters, and simple chord changes.",https://www.cde.ca.gov/be/st/ss/index.asp,,"Standard Identifier: 5.MU:Cr1
Grade: 5
Discipline: MusicSubdiscipline: TK-8
Artistic Process: CreatingAnchor Standard: 1: Generate and conceptualize artistic ideas and work

Enduring Understanding: The creative ideas, concepts, and feelings that influence musicians’ work emerge from a variety of sources.
Essential Question(s): How do musicians generate creative ideas?
Process Component(s): Imagine

Performance Standard(s):
a. Improvise rhythmic, melodic, and harmonic ideas, and explain connection to specific purpose and context (such as social, cultural, and historical).
b. Generate musical ideas (such as rhythms, melodies, and accompaniment patterns) within specific related tonalities, meters, and simple chord changes.
"
CA-VAPA-2019,5.MU:Cr2,5,,Music,TK-8,Creating,2: Organize and develop artistic ideas and work,"Musicians’ creative choices are influenced by their expertise, context, and expressive intent",How do musicians make creative decisions?,Plan & Make,"a. Demonstrate selected and developed musical ideas for improvisations, arrangements, or compositions to express intent, and explain connection to purpose and context.
b. Use standard and/or iconic notation and/or recording technology to document personal rhythmic, melodic, and two chord harmonic musical ideas.",https://www.cde.ca.gov/be/st/ss/index.asp,,"Standard Identifier: 5.MU:Cr2
Grade: 5
Discipline: MusicSubdiscipline: TK-8
Artistic Process: CreatingAnchor Standard: 2: Organize and develop artistic ideas and work

Enduring Understanding: Musicians’ creative choices are influenced by their expertise, context, and expressive intent
Essential Question(s): How do musicians make creative decisions?
Process Component(s): Plan & Make

Performance Standard(s):
a. Demonstrate selected and developed musical ideas for improvisations, arrangements, or compositions to express intent, and explain connection to purpose and context.
b. Use standard and/or iconic notation and/or recording technology to document personal rhythmic, melodic, and two chord harmonic musical ideas.
"
CA-VAPA-2019,5.MU:Cr3.1,5,,Music,TK-8,Creating,3: Refine and complete artistic work,"3.1 Musicians evaluate, and refine their work through openness to new ideas, persistence, and the application of appropriate criteria.",How do musicians improve the quality of their creative work?,Evaluate and Refine,"Evaluate, refine, and document revisions to personal music, applying teacher-provided and collaboratively developed criteria and feedback, and explain rationale for changes.",https://www.cde.ca.gov/be/st/ss/index.asp,,"Standard Identifier: 5.MU:Cr3.1
Grade: 5
Discipline: MusicSubdiscipline: TK-8
Artistic Process: CreatingAnchor Standard: 3: Refine and complete artistic work

Enduring Understanding: 3.1 Musicians evaluate, and refine their work through openness to new ideas, persistence, and the application of appropriate criteria.
Essential Question(s): How do musicians improve the quality of their creative work?
Process Component(s): Evaluate and Refine

Performance Standard(s):
Evaluate, refine, and document revisions to personal music, applying teacher-provided and collaboratively developed criteria and feedback, and explain rationale for changes.
"
CA-VAPA-2019,5.MU:Cr3.2,5,,Music,TK-8,Creating,3: Refine and complete artistic work,3.2 Musicians’ presentation of creative work is the culmination of a process of creation and communication.,When is creative work ready to share?,Present,Present the final version of personal created music to others that demonstrates craftsmanship and explain connection to expressive intent.,https://www.cde.ca.gov/be/st/ss/index.asp,,"Standard Identifier: 5.MU:Cr3.2
Grade: 5
Discipline: MusicSubdiscipline: TK-8
Artistic Process: CreatingAnchor Standard: 3: Refine and complete artistic work

Enduring Understanding: 3.2 Musicians’ presentation of creative work is the culmination of a process of creation and communication.
Essential Question(s): When is creative work ready to share?
Process Component(s): Present

Performance Standard(s):
Present the final version of personal created music to others that demonstrates craftsmanship and explain connection to expressive intent.
"
CA-VAPA-2019,5.MU:Pr4.1,5,,Music,TK-8,Performing,"4. Select, analyze, and interpret artistic work for presentation","4.1 Performers’ interest in and knowledge of musical works, understanding of their own technical skill, and the context for a performance influence the selection of repertoire.",How do performers select repertoire?,Select,"Demonstrate and explain how the selection of music to perform is influenced by personal interest, knowledge, and context, as well as their personal and others’ technical skill.",https://www.cde.ca.gov/be/st/ss/index.asp,,"Standard Identifier: 5.MU:Pr4.1
Grade: 5
Discipline: MusicSubdiscipline: TK-8
Artistic Process: PerformingAnchor Standard: 4. Select, analyze, and interpret artistic work for presentation

Enduring Understanding: 4.1 Performers’ interest in and knowledge of musical works, understanding of their own technical skill, and the context for a performance influence the selection of repertoire.
Essential Question(s): How do performers select repertoire?
Process Component(s): Select

Performance Standard(s):
Demonstrate and explain how the selection of music to perform is influenced by personal interest, knowledge, and context, as well as their personal and others’ technical skill.
"
CA-VAPA-2019,5.MU:Pr4.2,5,,Music,TK-8,Performing,"4. Select, analyze, and interpret artistic work for presentation",4.2 Analyzing creators’ context and how they manipulate elements of music provides insight into their intent and informs performance.,How does understanding the structure and context of musical works inform performance?,Analyze,"a. Demonstrate understanding of the structure and the elements of music (such as rhythm, pitch, form, and harmony) in music selected for performance.
b. When analyzing selected music, read and perform using standard notation.
c. Explain how context (such as personal, social, cultural, and historical) informs performances.",https://www.cde.ca.gov/be/st/ss/index.asp,,"Standard Identifier: 5.MU:Pr4.2
Grade: 5
Discipline: MusicSubdiscipline: TK-8
Artistic Process: PerformingAnchor Standard: 4. Select, analyze, and interpret artistic work for presentation

Enduring Understanding: 4.2 Analyzing creators’ context and how they manipulate elements of music provides insight into their intent and informs performance.
Essential Question(s): How does understanding the structure and context of musical works inform performance?
Process Component(s): Analyze

Performance Standard(s):
a. Demonstrate understanding of the structure and the elements of music (such as rhythm, pitch, form, and harmony) in music selected for performance.
b. When analyzing selected music, read and perform using standard notation.
c. Explain how context (such as personal, social, cultural, and historical) informs performances.
"
CA-VAPA-2019,5.MU:Pr4.3,5,,Music,TK-8,Performing,"4. Select, analyze, and interpret artistic work for presentation",4.3 Performers make interpretive decisions based on their understanding of context and expressive intent.,How do performers interpret musical works?,Interpret,"Demonstrate and explain how intent is conveyed through interpretive decisions and expressive qualities (such as dynamics, tempo, timbre, and articulation/ style).",https://www.cde.ca.gov/be/st/ss/index.asp,,"Standard Identifier: 5.MU:Pr4.3
Grade: 5
Discipline: MusicSubdiscipline: TK-8
Artistic Process: PerformingAnchor Standard: 4. Select, analyze, and interpret artistic work for presentation

Enduring Understanding: 4.3 Performers make interpretive decisions based on their understanding of context and expressive intent.
Essential Question(s): How do performers interpret musical works?
Process Component(s): Interpret

Performance Standard(s):
Demonstrate and explain how intent is conveyed through interpretive decisions and expressive qualities (such as dynamics, tempo, timbre, and articulation/ style).
"
CA-VAPA-2019,5.MU:Pr5,5,,Music,TK-8,Performing,5: Develop and refine artistic techniques and work for presentation,"To express their musical ideas, musicians analyze, evaluate, and refine their performance over time through openness to new ideas, persistence, and the application of appropriate criteria.",How do musicians improve the quality of their performance?,"Rehearse, Evaluate, and Refine","a. Apply teacher provided and established criteria and feedback to evaluate the accuracy and expressiveness of ensemble and personal performances.
b. Rehearse to refine technical accuracy and expressive qualities to address challenges and show improvement over time.",https://www.cde.ca.gov/be/st/ss/index.asp,,"Standard Identifier: 5.MU:Pr5
Grade: 5
Discipline: MusicSubdiscipline: TK-8
Artistic Process: PerformingAnchor Standard: 5: Develop and refine artistic techniques and work for presentation

Enduring Understanding: To express their musical ideas, musicians analyze, evaluate, and refine their performance over time through openness to new ideas, persistence, and the application of appropriate criteria.
Essential Question(s): How do musicians improve the quality of their performance?
Process Component(s): Rehearse, Evaluate, and Refine

Performance Standard(s):
a. Apply teacher provided and established criteria and feedback to evaluate the accuracy and expressiveness of ensemble and personal performances.
b. Rehearse to refine technical accuracy and expressive qualities to address challenges and show improvement over time.
"
CA-VAPA-2019,5.MU:Pr6,5,,Music,TK-8,Performing,6: Convey meaning through the presentation of artistic work,"Musicians judge performance based on criteria that vary across time, place, and cultures. The context and how a work is presented influence audience response.",When is a performance judged ready to present? How do context and the manner in which musical work is presented influence audience response?,Present,"a. Perform music, alone or with others, with expression, technical accuracy, and appropriate interpretation.
b. Demonstrate performance decorum and audience etiquette appropriate for the context, venue, genre, and style.",https://www.cde.ca.gov/be/st/ss/index.asp,,"Standard Identifier: 5.MU:Pr6
Grade: 5
Discipline: MusicSubdiscipline: TK-8
Artistic Process: PerformingAnchor Standard: 6: Convey meaning through the presentation of artistic work

Enduring Understanding: Musicians judge performance based on criteria that vary across time, place, and cultures. The context and how a work is presented influence audience response.
Essential Question(s): When is a performance judged ready to present? How do context and the manner in which musical work is presented influence audience response?
Process Component(s): Present

Performance Standard(s):
a. Perform music, alone or with others, with expression, technical accuracy, and appropriate interpretation.
b. Demonstrate performance decorum and audience etiquette appropriate for the context, venue, genre, and style.
"
CA-VAPA-2019,5.MU:Cn11,5,,Music,TK-8,Connecting,"11: Relate artistic ideas and works with societal, cultural, and historical context to deepen understanding","Musicians connect societal, cultural, and historical contexts when creating, performing, and responding.","How do musicians make meaningful connections to societal, cultural, and historical contexts when creating, performing, and responding?",Relate,"Explain and demonstrate connections between music and societal, cultural, and historical contexts.",https://www.cde.ca.gov/be/st/ss/index.asp,,"Standard Identifier: 5.MU:Cn11
Grade: 5
Discipline: MusicSubdiscipline: TK-8
Artistic Process: ConnectingAnchor Standard: 11: Relate artistic ideas and works with societal, cultural, and historical context to deepen understanding

Enduring Understanding: Musicians connect societal, cultural, and historical contexts when creating, performing, and responding.
Essential Question(s): How do musicians make meaningful connections to societal, cultural, and historical contexts when creating, performing, and responding?
Process Component(s): Relate

Performance Standard(s):
Explain and demonstrate connections between music and societal, cultural, and historical contexts.
"
CA-VAPA-2019,Nov.MU:H.Cr1,,Novice,Music,Harmonizing Instruments,Creating,1: Generate and conceptualize artistic ideas and work,"The creative ideas, concepts, and feelings that influence musicians’ work emerge from a variety of sources.",How do musicians generate creative ideas?,Imagine,"Generate melodic, rhythmic, and harmonic ideas for simple melodies and chordal accompaniments for given melodies.",https://www.cde.ca.gov/be/st/ss/index.asp,,"Standard Identifier: Nov.MU:H.Cr1
Grade Range: Novice
Discipline: MusicSubdiscipline: Harmonizing Instruments
Artistic Process: CreatingAnchor Standard: 1: Generate and conceptualize artistic ideas and work

Enduring Understanding: The creative ideas, concepts, and feelings that influence musicians’ work emerge from a variety of sources.
Essential Question(s): How do musicians generate creative ideas?
Process Component(s): Imagine

Performance Standard(s):
Generate melodic, rhythmic, and harmonic ideas for simple melodies and chordal accompaniments for given melodies.
"
CA-VAPA-2019,Int.MU:H.Cr1,,Intermediate,Music,Harmonizing Instruments,Creating,1: Generate and conceptualize artistic ideas and work,"The creative ideas, concepts, and feelings that influence musicians’ work emerge from a variety of sources.",How do musicians generate creative ideas?,Imagine,"Generate melodic, rhythmic, and harmonic ideas for melodies created over specified chord progressions or 
AB / ABA forms and two-to three-chord accompaniments for given melodies.",https://www.cde.ca.gov/be/st/ss/index.asp,,"Standard Identifier: Int.MU:H.Cr1
Grade Range: Intermediate
Discipline: MusicSubdiscipline: Harmonizing Instruments
Artistic Process: CreatingAnchor Standard: 1: Generate and conceptualize artistic ideas and work

Enduring Understanding: The creative ideas, concepts, and feelings that influence musicians’ work emerge from a variety of sources.
Essential Question(s): How do musicians generate creative ideas?
Process Component(s): Imagine

Performance Standard(s):
Generate melodic, rhythmic, and harmonic ideas for melodies created over specified chord progressions or 
AB / ABA forms and two-to three-chord accompaniments for given melodies.
"
CA-VAPA-2019,Nov.MU:H.Cr2,,Novice,Music,Harmonizing Instruments,Creating,2: Organize and develop artistic ideas and work,"Musicians’ creative choices are influenced by their expertise, context, and expressive intent.",How do musicians make creative decisions?,Plan & Make,"Select, develop, and use standard notation or audio/video recording to document melodic, rhythmic, and harmonic ideas for drafts of simple melodies and chordal accompaniments for given melodies.",https://www.cde.ca.gov/be/st/ss/index.asp,,"Standard Identifier: Nov.MU:H.Cr2
Grade Range: Novice
Discipline: MusicSubdiscipline: Harmonizing Instruments
Artistic Process: CreatingAnchor Standard: 2: Organize and develop artistic ideas and work

Enduring Understanding: Musicians’ creative choices are influenced by their expertise, context, and expressive intent.
Essential Question(s): How do musicians make creative decisions?
Process Component(s): Plan & Make

Performance Standard(s):
Select, develop, and use standard notation or audio/video recording to document melodic, rhythmic, and harmonic ideas for drafts of simple melodies and chordal accompaniments for given melodies.
"
CA-VAPA-2019,Int.MU:H.Cr2,,Intermediate,Music,Harmonizing Instruments,Creating,2: Organize and develop artistic ideas and work,"Musicians’ creative choices are influenced by their expertise, context, and expressive intent.",How do musicians make creative decisions?,Plan & Make,"Select, develop, and use standard notation and/or audio/video recording to document melodic, rhythmic, and harmonic ideas for drafts of melodies created over specified chord progressions or AB / ABA forms and two-to-three -chord accompaniments for given melodies.",https://www.cde.ca.gov/be/st/ss/index.asp,,"Standard Identifier: Int.MU:H.Cr2
Grade Range: Intermediate
Discipline: MusicSubdiscipline: Harmonizing Instruments
Artistic Process: CreatingAnchor Standard: 2: Organize and develop artistic ideas and work

Enduring Understanding: Musicians’ creative choices are influenced by their expertise, context, and expressive intent.
Essential Question(s): How do musicians make creative decisions?
Process Component(s): Plan & Make

Performance Standard(s):
Select, develop, and use standard notation and/or audio/video recording to document melodic, rhythmic, and harmonic ideas for drafts of melodies created over specified chord progressions or AB / ABA forms and two-to-three -chord accompaniments for given melodies.
"
CA-VAPA-2019,Nov.MU:H.Cr3.1,,Novice,Music,Harmonizing Instruments,Creating,3: Refine and complete artistic work,"3.1 Musicians evaluate, and refine their work through openness to new ideas, persistence, and the application of appropriate criteria.",How do musicians improve the quality of their creative work?,Evaluate and Refine,"Apply teacher-provided criteria to critique, improve, and refine drafts of simple melodies and chordal accompaniments for given melodies.",https://www.cde.ca.gov/be/st/ss/index.asp,,"Standard Identifier: Nov.MU:H.Cr3.1
Grade Range: Novice
Discipline: MusicSubdiscipline: Harmonizing Instruments
Artistic Process: CreatingAnchor Standard: 3: Refine and complete artistic work

Enduring Understanding: 3.1 Musicians evaluate, and refine their work through openness to new ideas, persistence, and the application of appropriate criteria.
Essential Question(s): How do musicians improve the quality of their creative work?
Process Component(s): Evaluate and Refine

Performance Standard(s):
Apply teacher-provided criteria to critique, improve, and refine drafts of simple melodies and chordal accompaniments for given melodies.
"
CA-VAPA-2019,Int.MU:H.Cr3.1,,Intermediate,Music,Harmonizing Instruments,Creating,3: Refine and complete artistic work,"3.1 Musicians evaluate, and refine their work through openness to new ideas, persistence, and the application of appropriate criteria.",How do musicians improve the quality of their creative work?,Evaluate and Refine,"Apply teacher-provided criteria to critique, improve, and refine drafts of melodies created over specified chord progressions or AB / ABA forms and two-to-three -chord accompaniments for given melodies.",https://www.cde.ca.gov/be/st/ss/index.asp,,"Standard Identifier: Int.MU:H.Cr3.1
Grade Range: Intermediate
Discipline: MusicSubdiscipline: Harmonizing Instruments
Artistic Process: CreatingAnchor Standard: 3: Refine and complete artistic work

Enduring Understanding: 3.1 Musicians evaluate, and refine their work through openness to new ideas, persistence, and the application of appropriate criteria.
Essential Question(s): How do musicians improve the quality of their creative work?
Process Component(s): Evaluate and Refine

Performance Standard(s):
Apply teacher-provided criteria to critique, improve, and refine drafts of melodies created over specified chord progressions or AB / ABA forms and two-to-three -chord accompaniments for given melodies.
"
CA-VAPA-2019,Nov.MU:H.Cr3.2,,Novice,Music,Harmonizing Instruments,Creating,3: Refine and complete artistic work,3.2 Musicians’ presentation of creative work is the culmination of a process of creation and communication.,When is creative work ready to share?,Present,"Share final versions of simple melodies and chordal accompaniments for given melodies, demonstrating an understanding of how to develop and organize personal musical ideas.",https://www.cde.ca.gov/be/st/ss/index.asp,,"Standard Identifier: Nov.MU:H.Cr3.2
Grade Range: Novice
Discipline: MusicSubdiscipline: Harmonizing Instruments
Artistic Process: CreatingAnchor Standard: 3: Refine and complete artistic work

Enduring Understanding: 3.2 Musicians’ presentation of creative work is the culmination of a process of creation and communication.
Essential Question(s): When is creative work ready to share?
Process Component(s): Present

Performance Standard(s):
Share final versions of simple melodies and chordal accompaniments for given melodies, demonstrating an understanding of how to develop and organize personal musical ideas.
"
CA-VAPA-2019,Int.MU:H.Cr3.2,,Intermediate,Music,Harmonizing Instruments,Creating,3: Refine and complete artistic work,3.2 Musicians’ presentation of creative work is the culmination of a process of creation and communication.,When is creative work ready to share?,Present,"Share final versions of melodies created over specified chord progressions or AB / ABA forms and two-to-three -chord accompaniments for given melodies, demonstrating an understanding of how to develop and organize personal musical ideas.",https://www.cde.ca.gov/be/st/ss/index.asp,,"Standard Identifier: Int.MU:H.Cr3.2
Grade Range: Intermediate
Discipline: MusicSubdiscipline: Harmonizing Instruments
Artistic Process: CreatingAnchor Standard: 3: Refine and complete artistic work

Enduring Understanding: 3.2 Musicians’ presentation of creative work is the culmination of a process of creation and communication.
Essential Question(s): When is creative work ready to share?
Process Component(s): Present

Performance Standard(s):
Share final versions of melodies created over specified chord progressions or AB / ABA forms and two-to-three -chord accompaniments for given melodies, demonstrating an understanding of how to develop and organize personal musical ideas.
"
CA-VAPA-2019,Nov.MU:H.Pr4.1,,Novice,Music,Harmonizing Instruments,Performing,"4. Select, analyze, and interpret artistic work for presentation","4.1 Performers’ interest in and knowledge of musical works, understanding of their own technical skill, and the context for a performance influence the selection of repertoire.",How do performers select repertoire?,Select,"Describe and demonstrate how a varied repertoire of music that includes melodies, and chordal accompaniments is selected, based on personal interest, music reading skills, and technical skill, as well as the context of the performances.",https://www.cde.ca.gov/be/st/ss/index.asp,,"Standard Identifier: Nov.MU:H.Pr4.1
Grade Range: Novice
Discipline: MusicSubdiscipline: Harmonizing Instruments
Artistic Process: PerformingAnchor Standard: 4. Select, analyze, and interpret artistic work for presentation

Enduring Understanding: 4.1 Performers’ interest in and knowledge of musical works, understanding of their own technical skill, and the context for a performance influence the selection of repertoire.
Essential Question(s): How do performers select repertoire?
Process Component(s): Select

Performance Standard(s):
Describe and demonstrate how a varied repertoire of music that includes melodies, and chordal accompaniments is selected, based on personal interest, music reading skills, and technical skill, as well as the context of the performances.
"
CA-VAPA-2019,Int.MU:H.Pr4.1,,Intermediate,Music,Harmonizing Instruments,Performing,"4. Select, analyze, and interpret artistic work for presentation","4.1 Performers’ interest in and knowledge of musical works, understanding of their own technical skill, and the context for a performance influence the selection of repertoire.",How do performers select repertoire?,Select,"Describe and demonstrate how a varied repertoire of music that includes melodies, and chordal accompaniments is selected, based on personal interest, music reading skills, technical skills and related challenges, and the context of the performances.",https://www.cde.ca.gov/be/st/ss/index.asp,,"Standard Identifier: Int.MU:H.Pr4.1
Grade Range: Intermediate
Discipline: MusicSubdiscipline: Harmonizing Instruments
Artistic Process: PerformingAnchor Standard: 4. Select, analyze, and interpret artistic work for presentation

Enduring Understanding: 4.1 Performers’ interest in and knowledge of musical works, understanding of their own technical skill, and the context for a performance influence the selection of repertoire.
Essential Question(s): How do performers select repertoire?
Process Component(s): Select

Performance Standard(s):
Describe and demonstrate how a varied repertoire of music that includes melodies, and chordal accompaniments is selected, based on personal interest, music reading skills, technical skills and related challenges, and the context of the performances.
"
CA-VAPA-2019,Nov.MU:H.Pr4.2,,Novice,Music,Harmonizing Instruments,Performing,"4. Select, analyze, and interpret artistic work for presentation",4.2 Analyzing creators’ context and how they manipulate elements of music provides insight into their intent and informs performance.,How does understanding the structure and context of musical works inform performance?,Analyze,"Identify prominent melodic and harmonic characteristics in a varied repertoire of music that includes melodies and chordal accompaniments selected for performance, using standard notation.",https://www.cde.ca.gov/be/st/ss/index.asp,,"Standard Identifier: Nov.MU:H.Pr4.2
Grade Range: Novice
Discipline: MusicSubdiscipline: Harmonizing Instruments
Artistic Process: PerformingAnchor Standard: 4. Select, analyze, and interpret artistic work for presentation

Enduring Understanding: 4.2 Analyzing creators’ context and how they manipulate elements of music provides insight into their intent and informs performance.
Essential Question(s): How does understanding the structure and context of musical works inform performance?
Process Component(s): Analyze

Performance Standard(s):
Identify prominent melodic and harmonic characteristics in a varied repertoire of music that includes melodies and chordal accompaniments selected for performance, using standard notation.
"
CA-VAPA-2019,Int.MU:H.Pr4.2,,Intermediate,Music,Harmonizing Instruments,Performing,"4. Select, analyze, and interpret artistic work for presentation",4.2 Analyzing creators’ context and how they manipulate elements of music provides insight into their intent and informs performance.,How does understanding the structure and context of musical works inform performance?,Analyze,"Identify prominent melodic, harmonic, and structural characteristics and context (social, cultural, or historical) in a varied repertoire of music that includes melodies and chordal accompaniments selected for performance, using standard notation.",https://www.cde.ca.gov/be/st/ss/index.asp,,"Standard Identifier: Int.MU:H.Pr4.2
Grade Range: Intermediate
Discipline: MusicSubdiscipline: Harmonizing Instruments
Artistic Process: PerformingAnchor Standard: 4. Select, analyze, and interpret artistic work for presentation

Enduring Understanding: 4.2 Analyzing creators’ context and how they manipulate elements of music provides insight into their intent and informs performance.
Essential Question(s): How does understanding the structure and context of musical works inform performance?
Process Component(s): Analyze

Performance Standard(s):
Identify prominent melodic, harmonic, and structural characteristics and context (social, cultural, or historical) in a varied repertoire of music that includes melodies and chordal accompaniments selected for performance, using standard notation.
"
CA-VAPA-2019,Nov.MU:H.Pr4.3,,Novice,Music,Harmonizing Instruments,Performing,"4. Select, analyze, and interpret artistic work for presentation",4.3 Performers make interpretive decisions based on their understanding of context and expressive intent.,How do performers interpret musical works?,Interpret,"Demonstrate and describe in interpretations an understanding of the context and expressive intent in a varied repertoire of music selected for performance that includes melodies, and chordal accompaniments.",https://www.cde.ca.gov/be/st/ss/index.asp,,"Standard Identifier: Nov.MU:H.Pr4.3
Grade Range: Novice
Discipline: MusicSubdiscipline: Harmonizing Instruments
Artistic Process: PerformingAnchor Standard: 4. Select, analyze, and interpret artistic work for presentation

Enduring Understanding: 4.3 Performers make interpretive decisions based on their understanding of context and expressive intent.
Essential Question(s): How do performers interpret musical works?
Process Component(s): Interpret

Performance Standard(s):
Demonstrate and describe in interpretations an understanding of the context and expressive intent in a varied repertoire of music selected for performance that includes melodies, and chordal accompaniments.
"
CA-VAPA-2019,Int.MU:H.Pr4.3,,Intermediate,Music,Harmonizing Instruments,Performing,"4. Select, analyze, and interpret artistic work for presentation",4.3 Performers make interpretive decisions based on their understanding of context and expressive intent.,How do performers interpret musical works?,Interpret,"Demonstrate and describe in interpretations an understanding of the context (social, cultural, or historical) and expressive intent in a varied repertoire of music selected for performance that includes melodies, and chordal accompaniments.",https://www.cde.ca.gov/be/st/ss/index.asp,,"Standard Identifier: Int.MU:H.Pr4.3
Grade Range: Intermediate
Discipline: MusicSubdiscipline: Harmonizing Instruments
Artistic Process: PerformingAnchor Standard: 4. Select, analyze, and interpret artistic work for presentation

Enduring Understanding: 4.3 Performers make interpretive decisions based on their understanding of context and expressive intent.
Essential Question(s): How do performers interpret musical works?
Process Component(s): Interpret

Performance Standard(s):
Demonstrate and describe in interpretations an understanding of the context (social, cultural, or historical) and expressive intent in a varied repertoire of music selected for performance that includes melodies, and chordal accompaniments.
"
CA-VAPA-2019,Nov.MU:H.Pr5,,Novice,Music,Harmonizing Instruments,Performing,5: Develop and refine artistic techniques and work for presentation,"To express their musical ideas, musicians analyze, evaluate, and refine their performance over time through openness to new ideas, persistence, and the application of appropriate criteria.",How do musicians improve the quality of their performance?,"Rehearse, Evaluate, and Refine","Apply teacher-provided criteria to critique individual performances of a varied repertoire of music that includes melodies, and chordal accompaniments selected for performance, and apply practice strategies to address performance challenges and refine the performances.",https://www.cde.ca.gov/be/st/ss/index.asp,,"Standard Identifier: Nov.MU:H.Pr5
Grade Range: Novice
Discipline: MusicSubdiscipline: Harmonizing Instruments
Artistic Process: PerformingAnchor Standard: 5: Develop and refine artistic techniques and work for presentation

Enduring Understanding: To express their musical ideas, musicians analyze, evaluate, and refine their performance over time through openness to new ideas, persistence, and the application of appropriate criteria.
Essential Question(s): How do musicians improve the quality of their performance?
Process Component(s): Rehearse, Evaluate, and Refine

Performance Standard(s):
Apply teacher-provided criteria to critique individual performances of a varied repertoire of music that includes melodies, and chordal accompaniments selected for performance, and apply practice strategies to address performance challenges and refine the performances.
"
CA-VAPA-2019,Int.MU:H.Pr5,,Intermediate,Music,Harmonizing Instruments,Performing,5: Develop and refine artistic techniques and work for presentation,"To express their musical ideas, musicians analyze, evaluate, and refine their performance over time through openness to new ideas, persistence, and the application of appropriate criteria.",How do musicians improve the quality of their performance?,"Rehearse, Evaluate, and Refine","Apply teacher-provided criteria to critique individual performances of a varied repertoire of music that includes melodies, and chordal accompaniments selected for performance, and identify practice strategies to address performance challenges and refine the performances.",https://www.cde.ca.gov/be/st/ss/index.asp,,"Standard Identifier: Int.MU:H.Pr5
Grade Range: Intermediate
Discipline: MusicSubdiscipline: Harmonizing Instruments
Artistic Process: PerformingAnchor Standard: 5: Develop and refine artistic techniques and work for presentation

Enduring Understanding: To express their musical ideas, musicians analyze, evaluate, and refine their performance over time through openness to new ideas, persistence, and the application of appropriate criteria.
Essential Question(s): How do musicians improve the quality of their performance?
Process Component(s): Rehearse, Evaluate, and Refine

Performance Standard(s):
Apply teacher-provided criteria to critique individual performances of a varied repertoire of music that includes melodies, and chordal accompaniments selected for performance, and identify practice strategies to address performance challenges and refine the performances.
"
CA-VAPA-2019,Nov.MU:H.Pr6,,Novice,Music,Harmonizing Instruments,Performing,6: Convey meaning through the presentation of artistic work,"Musicians judge performance based on criteria that vary across time, place, and cultures. The context and how a work is presented influence audience response.",When is a performance judged ready to present? How do context and the manner in which musical work is presented influence audience response?,Present,"Perform with expression and technical accuracy individual performances of a varied repertoire of music that includes melodies and chordal accompaniments, demonstrating understanding of the audience and the context.",https://www.cde.ca.gov/be/st/ss/index.asp,,"Standard Identifier: Nov.MU:H.Pr6
Grade Range: Novice
Discipline: MusicSubdiscipline: Harmonizing Instruments
Artistic Process: PerformingAnchor Standard: 6: Convey meaning through the presentation of artistic work

Enduring Understanding: Musicians judge performance based on criteria that vary across time, place, and cultures. The context and how a work is presented influence audience response.
Essential Question(s): When is a performance judged ready to present? How do context and the manner in which musical work is presented influence audience response?
Process Component(s): Present

Performance Standard(s):
Perform with expression and technical accuracy individual performances of a varied repertoire of music that includes melodies and chordal accompaniments, demonstrating understanding of the audience and the context.
"
CA-VAPA-2019,Int.MU:H.Pr6,,Intermediate,Music,Harmonizing Instruments,Performing,6: Convey meaning through the presentation of artistic work,"Musicians judge performance based on criteria that vary across time, place, and cultures. The context and how a work is presented influence audience response.",When is a performance judged ready to present? How do context and the manner in which musical work is presented influence audience response?,Present,"Perform with expression and technical accuracy individual performances of a varied repertoire of music that includes melodies and chordal accompaniments, demonstrating sensitivity to the audience and an understanding of the context (such as social, cultural, or historical).",https://www.cde.ca.gov/be/st/ss/index.asp,,"Standard Identifier: Int.MU:H.Pr6
Grade Range: Intermediate
Discipline: MusicSubdiscipline: Harmonizing Instruments
Artistic Process: PerformingAnchor Standard: 6: Convey meaning through the presentation of artistic work

Enduring Understanding: Musicians judge performance based on criteria that vary across time, place, and cultures. The context and how a work is presented influence audience response.
Essential Question(s): When is a performance judged ready to present? How do context and the manner in which musical work is presented influence audience response?
Process Component(s): Present

Performance Standard(s):
Perform with expression and technical accuracy individual performances of a varied repertoire of music that includes melodies and chordal accompaniments, demonstrating sensitivity to the audience and an understanding of the context (such as social, cultural, or historical).
"
CA-VAPA-2019,Nov.MU:H.Re7.1,,Novice,Music,Harmonizing Instruments,Responding,7: Perceive and analyze artistic work,"7.1 Individuals' selection of musical works is influenced by their interests, experiences, understandings, and purposes.",How do individuals choose music to experience?,Select,"Identify reasons for selecting music based on characteristics found in the music and connections to interest, purpose or personal experience.",https://www.cde.ca.gov/be/st/ss/index.asp,,"Standard Identifier: Nov.MU:H.Re7.1
Grade Range: Novice
Discipline: MusicSubdiscipline: Harmonizing Instruments
Artistic Process: RespondingAnchor Standard: 7: Perceive and analyze artistic work

Enduring Understanding: 7.1 Individuals' selection of musical works is influenced by their interests, experiences, understandings, and purposes.
Essential Question(s): How do individuals choose music to experience?
Process Component(s): Select

Performance Standard(s):
Identify reasons for selecting music based on characteristics found in the music and connections to interest, purpose or personal experience.
"
CA-VAPA-2019,Int.MU:H.Re7.1,,Intermediate,Music,Harmonizing Instruments,Responding,7: Perceive and analyze artistic work,"7.1 Individuals' selection of musical works is influenced by their interests, experiences, understandings, and purposes.",How do individuals choose music to experience?,Select,"Explain reasons for selecting music citing characteristics found in the music and connections to interest, purpose, and context (social, cultural, or historical).",https://www.cde.ca.gov/be/st/ss/index.asp,,"Standard Identifier: Int.MU:H.Re7.1
Grade Range: Intermediate
Discipline: MusicSubdiscipline: Harmonizing Instruments
Artistic Process: RespondingAnchor Standard: 7: Perceive and analyze artistic work

Enduring Understanding: 7.1 Individuals' selection of musical works is influenced by their interests, experiences, understandings, and purposes.
Essential Question(s): How do individuals choose music to experience?
Process Component(s): Select

Performance Standard(s):
Explain reasons for selecting music citing characteristics found in the music and connections to interest, purpose, and context (social, cultural, or historical).
"
CA-VAPA-2019,Nov.MU:H.Re7.2,,Novice,Music,Harmonizing Instruments,Responding,7: Perceive and analyze artistic work,"7.2 Response to music is informed by analyzing context (social, cultural, and historical) and how creators and performers manipulate the elements of music.",How do individuals choose music to experience?,Analyze,"Identify, citing evidence, the use of repetition, similarities, and contrasts in musical selections and how these and knowledge of the context (social or cultural) informs the response.",https://www.cde.ca.gov/be/st/ss/index.asp,,"Standard Identifier: Nov.MU:H.Re7.2
Grade Range: Novice
Discipline: MusicSubdiscipline: Harmonizing Instruments
Artistic Process: RespondingAnchor Standard: 7: Perceive and analyze artistic work

Enduring Understanding: 7.2 Response to music is informed by analyzing context (social, cultural, and historical) and how creators and performers manipulate the elements of music.
Essential Question(s): How do individuals choose music to experience?
Process Component(s): Analyze

Performance Standard(s):
Identify, citing evidence, the use of repetition, similarities, and contrasts in musical selections and how these and knowledge of the context (social or cultural) informs the response.
"
CA-VAPA-2019,Int.MU:H.Re7.2,,Intermediate,Music,Harmonizing Instruments,Responding,7: Perceive and analyze artistic work,"7.2 Response to music is informed by analyzing context (social, cultural, and historical) and how creators and performers manipulate the elements of music.",How do individuals choose music to experience?,Analyze,Describe how elements of music are manipulated and knowledge of the context (social and cultural) informs the response.,https://www.cde.ca.gov/be/st/ss/index.asp,,"Standard Identifier: Int.MU:H.Re7.2
Grade Range: Intermediate
Discipline: MusicSubdiscipline: Harmonizing Instruments
Artistic Process: RespondingAnchor Standard: 7: Perceive and analyze artistic work

Enduring Understanding: 7.2 Response to music is informed by analyzing context (social, cultural, and historical) and how creators and performers manipulate the elements of music.
Essential Question(s): How do individuals choose music to experience?
Process Component(s): Analyze

Performance Standard(s):
Describe how elements of music are manipulated and knowledge of the context (social and cultural) informs the response.
"
CA-VAPA-2019,Nov.MU:H.Re8,,Novice,Music,Harmonizing Instruments,Responding,8: Interpret intent and meaning in artistic work,"Through their use of elements and structures of music, creators and performers provide clues to their expressive intent.",How do we discern the musical creators’ and performers’ expressive intent?,Interpret,"Identify possible interpretations of the expressive intent and meaning of musical selections, referring to the elements of music, context (personal or social), and (when applicable) the setting of the text.",https://www.cde.ca.gov/be/st/ss/index.asp,,"Standard Identifier: Nov.MU:H.Re8
Grade Range: Novice
Discipline: MusicSubdiscipline: Harmonizing Instruments
Artistic Process: RespondingAnchor Standard: 8: Interpret intent and meaning in artistic work

Enduring Understanding: Through their use of elements and structures of music, creators and performers provide clues to their expressive intent.
Essential Question(s): How do we discern the musical creators’ and performers’ expressive intent?
Process Component(s): Interpret

Performance Standard(s):
Identify possible interpretations of the expressive intent and meaning of musical selections, referring to the elements of music, context (personal or social), and (when applicable) the setting of the text.
"
CA-VAPA-2019,Int.MU:H.Re8,,Intermediate,Music,Harmonizing Instruments,Responding,8: Interpret intent and meaning in artistic work,"Through their use of elements and structures of music, creators and performers provide clues to their expressive intent.",How do we discern the musical creators’ and performers’ expressive intent?,Interpret,"Identify and support possible interpretations of the expressive intent and meaning of musical selections, citing as evidence the treatment of the elements of music, context, and (when applicable) the setting of the text.",https://www.cde.ca.gov/be/st/ss/index.asp,,"Standard Identifier: Int.MU:H.Re8
Grade Range: Intermediate
Discipline: MusicSubdiscipline: Harmonizing Instruments
Artistic Process: RespondingAnchor Standard: 8: Interpret intent and meaning in artistic work

Enduring Understanding: Through their use of elements and structures of music, creators and performers provide clues to their expressive intent.
Essential Question(s): How do we discern the musical creators’ and performers’ expressive intent?
Process Component(s): Interpret

Performance Standard(s):
Identify and support possible interpretations of the expressive intent and meaning of musical selections, citing as evidence the treatment of the elements of music, context, and (when applicable) the setting of the text.
"
CA-VAPA-2019,Nov.MU:H.Re9,,Novice,Music,Harmonizing Instruments,Responding,9: Apply criteria to evaluate artistic work,"The personal evaluation of musical work(s) and performance(s) is informed by analysis, interpretation, and established criteria.",How do we judge the quality of musical work(s) and performance(s)?,Evaluate,"Identify and describe how interest, experiences, and contexts (personal or social) effect the evaluation of music.",https://www.cde.ca.gov/be/st/ss/index.asp,,"Standard Identifier: Nov.MU:H.Re9
Grade Range: Novice
Discipline: MusicSubdiscipline: Harmonizing Instruments
Artistic Process: RespondingAnchor Standard: 9: Apply criteria to evaluate artistic work

Enduring Understanding: The personal evaluation of musical work(s) and performance(s) is informed by analysis, interpretation, and established criteria.
Essential Question(s): How do we judge the quality of musical work(s) and performance(s)?
Process Component(s): Evaluate

Performance Standard(s):
Identify and describe how interest, experiences, and contexts (personal or social) effect the evaluation of music.
"
CA-VAPA-2019,Int.MU:H.Re9,,Intermediate,Music,Harmonizing Instruments,Responding,9: Apply criteria to evaluate artistic work,"The personal evaluation of musical work(s) and performance(s) is informed by analysis, interpretation, and established criteria.",How do we judge the quality of musical work(s) and performance(s)?,Evaluate,"Explain the influence of experiences and contexts (personal, social, or cultural) on interest in and the evaluation of a varied repertoire of music.",https://www.cde.ca.gov/be/st/ss/index.asp,,"Standard Identifier: Int.MU:H.Re9
Grade Range: Intermediate
Discipline: MusicSubdiscipline: Harmonizing Instruments
Artistic Process: RespondingAnchor Standard: 9: Apply criteria to evaluate artistic work

Enduring Understanding: The personal evaluation of musical work(s) and performance(s) is informed by analysis, interpretation, and established criteria.
Essential Question(s): How do we judge the quality of musical work(s) and performance(s)?
Process Component(s): Evaluate

Performance Standard(s):
Explain the influence of experiences and contexts (personal, social, or cultural) on interest in and the evaluation of a varied repertoire of music.
"
CA-VAPA-2019,Nov.MU:H.Cn10,,Novice,Music,Harmonizing Instruments,Connecting,10: Synthesize and relate knowledge and personal experiences to make art,"Musicians connect their personal interests, experiences, ideas, and knowledge to creating, performing, and responding.","How do musicians make meaningful connections to creating, performing, and responding?",Synthesize,"Describe and demonstrate how personal interests relate to choices and intent when creating, performing, and responding to music.",https://www.cde.ca.gov/be/st/ss/index.asp,,"Standard Identifier: Nov.MU:H.Cn10
Grade Range: Novice
Discipline: MusicSubdiscipline: Harmonizing Instruments
Artistic Process: ConnectingAnchor Standard: 10: Synthesize and relate knowledge and personal experiences to make art

Enduring Understanding: Musicians connect their personal interests, experiences, ideas, and knowledge to creating, performing, and responding.
Essential Question(s): How do musicians make meaningful connections to creating, performing, and responding?
Process Component(s): Synthesize

Performance Standard(s):
Describe and demonstrate how personal interests relate to choices and intent when creating, performing, and responding to music.
"
CA-VAPA-2019,Int.MU:H.Cn10,,Intermediate,Music,Harmonizing Instruments,Connecting,10: Synthesize and relate knowledge and personal experiences to make art,"Musicians connect their personal interests, experiences, ideas, and knowledge to creating, performing, and responding.","How do musicians make meaningful connections to creating, performing, and responding?",Synthesize,"Explain and demonstrate how personal interests and knowledge relate to choices and intent when creating, performing, and responding to music.",https://www.cde.ca.gov/be/st/ss/index.asp,,"Standard Identifier: Int.MU:H.Cn10
Grade Range: Intermediate
Discipline: MusicSubdiscipline: Harmonizing Instruments
Artistic Process: ConnectingAnchor Standard: 10: Synthesize and relate knowledge and personal experiences to make art

Enduring Understanding: Musicians connect their personal interests, experiences, ideas, and knowledge to creating, performing, and responding.
Essential Question(s): How do musicians make meaningful connections to creating, performing, and responding?
Process Component(s): Synthesize

Performance Standard(s):
Explain and demonstrate how personal interests and knowledge relate to choices and intent when creating, performing, and responding to music.
"
CA-VAPA-2019,Nov.MU:H.Cn11,,Novice,Music,Harmonizing Instruments,Connecting,"11: Relate artistic ideas and works with societal, cultural, and historical context to deepen understanding","Musicians connect their personal interests, experiences, ideas, and knowledge to creating, performing, and responding.","How do musicians make meaningful connections to creating, performing, and responding?",Relate,"Relate music to societal, cultural and historical contexts when creating, performing and responding.",https://www.cde.ca.gov/be/st/ss/index.asp,,"Standard Identifier: Nov.MU:H.Cn11
Grade Range: Novice
Discipline: MusicSubdiscipline: Harmonizing Instruments
Artistic Process: ConnectingAnchor Standard: 11: Relate artistic ideas and works with societal, cultural, and historical context to deepen understanding

Enduring Understanding: Musicians connect their personal interests, experiences, ideas, and knowledge to creating, performing, and responding.
Essential Question(s): How do musicians make meaningful connections to creating, performing, and responding?
Process Component(s): Relate

Performance Standard(s):
Relate music to societal, cultural and historical contexts when creating, performing and responding.
"
CA-VAPA-2019,Int.MU:H.Cn11,,Intermediate,Music,Harmonizing Instruments,Connecting,"11: Relate artistic ideas and works with societal, cultural, and historical context to deepen understanding","Musicians connect their personal interests, experiences, ideas, and knowledge to creating, performing, and responding.","How do musicians make meaningful connections to creating, performing, and responding?",Relate,"Explain the influence of societal, cultural and historical contexts when creating, performing and responding.",https://www.cde.ca.gov/be/st/ss/index.asp,,"Standard Identifier: Int.MU:H.Cn11
Grade Range: Intermediate
Discipline: MusicSubdiscipline: Harmonizing Instruments
Artistic Process: ConnectingAnchor Standard: 11: Relate artistic ideas and works with societal, cultural, and historical context to deepen understanding

Enduring Understanding: Musicians connect their personal interests, experiences, ideas, and knowledge to creating, performing, and responding.
Essential Question(s): How do musicians make meaningful connections to creating, performing, and responding?
Process Component(s): Relate

Performance Standard(s):
Explain the influence of societal, cultural and historical contexts when creating, performing and responding.
"
CA-VAPA-2019,Nov.MU:E.Cr1,,Novice,Music,Ensembles,Creating,1: Generate and conceptualize artistic ideas and work,"The creative ideas, concepts, and feelings that influence musicians’ work emerge from a variety of sources.",How do musicians generate creative ideas?,Imagine,Compose and improvise melodic and rhythmic ideas or motives that reflect characteristic(s) of music or text(s) studied in rehearsal.,https://www.cde.ca.gov/be/st/ss/index.asp,,"Standard Identifier: Nov.MU:E.Cr1
Grade Range: Novice
Discipline: MusicSubdiscipline: Ensembles
Artistic Process: CreatingAnchor Standard: 1: Generate and conceptualize artistic ideas and work

Enduring Understanding: The creative ideas, concepts, and feelings that influence musicians’ work emerge from a variety of sources.
Essential Question(s): How do musicians generate creative ideas?
Process Component(s): Imagine

Performance Standard(s):
Compose and improvise melodic and rhythmic ideas or motives that reflect characteristic(s) of music or text(s) studied in rehearsal.
"
CA-VAPA-2019,Int.MU:E.Cr1,,Intermediate,Music,Ensembles,Creating,1: Generate and conceptualize artistic ideas and work,"The creative ideas, concepts, and feelings that influence musicians’ work emerge from a variety of sources.",How do musicians generate creative ideas?,Imagine,Compose and improvise ideas for melodies and rhythmic passages based on characteristic(s) of music or text(s) studied in rehearsal.,https://www.cde.ca.gov/be/st/ss/index.asp,,"Standard Identifier: Int.MU:E.Cr1
Grade Range: Intermediate
Discipline: MusicSubdiscipline: Ensembles
Artistic Process: CreatingAnchor Standard: 1: Generate and conceptualize artistic ideas and work

Enduring Understanding: The creative ideas, concepts, and feelings that influence musicians’ work emerge from a variety of sources.
Essential Question(s): How do musicians generate creative ideas?
Process Component(s): Imagine

Performance Standard(s):
Compose and improvise ideas for melodies and rhythmic passages based on characteristic(s) of music or text(s) studied in rehearsal.
"
CA-VAPA-2019,Nov.MU:E.Cr2,,Novice,Music,Ensembles,Creating,2: Organize and develop artistic ideas and work,"Musicians’ creative choices are influenced by their expertise, context, and expressive intent.",How do musicians make creative decisions?,Plan and Make,"a. Select and develop draft melodic and rhythmic ideas or motives that demonstrate understanding of characteristic(s) of music or text(s) studied in rehearsal.
b. Preserve draft compositions and improvisations through standard notation and audio recording.",https://www.cde.ca.gov/be/st/ss/index.asp,,"Standard Identifier: Nov.MU:E.Cr2
Grade Range: Novice
Discipline: MusicSubdiscipline: Ensembles
Artistic Process: CreatingAnchor Standard: 2: Organize and develop artistic ideas and work

Enduring Understanding: Musicians’ creative choices are influenced by their expertise, context, and expressive intent.
Essential Question(s): How do musicians make creative decisions?
Process Component(s): Plan and Make

Performance Standard(s):
a. Select and develop draft melodic and rhythmic ideas or motives that demonstrate understanding of characteristic(s) of music or text(s) studied in rehearsal.
b. Preserve draft compositions and improvisations through standard notation and audio recording.
"
CA-VAPA-2019,Int.MU:E.Cr2,,Intermediate,Music,Ensembles,Creating,2: Organize and develop artistic ideas and work,"Musicians’ creative choices are influenced by their expertise, context, and expressive intent.",How do musicians make creative decisions?,Plan and Make,"a. Select and develop draft melodies and rhythmic passages that demonstrate understanding of characteristic(s) of music or text(s) studied in rehearsal.
b. Preserve draft compositions and improvisations through standard notation and audio recording.",https://www.cde.ca.gov/be/st/ss/index.asp,,"Standard Identifier: Int.MU:E.Cr2
Grade Range: Intermediate
Discipline: MusicSubdiscipline: Ensembles
Artistic Process: CreatingAnchor Standard: 2: Organize and develop artistic ideas and work

Enduring Understanding: Musicians’ creative choices are influenced by their expertise, context, and expressive intent.
Essential Question(s): How do musicians make creative decisions?
Process Component(s): Plan and Make

Performance Standard(s):
a. Select and develop draft melodies and rhythmic passages that demonstrate understanding of characteristic(s) of music or text(s) studied in rehearsal.
b. Preserve draft compositions and improvisations through standard notation and audio recording.
"
CA-VAPA-2019,Nov.MU:E.Cr3.1,,Novice,Music,Ensembles,Creating,3: Refine and complete artistic work,"3.1 Musicians evaluate, and refine their work through openness to new ideas, persistence, and the application of appropriate criteria.",How do musicians improve the quality of their creative work?,Evaluate and Refine,"Evaluate and refine draft compositions and improvisations based on knowledge, skill, and teacher-provided criteria.",https://www.cde.ca.gov/be/st/ss/index.asp,,"Standard Identifier: Nov.MU:E.Cr3.1
Grade Range: Novice
Discipline: MusicSubdiscipline: Ensembles
Artistic Process: CreatingAnchor Standard: 3: Refine and complete artistic work

Enduring Understanding: 3.1 Musicians evaluate, and refine their work through openness to new ideas, persistence, and the application of appropriate criteria.
Essential Question(s): How do musicians improve the quality of their creative work?
Process Component(s): Evaluate and Refine

Performance Standard(s):
Evaluate and refine draft compositions and improvisations based on knowledge, skill, and teacher-provided criteria.
"
CA-VAPA-2019,Int.MU:E.Cr3.1,,Intermediate,Music,Ensembles,Creating,3: Refine and complete artistic work,"3.1 Musicians evaluate, and refine their work through openness to new ideas, persistence, and the application of appropriate criteria.",How do musicians improve the quality of their creative work?,Evaluate and Refine,"Evaluate and refine draft compositions and improvisations based on knowledge, skill, and collaboratively-developed criteria.",https://www.cde.ca.gov/be/st/ss/index.asp,,"Standard Identifier: Int.MU:E.Cr3.1
Grade Range: Intermediate
Discipline: MusicSubdiscipline: Ensembles
Artistic Process: CreatingAnchor Standard: 3: Refine and complete artistic work

Enduring Understanding: 3.1 Musicians evaluate, and refine their work through openness to new ideas, persistence, and the application of appropriate criteria.
Essential Question(s): How do musicians improve the quality of their creative work?
Process Component(s): Evaluate and Refine

Performance Standard(s):
Evaluate and refine draft compositions and improvisations based on knowledge, skill, and collaboratively-developed criteria.
"
CA-VAPA-2019,Nov.MU:E.Cr3.2,,Novice,Music,Ensembles,Creating,3: Refine and complete artistic work,3.2 Musicians’ presentation of creative work is the culmination of a process of creation and communication.,When is creative work ready to share?,Present,Share personally-developed melodic and rhythmic ideas or motives— individually or as an ensemble—that demonstrate understanding of characteristics of music or texts studied in rehearsal.,https://www.cde.ca.gov/be/st/ss/index.asp,,"Standard Identifier: Nov.MU:E.Cr3.2
Grade Range: Novice
Discipline: MusicSubdiscipline: Ensembles
Artistic Process: CreatingAnchor Standard: 3: Refine and complete artistic work

Enduring Understanding: 3.2 Musicians’ presentation of creative work is the culmination of a process of creation and communication.
Essential Question(s): When is creative work ready to share?
Process Component(s): Present

Performance Standard(s):
Share personally-developed melodic and rhythmic ideas or motives— individually or as an ensemble—that demonstrate understanding of characteristics of music or texts studied in rehearsal.
"
CA-VAPA-2019,Int.MU:E.Cr3.2,,Intermediate,Music,Ensembles,Creating,3: Refine and complete artistic work,3.2 Musicians’ presentation of creative work is the culmination of a process of creation and communication.,When is creative work ready to share?,Present,Share personally-developed melodies and rhythmic passages— individually or as an ensemble—that demonstrate understanding of characteristics of music or texts studied in rehearsal.,https://www.cde.ca.gov/be/st/ss/index.asp,,"Standard Identifier: Int.MU:E.Cr3.2
Grade Range: Intermediate
Discipline: MusicSubdiscipline: Ensembles
Artistic Process: CreatingAnchor Standard: 3: Refine and complete artistic work

Enduring Understanding: 3.2 Musicians’ presentation of creative work is the culmination of a process of creation and communication.
Essential Question(s): When is creative work ready to share?
Process Component(s): Present

Performance Standard(s):
Share personally-developed melodies and rhythmic passages— individually or as an ensemble—that demonstrate understanding of characteristics of music or texts studied in rehearsal.
"
CA-VAPA-2019,Nov.MU:E.Pr4.1,,Novice,Music,Ensembles,Performing,"4. Select, analyze, and interpret artistic work for presentation","4.1 Performers’ interest in and knowledge of musical works, understanding of their own technical skill, and the context for a performance influence the selection of repertoire.",How do performers select repertoire?,Select,"Select varied repertoire to study based on interest, music reading skills (where appropriate), an understanding of the structure of the music, context, and the technical skill of the individual or ensemble.",https://www.cde.ca.gov/be/st/ss/index.asp,,"Standard Identifier: Nov.MU:E.Pr4.1
Grade Range: Novice
Discipline: MusicSubdiscipline: Ensembles
Artistic Process: PerformingAnchor Standard: 4. Select, analyze, and interpret artistic work for presentation

Enduring Understanding: 4.1 Performers’ interest in and knowledge of musical works, understanding of their own technical skill, and the context for a performance influence the selection of repertoire.
Essential Question(s): How do performers select repertoire?
Process Component(s): Select

Performance Standard(s):
Select varied repertoire to study based on interest, music reading skills (where appropriate), an understanding of the structure of the music, context, and the technical skill of the individual or ensemble.
"
CA-VAPA-2019,Int.MU:E.Pr4.1,,Intermediate,Music,Ensembles,Performing,"4. Select, analyze, and interpret artistic work for presentation","4.1 Performers’ interest in and knowledge of musical works, understanding of their own technical skill, and the context for a performance influence the selection of repertoire.",How do performers select repertoire?,Select,"Select a varied repertoire to study based on music reading skills (where appropriate), an understanding of formal design in the music, context, and the technical skill of the individual and ensemble.",https://www.cde.ca.gov/be/st/ss/index.asp,,"Standard Identifier: Int.MU:E.Pr4.1
Grade Range: Intermediate
Discipline: MusicSubdiscipline: Ensembles
Artistic Process: PerformingAnchor Standard: 4. Select, analyze, and interpret artistic work for presentation

Enduring Understanding: 4.1 Performers’ interest in and knowledge of musical works, understanding of their own technical skill, and the context for a performance influence the selection of repertoire.
Essential Question(s): How do performers select repertoire?
Process Component(s): Select

Performance Standard(s):
Select a varied repertoire to study based on music reading skills (where appropriate), an understanding of formal design in the music, context, and the technical skill of the individual and ensemble.
"
CA-VAPA-2019,Nov.MU:E.Pr4.2,,Novice,Music,Ensembles,Performing,"4. Select, analyze, and interpret artistic work for presentation",4.2 Analyzing creators’ context and how they manipulate elements of music provides insight into their intent and informs performance.,How does understanding the structure and context of musical works inform performance?,Analyze,"Demonstrate, using music reading skills where appropriate, how knowledge of formal aspects in musical works inform prepared or improvised performances.",https://www.cde.ca.gov/be/st/ss/index.asp,,"Standard Identifier: Nov.MU:E.Pr4.2
Grade Range: Novice
Discipline: MusicSubdiscipline: Ensembles
Artistic Process: PerformingAnchor Standard: 4. Select, analyze, and interpret artistic work for presentation

Enduring Understanding: 4.2 Analyzing creators’ context and how they manipulate elements of music provides insight into their intent and informs performance.
Essential Question(s): How does understanding the structure and context of musical works inform performance?
Process Component(s): Analyze

Performance Standard(s):
Demonstrate, using music reading skills where appropriate, how knowledge of formal aspects in musical works inform prepared or improvised performances.
"
CA-VAPA-2019,Int.MU:E.Pr4.2,,Intermediate,Music,Ensembles,Performing,"4. Select, analyze, and interpret artistic work for presentation",4.2 Analyzing creators’ context and how they manipulate elements of music provides insight into their intent and informs performance.,How does understanding the structure and context of musical works inform performance?,Analyze,"Demonstrate, using music reading skills where appropriate, how the setting and formal characteristics of musical works contribute to understanding the context of the music in prepared or improvised performances.",https://www.cde.ca.gov/be/st/ss/index.asp,,"Standard Identifier: Int.MU:E.Pr4.2
Grade Range: Intermediate
Discipline: MusicSubdiscipline: Ensembles
Artistic Process: PerformingAnchor Standard: 4. Select, analyze, and interpret artistic work for presentation

Enduring Understanding: 4.2 Analyzing creators’ context and how they manipulate elements of music provides insight into their intent and informs performance.
Essential Question(s): How does understanding the structure and context of musical works inform performance?
Process Component(s): Analyze

Performance Standard(s):
Demonstrate, using music reading skills where appropriate, how the setting and formal characteristics of musical works contribute to understanding the context of the music in prepared or improvised performances.
"
CA-VAPA-2019,Nov.MU:E.Pr4.3,,Novice,Music,Ensembles,Performing,"4. Select, analyze, and interpret artistic work for presentation",4.3 Performers make interpretive decisions based on their understanding of context and expressive intent.,How do performers interpret musical works?,Interpret,Identify expressive qualities in a varied repertoire of music that can be demonstrated through prepared and improvised performances.,https://www.cde.ca.gov/be/st/ss/index.asp,,"Standard Identifier: Nov.MU:E.Pr4.3
Grade Range: Novice
Discipline: MusicSubdiscipline: Ensembles
Artistic Process: PerformingAnchor Standard: 4. Select, analyze, and interpret artistic work for presentation

Enduring Understanding: 4.3 Performers make interpretive decisions based on their understanding of context and expressive intent.
Essential Question(s): How do performers interpret musical works?
Process Component(s): Interpret

Performance Standard(s):
Identify expressive qualities in a varied repertoire of music that can be demonstrated through prepared and improvised performances.
"
CA-VAPA-2019,Int.MU:E.Pr4.3,,Intermediate,Music,Ensembles,Performing,"4. Select, analyze, and interpret artistic work for presentation",4.3 Performers make interpretive decisions based on their understanding of context and expressive intent.,How do performers interpret musical works?,Interpret,Demonstrate understanding and application of expressive qualities in a varied repertoire of music through prepared and improvised performances.,https://www.cde.ca.gov/be/st/ss/index.asp,,"Standard Identifier: Int.MU:E.Pr4.3
Grade Range: Intermediate
Discipline: MusicSubdiscipline: Ensembles
Artistic Process: PerformingAnchor Standard: 4. Select, analyze, and interpret artistic work for presentation

Enduring Understanding: 4.3 Performers make interpretive decisions based on their understanding of context and expressive intent.
Essential Question(s): How do performers interpret musical works?
Process Component(s): Interpret

Performance Standard(s):
Demonstrate understanding and application of expressive qualities in a varied repertoire of music through prepared and improvised performances.
"
CA-VAPA-2019,Nov.MU:E.Pr5,,Novice,Music,Ensembles,Performing,5: Develop and refine artistic techniques and work for presentation,"To express their musical ideas, musicians analyze, evaluate, and refine their performance over time through openness to new ideas, persistence, and the application of appropriate criteria.",How do musicians improve the quality of their performance?,"Rehearse, Evaluate, and Refine",Use self-reflection and peer feedback to refine individual and ensemble performances of a varied repertoire of music.,https://www.cde.ca.gov/be/st/ss/index.asp,,"Standard Identifier: Nov.MU:E.Pr5
Grade Range: Novice
Discipline: MusicSubdiscipline: Ensembles
Artistic Process: PerformingAnchor Standard: 5: Develop and refine artistic techniques and work for presentation

Enduring Understanding: To express their musical ideas, musicians analyze, evaluate, and refine their performance over time through openness to new ideas, persistence, and the application of appropriate criteria.
Essential Question(s): How do musicians improve the quality of their performance?
Process Component(s): Rehearse, Evaluate, and Refine

Performance Standard(s):
Use self-reflection and peer feedback to refine individual and ensemble performances of a varied repertoire of music.
"
CA-VAPA-2019,Int.MU:E.Pr5,,Intermediate,Music,Ensembles,Performing,5: Develop and refine artistic techniques and work for presentation,"To express their musical ideas, musicians analyze, evaluate, and refine their performance over time through openness to new ideas, persistence, and the application of appropriate criteria.",How do musicians improve the quality of their performance?,"Rehearse, Evaluate, and Refine",Develop strategies to address technical challenges in a varied repertoire of music and evaluate their success using feedback from ensemble peers and other sources to refine performances.,https://www.cde.ca.gov/be/st/ss/index.asp,,"Standard Identifier: Int.MU:E.Pr5
Grade Range: Intermediate
Discipline: MusicSubdiscipline: Ensembles
Artistic Process: PerformingAnchor Standard: 5: Develop and refine artistic techniques and work for presentation

Enduring Understanding: To express their musical ideas, musicians analyze, evaluate, and refine their performance over time through openness to new ideas, persistence, and the application of appropriate criteria.
Essential Question(s): How do musicians improve the quality of their performance?
Process Component(s): Rehearse, Evaluate, and Refine

Performance Standard(s):
Develop strategies to address technical challenges in a varied repertoire of music and evaluate their success using feedback from ensemble peers and other sources to refine performances.
"
CA-VAPA-2019,Nov.MU:E.Pr6,,Novice,Music,Ensembles,Performing,6: Convey meaning through the presentation of artistic work,"Musicians judge performance based on criteria that vary across time, place, and cultures. The context and how a work is presented influence audience response.",When is a performance judged ready to present? How do context and the manner in which musical work is presented influence audience response?,Present,"a. Demonstrate attention to technical accuracy and expressive qualities in prepared and improvised performances of a varied repertoire of music. 
b. Demonstrate an awareness of the context of the music through prepared and improvised performances.",https://www.cde.ca.gov/be/st/ss/index.asp,,"Standard Identifier: Nov.MU:E.Pr6
Grade Range: Novice
Discipline: MusicSubdiscipline: Ensembles
Artistic Process: PerformingAnchor Standard: 6: Convey meaning through the presentation of artistic work

Enduring Understanding: Musicians judge performance based on criteria that vary across time, place, and cultures. The context and how a work is presented influence audience response.
Essential Question(s): When is a performance judged ready to present? How do context and the manner in which musical work is presented influence audience response?
Process Component(s): Present

Performance Standard(s):
a. Demonstrate attention to technical accuracy and expressive qualities in prepared and improvised performances of a varied repertoire of music. 
b. Demonstrate an awareness of the context of the music through prepared and improvised performances.
"
CA-VAPA-2019,Int.MU:E.Pr6,,Intermediate,Music,Ensembles,Performing,6: Convey meaning through the presentation of artistic work,"Musicians judge performance based on criteria that vary across time, place, and cultures. The context and how a work is presented influence audience response.",When is a performance judged ready to present? How do context and the manner in which musical work is presented influence audience response?,Present,"a. Demonstrate attention to technical accuracy and expressive qualities in prepared and improvised performances of a varied repertoire of music representing diverse cultures and styles. 
b. Demonstrate an understanding of the context of the music through prepared and improvised performances.",https://www.cde.ca.gov/be/st/ss/index.asp,,"Standard Identifier: Int.MU:E.Pr6
Grade Range: Intermediate
Discipline: MusicSubdiscipline: Ensembles
Artistic Process: PerformingAnchor Standard: 6: Convey meaning through the presentation of artistic work

Enduring Understanding: Musicians judge performance based on criteria that vary across time, place, and cultures. The context and how a work is presented influence audience response.
Essential Question(s): When is a performance judged ready to present? How do context and the manner in which musical work is presented influence audience response?
Process Component(s): Present

Performance Standard(s):
a. Demonstrate attention to technical accuracy and expressive qualities in prepared and improvised performances of a varied repertoire of music representing diverse cultures and styles. 
b. Demonstrate an understanding of the context of the music through prepared and improvised performances.
"
CA-VAPA-2019,Nov.MU:E.Re7.1,,Novice,Music,Ensembles,Responding,7: Perceive and analyze artistic work,"7.1 Individuals' selection of musical works is influenced by their interests, experiences, understandings, and purposes.",How do individuals choose music to experience?,Select,"Identify reasons for selecting music based on characteristics found in the music, connection to interest, and purpose or context.",https://www.cde.ca.gov/be/st/ss/index.asp,,"Standard Identifier: Nov.MU:E.Re7.1
Grade Range: Novice
Discipline: MusicSubdiscipline: Ensembles
Artistic Process: RespondingAnchor Standard: 7: Perceive and analyze artistic work

Enduring Understanding: 7.1 Individuals' selection of musical works is influenced by their interests, experiences, understandings, and purposes.
Essential Question(s): How do individuals choose music to experience?
Process Component(s): Select

Performance Standard(s):
Identify reasons for selecting music based on characteristics found in the music, connection to interest, and purpose or context.
"
CA-VAPA-2019,Int.MU:E.Re7.1,,Intermediate,Music,Ensembles,Responding,7: Perceive and analyze artistic work,"7.1 Individuals' selection of musical works is influenced by their interests, experiences, understandings, and purposes.",How do individuals choose music to experience?,Select,"Explain reasons for selecting music citing characteristics found in the music and connections to interest, purpose, and context.",https://www.cde.ca.gov/be/st/ss/index.asp,,"Standard Identifier: Int.MU:E.Re7.1
Grade Range: Intermediate
Discipline: MusicSubdiscipline: Ensembles
Artistic Process: RespondingAnchor Standard: 7: Perceive and analyze artistic work

Enduring Understanding: 7.1 Individuals' selection of musical works is influenced by their interests, experiences, understandings, and purposes.
Essential Question(s): How do individuals choose music to experience?
Process Component(s): Select

Performance Standard(s):
Explain reasons for selecting music citing characteristics found in the music and connections to interest, purpose, and context.
"
CA-VAPA-2019,Nov.MU:E.Re7.2,,Novice,Music,Ensembles,Responding,7: Perceive and analyze artistic work,"7.2 Response to music is informed by analyzing context (social, cultural, and historical) and how creators and performers manipulate the elements of music.",How do individuals choose music to experience?,Analyze,"Identify how knowledge of context and the use of repetition, similarities, and contrasts inform the response to music.",https://www.cde.ca.gov/be/st/ss/index.asp,,"Standard Identifier: Nov.MU:E.Re7.2
Grade Range: Novice
Discipline: MusicSubdiscipline: Ensembles
Artistic Process: RespondingAnchor Standard: 7: Perceive and analyze artistic work

Enduring Understanding: 7.2 Response to music is informed by analyzing context (social, cultural, and historical) and how creators and performers manipulate the elements of music.
Essential Question(s): How do individuals choose music to experience?
Process Component(s): Analyze

Performance Standard(s):
Identify how knowledge of context and the use of repetition, similarities, and contrasts inform the response to music.
"
CA-VAPA-2019,Int.MU:E.Re7.2,,Intermediate,Music,Ensembles,Responding,7: Perceive and analyze artistic work,"7.2 Response to music is informed by analyzing context (social, cultural, and historical) and how creators and performers manipulate the elements of music.",How do individuals choose music to experience?,Analyze,Describe how understanding context and the way the elements of music are manipulated inform the response to music.,https://www.cde.ca.gov/be/st/ss/index.asp,,"Standard Identifier: Int.MU:E.Re7.2
Grade Range: Intermediate
Discipline: MusicSubdiscipline: Ensembles
Artistic Process: RespondingAnchor Standard: 7: Perceive and analyze artistic work

Enduring Understanding: 7.2 Response to music is informed by analyzing context (social, cultural, and historical) and how creators and performers manipulate the elements of music.
Essential Question(s): How do individuals choose music to experience?
Process Component(s): Analyze

Performance Standard(s):
Describe how understanding context and the way the elements of music are manipulated inform the response to music.
"
CA-VAPA-2019,Nov.MU:E.Re8,,Novice,Music,Ensembles,Responding,7: Perceive and analyze artistic work,"7.2 Response to music is informed by analyzing context (social, cultural, and historical) and how creators and performers manipulate the elements of music.",How do individuals choose music to experience?,Analyze,"Identify interpretations of the expressive intent and meaning of musical works, referring to the elements of music, contexts, and (when appropriate) the setting of the text.",https://www.cde.ca.gov/be/st/ss/index.asp,,"Standard Identifier: Nov.MU:E.Re8
Grade Range: Novice
Discipline: MusicSubdiscipline: Ensembles
Artistic Process: RespondingAnchor Standard: 7: Perceive and analyze artistic work

Enduring Understanding: 7.2 Response to music is informed by analyzing context (social, cultural, and historical) and how creators and performers manipulate the elements of music.
Essential Question(s): How do individuals choose music to experience?
Process Component(s): Analyze

Performance Standard(s):
Identify interpretations of the expressive intent and meaning of musical works, referring to the elements of music, contexts, and (when appropriate) the setting of the text.
"
CA-VAPA-2019,Int.MU:E.Re8,,Intermediate,Music,Ensembles,Responding,7: Perceive and analyze artistic work,"7.2 Response to music is informed by analyzing context (social, cultural, and historical) and how creators and performers manipulate the elements of music.",How do individuals choose music to experience?,Analyze,"Identify and support interpretations of the expressive intent and meaning of musical works, citing as evidence, the treatment of the elements of music, contexts, and (when appropriate) the setting of the text.",https://www.cde.ca.gov/be/st/ss/index.asp,,"Standard Identifier: Int.MU:E.Re8
Grade Range: Intermediate
Discipline: MusicSubdiscipline: Ensembles
Artistic Process: RespondingAnchor Standard: 7: Perceive and analyze artistic work

Enduring Understanding: 7.2 Response to music is informed by analyzing context (social, cultural, and historical) and how creators and performers manipulate the elements of music.
Essential Question(s): How do individuals choose music to experience?
Process Component(s): Analyze

Performance Standard(s):
Identify and support interpretations of the expressive intent and meaning of musical works, citing as evidence, the treatment of the elements of music, contexts, and (when appropriate) the setting of the text.
"
CA-VAPA-2019,Nov.MU:E.Re9,,Novice,Music,Ensembles,Responding,9: Apply criteria to evaluate artistic work,"The personal evaluation of musical work(s) and performance(s) is informed by analysis, interpretation, and established criteria.",How do we judge the quality of musical work(s) and performance(s)?,Evaluate,"Identify and describe the effect of interest, experience, analysis, and context on the evaluation of music.",https://www.cde.ca.gov/be/st/ss/index.asp,,"Standard Identifier: Nov.MU:E.Re9
Grade Range: Novice
Discipline: MusicSubdiscipline: Ensembles
Artistic Process: RespondingAnchor Standard: 9: Apply criteria to evaluate artistic work

Enduring Understanding: The personal evaluation of musical work(s) and performance(s) is informed by analysis, interpretation, and established criteria.
Essential Question(s): How do we judge the quality of musical work(s) and performance(s)?
Process Component(s): Evaluate

Performance Standard(s):
Identify and describe the effect of interest, experience, analysis, and context on the evaluation of music.
"
CA-VAPA-2019,Int.MU:E.Re9,,Intermediate,Music,Ensembles,Responding,9: Apply criteria to evaluate artistic work,"The personal evaluation of musical work(s) and performance(s) is informed by analysis, interpretation, and established criteria.",How do we judge the quality of musical work(s) and performance(s)?,Evaluate,"Explain the influence of experiences, analysis, and context on interest in and evaluation of music.",https://www.cde.ca.gov/be/st/ss/index.asp,,"Standard Identifier: Int.MU:E.Re9
Grade Range: Intermediate
Discipline: MusicSubdiscipline: Ensembles
Artistic Process: RespondingAnchor Standard: 9: Apply criteria to evaluate artistic work

Enduring Understanding: The personal evaluation of musical work(s) and performance(s) is informed by analysis, interpretation, and established criteria.
Essential Question(s): How do we judge the quality of musical work(s) and performance(s)?
Process Component(s): Evaluate

Performance Standard(s):
Explain the influence of experiences, analysis, and context on interest in and evaluation of music.
"
CA-VAPA-2019,Nov.MU:E.Cn10,,Novice,Music,Ensembles,Connecting,10: Synthesize and relate knowledge and personal experiences to make art,"Musicians connect their personal interests, experiences, ideas, and knowledge to creating, performing, and responding.","How do musicians make meaningful connections to creating, performing, and responding?",Synthesize,"Describe and demonstrate how personal interests relate to choices and intent when creating, performing, and responding to music.",https://www.cde.ca.gov/be/st/ss/index.asp,,"Standard Identifier: Nov.MU:E.Cn10
Grade Range: Novice
Discipline: MusicSubdiscipline: Ensembles
Artistic Process: ConnectingAnchor Standard: 10: Synthesize and relate knowledge and personal experiences to make art

Enduring Understanding: Musicians connect their personal interests, experiences, ideas, and knowledge to creating, performing, and responding.
Essential Question(s): How do musicians make meaningful connections to creating, performing, and responding?
Process Component(s): Synthesize

Performance Standard(s):
Describe and demonstrate how personal interests relate to choices and intent when creating, performing, and responding to music.
"
CA-VAPA-2019,Int.MU:E.Cn10,,Intermediate,Music,Ensembles,Connecting,10: Synthesize and relate knowledge and personal experiences to make art,"Musicians connect their personal interests, experiences, ideas, and knowledge to creating, performing, and responding.","How do musicians make meaningful connections to creating, performing, and responding?",Synthesize,"Explain and demonstrate how personal interests and knowledge relate to choices and intent when creating, performing, and responding to music.",https://www.cde.ca.gov/be/st/ss/index.asp,,"Standard Identifier: Int.MU:E.Cn10
Grade Range: Intermediate
Discipline: MusicSubdiscipline: Ensembles
Artistic Process: ConnectingAnchor Standard: 10: Synthesize and relate knowledge and personal experiences to make art

Enduring Understanding: Musicians connect their personal interests, experiences, ideas, and knowledge to creating, performing, and responding.
Essential Question(s): How do musicians make meaningful connections to creating, performing, and responding?
Process Component(s): Synthesize

Performance Standard(s):
Explain and demonstrate how personal interests and knowledge relate to choices and intent when creating, performing, and responding to music.
"
CA-VAPA-2019,Nov.MU:E.Cn11,,Novice,Music,Ensembles,Connecting,"11: Relate artistic ideas and works with societal, cultural, and historical context to deepen understanding","Musicians connect societal, cultural, and historical contexts when creating, performing, and responding.","How do musicians make meaningful connections to societal, cultural, and historical contexts when creating, performing, and responding?",Relate,"Relate music to societal, cultural, and historical contexts when creating, performing, and responding.",https://www.cde.ca.gov/be/st/ss/index.asp,,"Standard Identifier: Nov.MU:E.Cn11
Grade Range: Novice
Discipline: MusicSubdiscipline: Ensembles
Artistic Process: ConnectingAnchor Standard: 11: Relate artistic ideas and works with societal, cultural, and historical context to deepen understanding

Enduring Understanding: Musicians connect societal, cultural, and historical contexts when creating, performing, and responding.
Essential Question(s): How do musicians make meaningful connections to societal, cultural, and historical contexts when creating, performing, and responding?
Process Component(s): Relate

Performance Standard(s):
Relate music to societal, cultural, and historical contexts when creating, performing, and responding.
"
CA-VAPA-2019,Int.MU:E.Cn11,,Intermediate,Music,Ensembles,Connecting,"11: Relate artistic ideas and works with societal, cultural, and historical context to deepen understanding","Musicians connect societal, cultural, and historical contexts when creating, performing, and responding.","How do musicians make meaningful connections to societal, cultural, and historical contexts when creating, performing, and responding?",Relate,"Explain the influence of societal, cultural, and historical contexts when creating, performing, and responding to music.",https://www.cde.ca.gov/be/st/ss/index.asp,,"Standard Identifier: Int.MU:E.Cn11
Grade Range: Intermediate
Discipline: MusicSubdiscipline: Ensembles
Artistic Process: ConnectingAnchor Standard: 11: Relate artistic ideas and works with societal, cultural, and historical context to deepen understanding

Enduring Understanding: Musicians connect societal, cultural, and historical contexts when creating, performing, and responding.
Essential Question(s): How do musicians make meaningful connections to societal, cultural, and historical contexts when creating, performing, and responding?
Process Component(s): Relate

Performance Standard(s):
Explain the influence of societal, cultural, and historical contexts when creating, performing, and responding to music.
"
CA-VAPA-2019,5.MU:Re7.1,5,,Music,TK-8,Responding,7: Perceive and analyze artistic work,"7.1 Individuals' selection of musical works is influenced by their interests, experiences, understandings, and purposes.",How do individuals choose music to experience?,Select,"Demonstrate and explain, citing evidence, how selected music connects to and is influenced by specific interests, experiences, purposes, or contexts.",https://www.cde.ca.gov/be/st/ss/index.asp,,"Standard Identifier: 5.MU:Re7.1
Grade: 5
Discipline: MusicSubdiscipline: TK-8
Artistic Process: RespondingAnchor Standard: 7: Perceive and analyze artistic work

Enduring Understanding: 7.1 Individuals' selection of musical works is influenced by their interests, experiences, understandings, and purposes.
Essential Question(s): How do individuals choose music to experience?
Process Component(s): Select

Performance Standard(s):
Demonstrate and explain, citing evidence, how selected music connects to and is influenced by specific interests, experiences, purposes, or contexts.
"
CA-VAPA-2019,5.MU:Re7.2,5,,Music,TK-8,Responding,7: Perceive and analyze artistic work,"7.2 Response to music is informed by analyzing context (social, cultural, and historical) and how creators and performers manipulate the elements of music.",How do individuals choose music to experience?,Analyze,"Demonstrate and explain, citing evidence, how responses to music are informed by the structure, the use of the elements of music, and context (such as personal, social, cultural, and historical).",https://www.cde.ca.gov/be/st/ss/index.asp,,"Standard Identifier: 5.MU:Re7.2
Grade: 5
Discipline: MusicSubdiscipline: TK-8
Artistic Process: RespondingAnchor Standard: 7: Perceive and analyze artistic work

Enduring Understanding: 7.2 Response to music is informed by analyzing context (social, cultural, and historical) and how creators and performers manipulate the elements of music.
Essential Question(s): How do individuals choose music to experience?
Process Component(s): Analyze

Performance Standard(s):
Demonstrate and explain, citing evidence, how responses to music are informed by the structure, the use of the elements of music, and context (such as personal, social, cultural, and historical).
"
CA-VAPA-2019,5.MU:Re8,5,,Music,TK-8,Responding,8: Interpret intent and meaning in artistic work,"Through their use of elements and structures of music, creators and performers provide clues to their expressive intent.",How do we discern the musical creators’ and performers’ expressive intent?,Interpret,"Demonstrate and explain how expressive qualities (such as dynamics, tempo, timbre, and articulation) are used in performers’ personal interpretations to reflect creators’ expressive intent.",https://www.cde.ca.gov/be/st/ss/index.asp,,"Standard Identifier: 5.MU:Re8
Grade: 5
Discipline: MusicSubdiscipline: TK-8
Artistic Process: RespondingAnchor Standard: 8: Interpret intent and meaning in artistic work

Enduring Understanding: Through their use of elements and structures of music, creators and performers provide clues to their expressive intent.
Essential Question(s): How do we discern the musical creators’ and performers’ expressive intent?
Process Component(s): Interpret

Performance Standard(s):
Demonstrate and explain how expressive qualities (such as dynamics, tempo, timbre, and articulation) are used in performers’ personal interpretations to reflect creators’ expressive intent.
"
CA-VAPA-2019,5.MU:Re9,5,,Music,TK-8,Responding,9: Apply criteria to evaluate artistic work,"The personal evaluation of musical work(s) and performance(s) is informed by analysis, interpretation, and established criteria.",How do we judge the quality of musical work(s) and performance(s)?,Evaluate,"Evaluate musical works and performances, applying established criteria, and explain appropriateness to the context, citing evidence from the elements of music.",https://www.cde.ca.gov/be/st/ss/index.asp,,"Standard Identifier: 5.MU:Re9
Grade: 5
Discipline: MusicSubdiscipline: TK-8
Artistic Process: RespondingAnchor Standard: 9: Apply criteria to evaluate artistic work

Enduring Understanding: The personal evaluation of musical work(s) and performance(s) is informed by analysis, interpretation, and established criteria.
Essential Question(s): How do we judge the quality of musical work(s) and performance(s)?
Process Component(s): Evaluate

Performance Standard(s):
Evaluate musical works and performances, applying established criteria, and explain appropriateness to the context, citing evidence from the elements of music.
"
CA-VAPA-2019,5.MU:Cn10,5,,Music,TK-8,Connecting,10: Synthesize and relate knowledge and personal experiences to make art,"Musicians connect their personal interests, experiences, ideas, and knowledge to creating, performing, and responding.","How do musicians make meaningful connections to creating, performing, and responding?",Synthesize,"Explain and demonstrate how personal interests, experiences, ideas, and knowledge relate to creating, performing, and responding to music.",https://www.cde.ca.gov/be/st/ss/index.asp,,"Standard Identifier: 5.MU:Cn10
Grade: 5
Discipline: MusicSubdiscipline: TK-8
Artistic Process: ConnectingAnchor Standard: 10: Synthesize and relate knowledge and personal experiences to make art

Enduring Understanding: Musicians connect their personal interests, experiences, ideas, and knowledge to creating, performing, and responding.
Essential Question(s): How do musicians make meaningful connections to creating, performing, and responding?
Process Component(s): Synthesize

Performance Standard(s):
Explain and demonstrate how personal interests, experiences, ideas, and knowledge relate to creating, performing, and responding to music.
"
CA-VAPA-2019,5.TH:Cr1,5,,Theatre,,Creating,1: Generate and conceptualize artistic ideas and work,"Theatre artists rely on intuition, curiosity, culture, and critical inquiry.","What happens when theatre artists use their culture, imaginations and/or learned theatre skills while engaging in creative exploration and inquiry?","Envision,Conceptualize",a. Identify physical qualities that might reveal a character’s inner traits in the imagined world of a drama/theatre work.b. Imagine how a character’s inner thoughts impact the story and given circumstances in a drama/ theatre work.c. Propose design ideas that support the story and given circumstances in a drama/theatre work.,https://www.cde.ca.gov/be/st/ss/index.asp,,"Standard Identifier: 5.TH:Cr1
Grade: 5
Discipline: Theatre
Artistic Process: CreatingAnchor Standard: 1: Generate and conceptualize artistic ideas and work

Enduring Understanding: Theatre artists rely on intuition, curiosity, culture, and critical inquiry.
Essential Question(s): What happens when theatre artists use their culture, imaginations and/or learned theatre skills while engaging in creative exploration and inquiry?
Process Component(s): Envision,Conceptualize

Performance Standard(s):
a. Identify physical qualities that might reveal a character’s inner traits in the imagined world of a drama/theatre work.b. Imagine how a character’s inner thoughts impact the story and given circumstances in a drama/ theatre work.c. Propose design ideas that support the story and given circumstances in a drama/theatre work.
"
CA-VAPA-2019,5.TH:Cr2,5,,Theatre,,Creating,2: Organize and develop artistic ideas and work,Theatre artists work to discover different ways of communicating meaning.,"How, when, and why do theatre artists’ choices change?",Develop,"a. Devise original ideas for a drama/theatre work that reflect collective inquiry about characters and their given circumstances
b. Participate in defined responsibilities required to present a drama/theatre work informally to an audience.",https://www.cde.ca.gov/be/st/ss/index.asp,,"Standard Identifier: 5.TH:Cr2
Grade: 5
Discipline: Theatre
Artistic Process: CreatingAnchor Standard: 2: Organize and develop artistic ideas and work

Enduring Understanding: Theatre artists work to discover different ways of communicating meaning.
Essential Question(s): How, when, and why do theatre artists’ choices change?
Process Component(s): Develop

Performance Standard(s):
a. Devise original ideas for a drama/theatre work that reflect collective inquiry about characters and their given circumstances
b. Participate in defined responsibilities required to present a drama/theatre work informally to an audience.
"
CA-VAPA-2019,5.TH:Cr3,5,,Theatre,,Creating,3: Refine and complete artistic work,Theatre artists refine their work and practice their craft through rehearsal.,How do theatre artists transform and edit their initial ideas?,Rehearse,"a. Revise and refine an improvised or scripted drama/theatre work through rehearsal, collaborative review, and reflection.
b. Use physical and vocal exploration for character development in a devised or scripted drama/theatre work.
c. Create innovative solutions to design and technical theatre element problems that arise in rehearsal for a drama/theatre work.",https://www.cde.ca.gov/be/st/ss/index.asp,,"Standard Identifier: 5.TH:Cr3
Grade: 5
Discipline: Theatre
Artistic Process: CreatingAnchor Standard: 3: Refine and complete artistic work

Enduring Understanding: Theatre artists refine their work and practice their craft through rehearsal.
Essential Question(s): How do theatre artists transform and edit their initial ideas?
Process Component(s): Rehearse

Performance Standard(s):
a. Revise and refine an improvised or scripted drama/theatre work through rehearsal, collaborative review, and reflection.
b. Use physical and vocal exploration for character development in a devised or scripted drama/theatre work.
c. Create innovative solutions to design and technical theatre element problems that arise in rehearsal for a drama/theatre work.
"
CA-VAPA-2019,5.TH:Pr4,5,,Theatre,,Performing,"4. Select, analyze, and interpret artistic work for presentation",Theatre artists make strong choices to effectively convey meaning.,Why are strong choices essential to interpreting a drama or theatre piece?,Select,"a. Describe the underlying thoughts and emotions that create dialogue and action in a drama/theatre work.
b. Use physical choices to create meaning in a drama/theatre work.",https://www.cde.ca.gov/be/st/ss/index.asp,,"Standard Identifier: 5.TH:Pr4
Grade: 5
Discipline: Theatre
Artistic Process: PerformingAnchor Standard: 4. Select, analyze, and interpret artistic work for presentation

Enduring Understanding: Theatre artists make strong choices to effectively convey meaning.
Essential Question(s): Why are strong choices essential to interpreting a drama or theatre piece?
Process Component(s): Select

Performance Standard(s):
a. Describe the underlying thoughts and emotions that create dialogue and action in a drama/theatre work.
b. Use physical choices to create meaning in a drama/theatre work.
"
CA-VAPA-2019,5.TH:Pr5,5,,Theatre,,Performing,5: Develop and refine artistic techniques and work for presentation,Theatre artists develop personal processes and skills for a performance or design.,What can I do to fully prepare a performance or technical design?,Prepare,"a. Choose acting exercises that can be applied to a drama/theatre work.
b. Demonstrate the use of technical theatre elements in a drama/theatre work.",https://www.cde.ca.gov/be/st/ss/index.asp,,"Standard Identifier: 5.TH:Pr5
Grade: 5
Discipline: Theatre
Artistic Process: PerformingAnchor Standard: 5: Develop and refine artistic techniques and work for presentation

Enduring Understanding: Theatre artists develop personal processes and skills for a performance or design.
Essential Question(s): What can I do to fully prepare a performance or technical design?
Process Component(s): Prepare

Performance Standard(s):
a. Choose acting exercises that can be applied to a drama/theatre work.
b. Demonstrate the use of technical theatre elements in a drama/theatre work.
"
CA-VAPA-2019,5.TH:Pr6,5,,Theatre,,Performing,6: Convey meaning through the presentation of artistic work,"Theatre artists share and present stories, ideas, and envisioned worlds to explore the human experience in diverse cultures.",What happens when theatre artists and audiences share a creative experience?,"Share, Present",Present drama/theatre work to an audience.,https://www.cde.ca.gov/be/st/ss/index.asp,,"Standard Identifier: 5.TH:Pr6
Grade: 5
Discipline: Theatre
Artistic Process: PerformingAnchor Standard: 6: Convey meaning through the presentation of artistic work

Enduring Understanding: Theatre artists share and present stories, ideas, and envisioned worlds to explore the human experience in diverse cultures.
Essential Question(s): What happens when theatre artists and audiences share a creative experience?
Process Component(s): Share, Present

Performance Standard(s):
Present drama/theatre work to an audience.
"
CA-VAPA-2019,5.TH:Re7,5,,Theatre,,Responding,7: Perceive and analyze artistic work,Theatre artists reflect to understand the impact of drama processes and theatre experiences.,How do theatre artists comprehend the essence of drama processes and theatre experiences?,Reflect,Explain personal reactions to artistic choices made in a drama/theatre work through participation and observation.,https://www.cde.ca.gov/be/st/ss/index.asp,,"Standard Identifier: 5.TH:Re7
Grade: 5
Discipline: Theatre
Artistic Process: RespondingAnchor Standard: 7: Perceive and analyze artistic work

Enduring Understanding: Theatre artists reflect to understand the impact of drama processes and theatre experiences.
Essential Question(s): How do theatre artists comprehend the essence of drama processes and theatre experiences?
Process Component(s): Reflect

Performance Standard(s):
Explain personal reactions to artistic choices made in a drama/theatre work through participation and observation.
"
CA-VAPA-2019,5.TH:Re8,5,,Theatre,,Responding,8: Interpret intent and meaning in artistic work,"Theatre artists’ interpretations of drama/theatre work are influenced by personal experiences, culture, and aesthetics.",How can the same work of art communicate different messages to different people?,Interpret,"a. Justify responses based on personal experiences when participating in or observing a drama/theatre work.
b. Explain responses to characters based on cultural contexts when participating in or observing drama/theatre work.
c. Investigate the effects of emotions on posture, gesture, breathing, and vocal intonation in a drama/theatre work.",https://www.cde.ca.gov/be/st/ss/index.asp,,"Standard Identifier: 5.TH:Re8
Grade: 5
Discipline: Theatre
Artistic Process: RespondingAnchor Standard: 8: Interpret intent and meaning in artistic work

Enduring Understanding: Theatre artists’ interpretations of drama/theatre work are influenced by personal experiences, culture, and aesthetics.
Essential Question(s): How can the same work of art communicate different messages to different people?
Process Component(s): Interpret

Performance Standard(s):
a. Justify responses based on personal experiences when participating in or observing a drama/theatre work.
b. Explain responses to characters based on cultural contexts when participating in or observing drama/theatre work.
c. Investigate the effects of emotions on posture, gesture, breathing, and vocal intonation in a drama/theatre work.
"
CA-VAPA-2019,5.TH:Re9,5,,Theatre,,Responding,9: Apply criteria to evaluate artistic work,"Theatre artists apply criteria to understand, explore, and assess drama and theatre work.",How do analysis and synthesis impact the theatre artist’s process and audience’s perspectives?,Evaluate,"a. Develop multiple criteria to evaluate drama/theatre work.
b. Analyze and evaluate a character’s circumstances in a drama/theatre work from an audience perspective.
c. Assess how technical theatre elements represent the theme of a drama/theatre work.",https://www.cde.ca.gov/be/st/ss/index.asp,,"Standard Identifier: 5.TH:Re9
Grade: 5
Discipline: Theatre
Artistic Process: RespondingAnchor Standard: 9: Apply criteria to evaluate artistic work

Enduring Understanding: Theatre artists apply criteria to understand, explore, and assess drama and theatre work.
Essential Question(s): How do analysis and synthesis impact the theatre artist’s process and audience’s perspectives?
Process Component(s): Evaluate

Performance Standard(s):
a. Develop multiple criteria to evaluate drama/theatre work.
b. Analyze and evaluate a character’s circumstances in a drama/theatre work from an audience perspective.
c. Assess how technical theatre elements represent the theme of a drama/theatre work.
"
CA-VAPA-2019,5.TH:Cn10,5,,Theatre,,Connecting,10: Synthesize and relate knowledge and personal experiences to make art,Theatre artists allow awareness of interrelationships between self and others to influence and inform their work.,"What happens when theatre artists foster understanding between self and others through critical awareness, social responsibility, and the exploration of empathy?",Empathize,Explain how drama/theatre connects oneself to a community or culture.,https://www.cde.ca.gov/be/st/ss/index.asp,,"Standard Identifier: 5.TH:Cn10
Grade: 5
Discipline: Theatre
Artistic Process: ConnectingAnchor Standard: 10: Synthesize and relate knowledge and personal experiences to make art

Enduring Understanding: Theatre artists allow awareness of interrelationships between self and others to influence and inform their work.
Essential Question(s): What happens when theatre artists foster understanding between self and others through critical awareness, social responsibility, and the exploration of empathy?
Process Component(s): Empathize

Performance Standard(s):
Explain how drama/theatre connects oneself to a community or culture.
"
CA-VAPA-2019,5.TH:Cn11.1,5,,Theatre,,Connecting,"11: Relate artistic ideas and works with societal, cultural, and historical context to deepen understanding",11.1 Theatre artists understand and can communicate through their creative process as they analyze the way the world may be understood.,What happens when theatre artists allow an understanding of themselves and the world to inform perceptions about theatre and the purpose of their work?,Interrelate,"a. Investigate historical, global and social issues expressed in drama/theatre work.
b. Explore the ethical responsibilities to oneself and others when observing and performing.",https://www.cde.ca.gov/be/st/ss/index.asp,,"Standard Identifier: 5.TH:Cn11.1
Grade: 5
Discipline: Theatre
Artistic Process: ConnectingAnchor Standard: 11: Relate artistic ideas and works with societal, cultural, and historical context to deepen understanding

Enduring Understanding: 11.1 Theatre artists understand and can communicate through their creative process as they analyze the way the world may be understood.
Essential Question(s): What happens when theatre artists allow an understanding of themselves and the world to inform perceptions about theatre and the purpose of their work?
Process Component(s): Interrelate

Performance Standard(s):
a. Investigate historical, global and social issues expressed in drama/theatre work.
b. Explore the ethical responsibilities to oneself and others when observing and performing.
"
CA-VAPA-2019,5.TH:Cn11.2,5,,Theatre,,Connecting,"11: Relate artistic ideas and works with societal, cultural, and historical context to deepen understanding",11.2 Theatre artists critically inquire into the ways others have thought about and created drama processes and productions to inform their own work.,"In what ways can research into theatre histories, theories, literature, and performances alter the way a drama process or production is understood?",Research,"a. Analyze commonalities and differences between stories set in different cultures in preparation for a drama/theatre work.
b. Identify historical sources that explain drama/theatre terminology and conventions.",https://www.cde.ca.gov/be/st/ss/index.asp,,"Standard Identifier: 5.TH:Cn11.2
Grade: 5
Discipline: Theatre
Artistic Process: ConnectingAnchor Standard: 11: Relate artistic ideas and works with societal, cultural, and historical context to deepen understanding

Enduring Understanding: 11.2 Theatre artists critically inquire into the ways others have thought about and created drama processes and productions to inform their own work.
Essential Question(s): In what ways can research into theatre histories, theories, literature, and performances alter the way a drama process or production is understood?
Process Component(s): Research

Performance Standard(s):
a. Analyze commonalities and differences between stories set in different cultures in preparation for a drama/theatre work.
b. Identify historical sources that explain drama/theatre terminology and conventions.
"
CA-VAPA-2019,5.VA:Cr1.1,5,,Visual Arts,,Creating,1: Generate and conceptualize artistic ideas and work,1.1 Creativity and innovative thinking are essential life skills that can be developed.,"What conditions, attitudes, and behaviors support creativity and innovative thinking? What factors prevent or encourage people to take creative risks? How does collaboration expand the creative process?","Imagine, Plan, Make",Combine ideas to generate an innovative idea for art-making.,https://www.cde.ca.gov/be/st/ss/index.asp,,"Standard Identifier: 5.VA:Cr1.1
Grade: 5
Discipline: Visual Arts
Artistic Process: CreatingAnchor Standard: 1: Generate and conceptualize artistic ideas and work

Enduring Understanding: 1.1 Creativity and innovative thinking are essential life skills that can be developed.
Essential Question(s): What conditions, attitudes, and behaviors support creativity and innovative thinking? What factors prevent or encourage people to take creative risks? How does collaboration expand the creative process?
Process Component(s): Imagine, Plan, Make

Performance Standard(s):
Combine ideas to generate an innovative idea for art-making.
"
CA-VAPA-2019,5.VA:Cr1.2,5,,Visual Arts,,Creating,1: Generate and conceptualize artistic ideas and work,"1.2 Artists and designers shape artistic investigations, following or breaking with traditions in pursuit of creative artmaking goals.","How does knowing the contexts, histories, and traditions of art forms help us create works of art and design? Why do artists follow or break from established traditions? How do artists determine what resources and criteria are needed to formulate artistic","Imagine, Plan, Make",Identify and demonstrate diverse methods of artistic investigation to choose an approach for beginning a work of art.,https://www.cde.ca.gov/be/st/ss/index.asp,,"Standard Identifier: 5.VA:Cr1.2
Grade: 5
Discipline: Visual Arts
Artistic Process: CreatingAnchor Standard: 1: Generate and conceptualize artistic ideas and work

Enduring Understanding: 1.2 Artists and designers shape artistic investigations, following or breaking with traditions in pursuit of creative artmaking goals.
Essential Question(s): How does knowing the contexts, histories, and traditions of art forms help us create works of art and design? Why do artists follow or break from established traditions? How do artists determine what resources and criteria are needed to formulate artistic
Process Component(s): Imagine, Plan, Make

Performance Standard(s):
Identify and demonstrate diverse methods of artistic investigation to choose an approach for beginning a work of art.
"
CA-VAPA-2019,5.VA:Cr2.1,5,,Visual Arts,,Creating,2: Organize and develop artistic ideas and work,"2.1 Artists and designers experiment with forms, structures, materials, concepts, media, and art-making approaches.",How do artists work? How do artists and designers determine whether a particular direction in their work is effective? How do artists and designers learn from trial and error?,Investigate,Experiment and develop skills in multiple art-making techniques and approaches through practice.,https://www.cde.ca.gov/be/st/ss/index.asp,,"Standard Identifier: 5.VA:Cr2.1
Grade: 5
Discipline: Visual Arts
Artistic Process: CreatingAnchor Standard: 2: Organize and develop artistic ideas and work

Enduring Understanding: 2.1 Artists and designers experiment with forms, structures, materials, concepts, media, and art-making approaches.
Essential Question(s): How do artists work? How do artists and designers determine whether a particular direction in their work is effective? How do artists and designers learn from trial and error?
Process Component(s): Investigate

Performance Standard(s):
Experiment and develop skills in multiple art-making techniques and approaches through practice.
"
CA-VAPA-2019,5.VA:Cr2.2,5,,Visual Arts,,Creating,2: Organize and develop artistic ideas and work,"2.2 Artists and designers balance experimentation and safety, freedom and responsibility while developing and creating artworks.","How do artists and designers care for and maintain materials, tools, and equipment? Why is it important for safety and health to understand and follow correct procedures in handling materials, tools, and equipment? What responsibilities come with the free",Investigate,"Demonstrate quality craftsmanship through care for and use of materials, tools, and equipment.",https://www.cde.ca.gov/be/st/ss/index.asp,,"Standard Identifier: 5.VA:Cr2.2
Grade: 5
Discipline: Visual Arts
Artistic Process: CreatingAnchor Standard: 2: Organize and develop artistic ideas and work

Enduring Understanding: 2.2 Artists and designers balance experimentation and safety, freedom and responsibility while developing and creating artworks.
Essential Question(s): How do artists and designers care for and maintain materials, tools, and equipment? Why is it important for safety and health to understand and follow correct procedures in handling materials, tools, and equipment? What responsibilities come with the free
Process Component(s): Investigate

Performance Standard(s):
Demonstrate quality craftsmanship through care for and use of materials, tools, and equipment.
"
CA-VAPA-2019,5.VA:Cr2.3,5,,Visual Arts,,Creating,2: Organize and develop artistic ideas and work,"2.3 People create and interact with objects, places, and design that define, shape, enhance, and empower their lives.","How do objects, places, and design shape lives and communities? How do artists and designers determine goals for designing or redesigning objects, places, or systems? How do artists and designers create works of art or design that communicate effectively?",Investigate,"Identify, describe, and visually document places and/or objects of personal significance.",https://www.cde.ca.gov/be/st/ss/index.asp,,"Standard Identifier: 5.VA:Cr2.3
Grade: 5
Discipline: Visual Arts
Artistic Process: CreatingAnchor Standard: 2: Organize and develop artistic ideas and work

Enduring Understanding: 2.3 People create and interact with objects, places, and design that define, shape, enhance, and empower their lives.
Essential Question(s): How do objects, places, and design shape lives and communities? How do artists and designers determine goals for designing or redesigning objects, places, or systems? How do artists and designers create works of art or design that communicate effectively?
Process Component(s): Investigate

Performance Standard(s):
Identify, describe, and visually document places and/or objects of personal significance.
"
CA-VAPA-2019,5.VA:Cr3,5,,Visual Arts,,Creating,3: Refine and complete artistic work,"Artists and designers develop excellence through practice and constructive critique to reflect on, revise, and refine work over time.","What role does persistence play in revising, refining, and developing work? How do artists grow and become accomplished in art forms? How does collaboratively reflecting on a work help us experience it more completely?","Reflect, Refine, Revise",Use art vocabulary to describe personal choices in artmaking and in creating artist statements.,https://www.cde.ca.gov/be/st/ss/index.asp,,"Standard Identifier: 5.VA:Cr3
Grade: 5
Discipline: Visual Arts
Artistic Process: CreatingAnchor Standard: 3: Refine and complete artistic work

Enduring Understanding: Artists and designers develop excellence through practice and constructive critique to reflect on, revise, and refine work over time.
Essential Question(s): What role does persistence play in revising, refining, and developing work? How do artists grow and become accomplished in art forms? How does collaboratively reflecting on a work help us experience it more completely?
Process Component(s): Reflect, Refine, Revise

Performance Standard(s):
Use art vocabulary to describe personal choices in artmaking and in creating artist statements.
"
CA-VAPA-2019,5.VA:Pr4,5,,Visual Arts,,Presenting (Visual Arts only),"4. Select, analyze, and interpret artistic work for presentation","Artists and other presenters consider various techniques, methods, venues, and criteria when analyzing, selecting, and curating objects artifacts, and artworks for preservation and presentation.","How are artworks cared for and by whom? What criteria, methods, and processes are used to select work for preservation or presentation? Why do people value objects, artifacts, and artworks, and select them for presentation?","Select, Analyze","Define the roles and responsibilities of a curator, explaining the skills and knowledge needed in preserving, maintaining, and presenting objects, artifacts, and artwork.",https://www.cde.ca.gov/be/st/ss/index.asp,,"Standard Identifier: 5.VA:Pr4
Grade: 5
Discipline: Visual Arts
Artistic Process: Presenting (Visual Arts only)Anchor Standard: 4. Select, analyze, and interpret artistic work for presentation

Enduring Understanding: Artists and other presenters consider various techniques, methods, venues, and criteria when analyzing, selecting, and curating objects artifacts, and artworks for preservation and presentation.
Essential Question(s): How are artworks cared for and by whom? What criteria, methods, and processes are used to select work for preservation or presentation? Why do people value objects, artifacts, and artworks, and select them for presentation?
Process Component(s): Select, Analyze

Performance Standard(s):
Define the roles and responsibilities of a curator, explaining the skills and knowledge needed in preserving, maintaining, and presenting objects, artifacts, and artwork.
"
CA-VAPA-2019,5.VA:Pr5,5,,Visual Arts,,Presenting (Visual Arts only),5: Develop and refine artistic techniques and work for presentation,"Artists, curators and others consider a variety of factors and methods including evolving technologies when preparing and refining artwork for display and or when deciding if and how to preserve and protect it.","What methods, processes and criteria are considered when preparing artwork for presentation, preservation, portfolio, or collection? How does assessing choices for presentation affect its meaning to the viewer?",Prepare,Develop a logical argument for safe and effective use of materials and techniques for preparing and presenting artwork.,https://www.cde.ca.gov/be/st/ss/index.asp,,"Standard Identifier: 5.VA:Pr5
Grade: 5
Discipline: Visual Arts
Artistic Process: Presenting (Visual Arts only)Anchor Standard: 5: Develop and refine artistic techniques and work for presentation

Enduring Understanding: Artists, curators and others consider a variety of factors and methods including evolving technologies when preparing and refining artwork for display and or when deciding if and how to preserve and protect it.
Essential Question(s): What methods, processes and criteria are considered when preparing artwork for presentation, preservation, portfolio, or collection? How does assessing choices for presentation affect its meaning to the viewer?
Process Component(s): Prepare

Performance Standard(s):
Develop a logical argument for safe and effective use of materials and techniques for preparing and presenting artwork.
"
CA-VAPA-2019,5.VA:Pr6,5,,Visual Arts,,Presenting (Visual Arts only),6: Convey meaning through the presentation of artistic work,"Objects, artifacts, and artworks collected, preserved, or presented either by artists, museums, or other venues communicate meaning and a record of social, cultural, and political experiences resulting in the cultivating of appreciation and understanding.","What is an art museum? How does the presenting and sharing of objects, artifacts, and artworks influence and shape ideas, beliefs, and experiences? How do objects, artifacts, and artworks that are collected, preserved, or presented, cultivate appreciation",Present,Cite evidence about how an exhibition in a museum or other venue presents ideas and provides information about a specific concept or topic.,https://www.cde.ca.gov/be/st/ss/index.asp,,"Standard Identifier: 5.VA:Pr6
Grade: 5
Discipline: Visual Arts
Artistic Process: Presenting (Visual Arts only)Anchor Standard: 6: Convey meaning through the presentation of artistic work

Enduring Understanding: Objects, artifacts, and artworks collected, preserved, or presented either by artists, museums, or other venues communicate meaning and a record of social, cultural, and political experiences resulting in the cultivating of appreciation and understanding.
Essential Question(s): What is an art museum? How does the presenting and sharing of objects, artifacts, and artworks influence and shape ideas, beliefs, and experiences? How do objects, artifacts, and artworks that are collected, preserved, or presented, cultivate appreciation
Process Component(s): Present

Performance Standard(s):
Cite evidence about how an exhibition in a museum or other venue presents ideas and provides information about a specific concept or topic.
"
CA-VAPA-2019,5.VA:Re7.1,5,,Visual Arts,,Responding,7: Perceive and analyze artistic work,"7.1 Individual aesthetic and empathetic awareness developed through engagement with art can lead to understanding and appreciation of self, others, the natural world, and constructed environments.",How do life experiences influence the way you relate to art? How does learning about art impact how we perceive the world? What can we learn from our responses to art?,Perceive,Compare one's own interpretation of a work of art with the interpretation of others.,https://www.cde.ca.gov/be/st/ss/index.asp,,"Standard Identifier: 5.VA:Re7.1
Grade: 5
Discipline: Visual Arts
Artistic Process: RespondingAnchor Standard: 7: Perceive and analyze artistic work

Enduring Understanding: 7.1 Individual aesthetic and empathetic awareness developed through engagement with art can lead to understanding and appreciation of self, others, the natural world, and constructed environments.
Essential Question(s): How do life experiences influence the way you relate to art? How does learning about art impact how we perceive the world? What can we learn from our responses to art?
Process Component(s): Perceive

Performance Standard(s):
Compare one's own interpretation of a work of art with the interpretation of others.
"
CA-VAPA-2019,5.VA:Re7.2,5,,Visual Arts,,Responding,7: Perceive and analyze artistic work,7.2 Visual imagery influences understanding of and responses to the world.,What is an image? Where and how do we encounter images in our world? How do images influence our views of the world?,"Perceive, Analyze",Identify and analyze cultural associations suggested by visual imagery.,https://www.cde.ca.gov/be/st/ss/index.asp,,"Standard Identifier: 5.VA:Re7.2
Grade: 5
Discipline: Visual Arts
Artistic Process: RespondingAnchor Standard: 7: Perceive and analyze artistic work

Enduring Understanding: 7.2 Visual imagery influences understanding of and responses to the world.
Essential Question(s): What is an image? Where and how do we encounter images in our world? How do images influence our views of the world?
Process Component(s): Perceive, Analyze

Performance Standard(s):
Identify and analyze cultural associations suggested by visual imagery.
"
CA-VAPA-2019,5.VA:Re8,5,,Visual Arts,,Responding,8: Interpret intent and meaning in artistic work,People gain insights into meanings of artworks by engaging in the process of art criticism.,"What is the value of engaging in the process of art criticism? How can the viewer ""read"" a work of art as text? How does knowing and using visual arts vocabularies help us understand and interpret works of art?",Interpret,"Interpret art by analyzing characteristics of form and structure, contextual information, subject matter, visual elements, and use of media to identify ideas and mood conveyed.",https://www.cde.ca.gov/be/st/ss/index.asp,,"Standard Identifier: 5.VA:Re8
Grade: 5
Discipline: Visual Arts
Artistic Process: RespondingAnchor Standard: 8: Interpret intent and meaning in artistic work

Enduring Understanding: People gain insights into meanings of artworks by engaging in the process of art criticism.
Essential Question(s): What is the value of engaging in the process of art criticism? How can the viewer ""read"" a work of art as text? How does knowing and using visual arts vocabularies help us understand and interpret works of art?
Process Component(s): Interpret

Performance Standard(s):
Interpret art by analyzing characteristics of form and structure, contextual information, subject matter, visual elements, and use of media to identify ideas and mood conveyed.
"
CA-VAPA-2019,5.VA:Re9,5,,Visual Arts,,Responding,9: Apply criteria to evaluate artistic work,People evaluate art based on various criteria.,How does one determine criteria to evaluate a work of art? How and why might criteria vary? How is a personal preference different from an evaluation?,Evaluate,"Recognize differences in criteria used to evaluate works of art depending on styles, genres, and media as well as historical and cultural contexts.",https://www.cde.ca.gov/be/st/ss/index.asp,,"Standard Identifier: 5.VA:Re9
Grade: 5
Discipline: Visual Arts
Artistic Process: RespondingAnchor Standard: 9: Apply criteria to evaluate artistic work

Enduring Understanding: People evaluate art based on various criteria.
Essential Question(s): How does one determine criteria to evaluate a work of art? How and why might criteria vary? How is a personal preference different from an evaluation?
Process Component(s): Evaluate

Performance Standard(s):
Recognize differences in criteria used to evaluate works of art depending on styles, genres, and media as well as historical and cultural contexts.
"
CA-VAPA-2019,5.VA:Cn10,5,,Visual Arts,,Connecting,10: Synthesize and relate knowledge and personal experiences to make art,"Through artmaking, people make meaning by investigating and developing awareness of perceptions, knowledge, and experiences.",How does engaging in creating art enrich people's lives? How does making art attune people to their surroundings? How do people contribute to awareness and understanding of their lives and the lives of their communities through artmaking?,Synthesize,Apply formal and conceptual vocabularies of art and design to view surroundings in new ways through artmaking.,https://www.cde.ca.gov/be/st/ss/index.asp,,"Standard Identifier: 5.VA:Cn10
Grade: 5
Discipline: Visual Arts
Artistic Process: ConnectingAnchor Standard: 10: Synthesize and relate knowledge and personal experiences to make art

Enduring Understanding: Through artmaking, people make meaning by investigating and developing awareness of perceptions, knowledge, and experiences.
Essential Question(s): How does engaging in creating art enrich people's lives? How does making art attune people to their surroundings? How do people contribute to awareness and understanding of their lives and the lives of their communities through artmaking?
Process Component(s): Synthesize

Performance Standard(s):
Apply formal and conceptual vocabularies of art and design to view surroundings in new ways through artmaking.
"
CA-VAPA-2019,5.VA:Cn11,5,,Visual Arts,,Connecting,"11: Relate artistic ideas and works with societal, cultural, and historical context to deepen understanding","People develop ideas and understandings of society, culture, and history through their interactions with and analysis of art.","How does art help us understand the lives of people of different times, places, and cultures? How is art used to impact the views of a society? How does art preserve aspects of life?",Relate,"Identify how art is used to inform or change beliefs, values, or behaviors of an individual or society.",https://www.cde.ca.gov/be/st/ss/index.asp,,"Standard Identifier: 5.VA:Cn11
Grade: 5
Discipline: Visual Arts
Artistic Process: ConnectingAnchor Standard: 11: Relate artistic ideas and works with societal, cultural, and historical context to deepen understanding

Enduring Understanding: People develop ideas and understandings of society, culture, and history through their interactions with and analysis of art.
Essential Question(s): How does art help us understand the lives of people of different times, places, and cultures? How is art used to impact the views of a society? How does art preserve aspects of life?
Process Component(s): Relate

Performance Standard(s):
Identify how art is used to inform or change beliefs, values, or behaviors of an individual or society.
"
